date,nav,scheme_code,scheme_name,fund_house
2012-12-31,23.992,119092,HDFC Money Market Fund - Growth Option - Direct Plan,HDFC Mutual Fund
2013-01-01,23.9979,119092,HDFC Money Market Fund - Growth Option - Direct Plan,HDFC Mutual Fund
2013-01-02,24.0036,119092,HDFC Money Market Fund - Growth Option - Direct Plan,HDFC Mutual Fund
2013-01-03,24.0092,119092,HDFC Money Market Fund - Growth Option - Direct Plan,HDFC Mutual Fund
2013-01-04,24.0147,119092,HDFC Money Market Fund - Growth Option - Direct Plan,HDFC Mutual Fund
2013-01-06,24.0258,119092,HDFC Money Market Fund - Growth Option - Direct Plan,HDFC Mutual Fund
2013-01-07,24.0314,119092,HDFC Money Market Fund - Growth Option - Direct Plan,HDFC Mutual Fund
2013-01-08,24.0369,119092,HDFC Money Market Fund - Growth Option - Direct Plan,HDFC Mutual Fund
2013-01-09,24.0424,119092,HDFC Money Market Fund - Growth Option - Direct Plan,HDFC Mutual Fund
2013-01-10,24.0479,119092,HDFC Money Market Fund - Growth Option - Direct Plan,HDFC Mutual Fund
2013-01-11,24.0534,119092,HDFC Money Market Fund - Growth Option - Direct Plan,HDFC Mutual Fund
2013-01-13,24.0643,119092,HDFC Money Market Fund - Growth Option - Direct Plan,HDFC Mutual Fund
2013-01-14,24.0698,119092,HDFC Money Market Fund - Growth Option - Direct Plan,HDFC Mutual Fund
2013-01-15,24.0754,119092,HDFC Money Market Fund - Growth Option - Direct Plan,HDFC Mutual Fund
2013-01-16,24.0809,119092,HDFC Money Market Fund - Growth Option - Direct Plan,HDFC Mutual Fund
2013-01-17,24.0863,119092,HDFC Money Market Fund - Growth Option - Direct Plan,HDFC Mutual Fund
2013-01-18,24.0918,119092,HDFC Money Market Fund - Growth Option - Direct Plan,HDFC Mutual Fund
2013-01-20,24.1028,119092,HDFC Money Market Fund - Growth Option - Direct Plan,HDFC Mutual Fund
2013-01-21,24.1084,119092,HDFC Money Market Fund - Growth Option - Direct Plan,HDFC Mutual Fund
2013-01-22,24.1139,119092,HDFC Money Market Fund - Growth Option - Direct Plan,HDFC Mutual Fund
2013-01-23,24.1194,119092,HDFC Money Market Fund - Growth Option - Direct Plan,HDFC Mutual Fund
2013-01-24,24.1249,119092,HDFC Money Market Fund - Growth Option - Direct Plan,HDFC Mutual Fund
2013-01-27,24.1413,119092,HDFC Money Market Fund - Growth Option - Direct Plan,HDFC Mutual Fund
2013-01-28,24.1468,119092,HDFC Money Market Fund - Growth Option - Direct Plan,HDFC Mutual Fund
2013-01-29,24.1522,119092,HDFC Money Market Fund - Growth Option - Direct Plan,HDFC Mutual Fund
2013-01-30,24.1577,119092,HDFC Money Market Fund - Growth Option - Direct Plan,HDFC Mutual Fund
2013-01-31,24.1631,119092,HDFC Money Market Fund - Growth Option - Direct Plan,HDFC Mutual Fund
2013-02-01,24.1686,119092,HDFC Money Market Fund - Growth Option - Direct Plan,HDFC Mutual Fund
2013-02-03,24.1795,119092,HDFC Money Market Fund - Growth Option - Direct Plan,HDFC Mutual Fund
2013-02-04,24.1849,119092,HDFC Money Market Fund - Growth Option - Direct Plan,HDFC Mutual Fund
2013-02-05,24.1903,119092,HDFC Money Market Fund - Growth Option - Direct Plan,HDFC Mutual Fund
2013-02-06,24.1959,119092,HDFC Money Market Fund - Growth Option - Direct Plan,HDFC Mutual Fund
2013-02-07,24.2013,119092,HDFC Money Market Fund - Growth Option - Direct Plan,HDFC Mutual Fund
2013-02-08,24.2067,119092,HDFC Money Market Fund - Growth Option - Direct Plan,HDFC Mutual Fund
2013-02-10,24.2174,119092,HDFC Money Market Fund - Growth Option - Direct Plan,HDFC Mutual Fund
2013-02-11,24.223,119092,HDFC Money Market Fund - Growth Option - Direct Plan,HDFC Mutual Fund
2013-02-12,24.2284,119092,HDFC Money Market Fund - Growth Option - Direct Plan,HDFC Mutual Fund
2013-02-13,24.2338,119092,HDFC Money Market Fund - Growth Option - Direct Plan,HDFC Mutual Fund
2013-02-14,24.2392,119092,HDFC Money Market Fund - Growth Option - Direct Plan,HDFC Mutual Fund
2013-02-15,24.2446,119092,HDFC Money Market Fund - Growth Option - Direct Plan,HDFC Mutual Fund
2013-02-17,24.2554,119092,HDFC Money Market Fund - Growth Option - Direct Plan,HDFC Mutual Fund
2013-02-18,24.2609,119092,HDFC Money Market Fund - Growth Option - Direct Plan,HDFC Mutual Fund
2013-02-19,24.2664,119092,HDFC Money Market Fund - Growth Option - Direct Plan,HDFC Mutual Fund
2013-02-20,24.2719,119092,HDFC Money Market Fund - Growth Option - Direct Plan,HDFC Mutual Fund
2013-02-21,24.2773,119092,HDFC Money Market Fund - Growth Option - Direct Plan,HDFC Mutual Fund
2013-02-22,24.2828,119092,HDFC Money Market Fund - Growth Option - Direct Plan,HDFC Mutual Fund
2013-02-24,24.2938,119092,HDFC Money Market Fund - Growth Option - Direct Plan,HDFC Mutual Fund
2013-02-25,24.2993,119092,HDFC Money Market Fund - Growth Option - Direct Plan,HDFC Mutual Fund
2013-02-26,24.3047,119092,HDFC Money Market Fund - Growth Option - Direct Plan,HDFC Mutual Fund
2013-02-27,24.3102,119092,HDFC Money Market Fund - Growth Option - Direct Plan,HDFC Mutual Fund
2013-02-28,24.3157,119092,HDFC Money Market Fund - Growth Option - Direct Plan,HDFC Mutual Fund
2013-03-01,24.3212,119092,HDFC Money Market Fund - Growth Option - Direct Plan,HDFC Mutual Fund
2013-03-03,24.3322,119092,HDFC Money Market Fund - Growth Option - Direct Plan,HDFC Mutual Fund
2013-03-04,24.3377,119092,HDFC Money Market Fund - Growth Option - Direct Plan,HDFC Mutual Fund
2013-03-05,24.3433,119092,HDFC Money Market Fund - Growth Option - Direct Plan,HDFC Mutual Fund
2013-03-06,24.3489,119092,HDFC Money Market Fund - Growth Option - Direct Plan,HDFC Mutual Fund
2013-03-07,24.3546,119092,HDFC Money Market Fund - Growth Option - Direct Plan,HDFC Mutual Fund
2013-03-08,24.3601,119092,HDFC Money Market Fund - Growth Option - Direct Plan,HDFC Mutual Fund
2013-03-10,24.3714,119092,HDFC Money Market Fund - Growth Option - Direct Plan,HDFC Mutual Fund
2013-03-11,24.377,119092,HDFC Money Market Fund - Growth Option - Direct Plan,HDFC Mutual Fund
2013-03-12,24.3827,119092,HDFC Money Market Fund - Growth Option - Direct Plan,HDFC Mutual Fund
2013-03-13,24.3882,119092,HDFC Money Market Fund - Growth Option - Direct Plan,HDFC Mutual Fund
2013-03-14,24.3939,119092,HDFC Money Market Fund - Growth Option - Direct Plan,HDFC Mutual Fund
2013-03-15,24.3995,119092,HDFC Money Market Fund - Growth Option - Direct Plan,HDFC Mutual Fund
2013-03-17,24.4112,119092,HDFC Money Market Fund - Growth Option - Direct Plan,HDFC Mutual Fund
2013-03-18,24.4172,119092,HDFC Money Market Fund - Growth Option - Direct Plan,HDFC Mutual Fund
2013-03-19,24.423,119092,HDFC Money Market Fund - Growth Option - Direct Plan,HDFC Mutual Fund
2013-03-20,24.4287,119092,HDFC Money Market Fund - Growth Option - Direct Plan,HDFC Mutual Fund
2013-03-21,24.4344,119092,HDFC Money Market Fund - Growth Option - Direct Plan,HDFC Mutual Fund
2013-03-22,24.4402,119092,HDFC Money Market Fund - Growth Option - Direct Plan,HDFC Mutual Fund
2013-03-24,24.4518,119092,HDFC Money Market Fund - Growth Option - Direct Plan,HDFC Mutual Fund
2013-03-25,24.4577,119092,HDFC Money Market Fund - Growth Option - Direct Plan,HDFC Mutual Fund
2013-03-26,24.464,119092,HDFC Money Market Fund - Growth Option - Direct Plan,HDFC Mutual Fund
2013-03-27,24.4699,119092,HDFC Money Market Fund - Growth Option - Direct Plan,HDFC Mutual Fund
2013-03-28,24.4795,119092,HDFC Money Market Fund - Growth Option - Direct Plan,HDFC Mutual Fund
2013-04-01,24.5163,119092,HDFC Money Market Fund - Growth Option - Direct Plan,HDFC Mutual Fund
2013-04-02,24.5294,119092,HDFC Money Market Fund - Growth Option - Direct Plan,HDFC Mutual Fund
2013-04-03,24.5363,119092,HDFC Money Market Fund - Growth Option - Direct Plan,HDFC Mutual Fund
2013-04-04,24.5419,119092,HDFC Money Market Fund - Growth Option - Direct Plan,HDFC Mutual Fund
2013-04-05,24.548,119092,HDFC Money Market Fund - Growth Option - Direct Plan,HDFC Mutual Fund
2013-04-07,24.559,119092,HDFC Money Market Fund - Growth Option - Direct Plan,HDFC Mutual Fund
2013-04-08,24.5645,119092,HDFC Money Market Fund - Growth Option - Direct Plan,HDFC Mutual Fund
2013-04-09,24.5702,119092,HDFC Money Market Fund - Growth Option - Direct Plan,HDFC Mutual Fund
2013-04-10,24.5758,119092,HDFC Money Market Fund - Growth Option - Direct Plan,HDFC Mutual Fund
2013-04-11,24.5815,119092,HDFC Money Market Fund - Growth Option - Direct Plan,HDFC Mutual Fund
2013-04-12,24.5872,119092,HDFC Money Market Fund - Growth Option - Direct Plan,HDFC Mutual Fund
2013-04-14,24.5986,119092,HDFC Money Market Fund - Growth Option - Direct Plan,HDFC Mutual Fund
2013-04-15,24.6045,119092,HDFC Money Market Fund - Growth Option - Direct Plan,HDFC Mutual Fund
2013-04-16,24.6103,119092,HDFC Money Market Fund - Growth Option - Direct Plan,HDFC Mutual Fund
2013-04-17,24.6161,119092,HDFC Money Market Fund - Growth Option - Direct Plan,HDFC Mutual Fund
2013-04-18,24.6219,119092,HDFC Money Market Fund - Growth Option - Direct Plan,HDFC Mutual Fund
2013-04-21,24.6392,119092,HDFC Money Market Fund - Growth Option - Direct Plan,HDFC Mutual Fund
2013-04-22,24.645,119092,HDFC Money Market Fund - Growth Option - Direct Plan,HDFC Mutual Fund
2013-04-23,24.6507,119092,HDFC Money Market Fund - Growth Option - Direct Plan,HDFC Mutual Fund
2013-04-24,24.6565,119092,HDFC Money Market Fund - Growth Option - Direct Plan,HDFC Mutual Fund
2013-04-25,24.6623,119092,HDFC Money Market Fund - Growth Option - Direct Plan,HDFC Mutual Fund
2013-04-26,24.6681,119092,HDFC Money Market Fund - Growth Option - Direct Plan,HDFC Mutual Fund
2013-04-28,24.6796,119092,HDFC Money Market Fund - Growth Option - Direct Plan,HDFC Mutual Fund
2013-04-29,24.6855,119092,HDFC Money Market Fund - Growth Option - Direct Plan,HDFC Mutual Fund
2013-04-30,24.6913,119092,HDFC Money Market Fund - Growth Option - Direct Plan,HDFC Mutual Fund
2013-05-01,24.6971,119092,HDFC Money Market Fund - Growth Option - Direct Plan,HDFC Mutual Fund
2013-05-02,24.7029,119092,HDFC Money Market Fund - Growth Option - Direct Plan,HDFC Mutual Fund
2013-05-03,24.7088,119092,HDFC Money Market Fund - Growth Option - Direct Plan,HDFC Mutual Fund
2013-05-05,24.7203,119092,HDFC Money Market Fund - Growth Option - Direct Plan,HDFC Mutual Fund
2013-05-06,24.726,119092,HDFC Money Market Fund - Growth Option - Direct Plan,HDFC Mutual Fund
2013-05-07,24.7318,119092,HDFC Money Market Fund - Growth Option - Direct Plan,HDFC Mutual Fund
2013-05-08,24.7375,119092,HDFC Money Market Fund - Growth Option - Direct Plan,HDFC Mutual Fund
2013-05-09,24.7432,119092,HDFC Money Market Fund - Growth Option - Direct Plan,HDFC Mutual Fund
2013-05-10,24.7491,119092,HDFC Money Market Fund - Growth Option - Direct Plan,HDFC Mutual Fund
2013-05-12,24.7604,119092,HDFC Money Market Fund - Growth Option - Direct Plan,HDFC Mutual Fund
2013-05-13,24.7661,119092,HDFC Money Market Fund - Growth Option - Direct Plan,HDFC Mutual Fund
2013-05-14,24.7718,119092,HDFC Money Market Fund - Growth Option - Direct Plan,HDFC Mutual Fund
2013-05-15,24.7776,119092,HDFC Money Market Fund - Growth Option - Direct Plan,HDFC Mutual Fund
2013-05-16,24.7833,119092,HDFC Money Market Fund - Growth Option - Direct Plan,HDFC Mutual Fund
2013-05-17,24.7891,119092,HDFC Money Market Fund - Growth Option - Direct Plan,HDFC Mutual Fund
2013-05-19,24.8004,119092,HDFC Money Market Fund - Growth Option - Direct Plan,HDFC Mutual Fund
2013-05-20,24.8061,119092,HDFC Money Market Fund - Growth Option - Direct Plan,HDFC Mutual Fund
2013-05-21,24.8118,119092,HDFC Money Market Fund - Growth Option - Direct Plan,HDFC Mutual Fund
2013-05-22,24.8174,119092,HDFC Money Market Fund - Growth Option - Direct Plan,HDFC Mutual Fund
2013-05-23,24.823,119092,HDFC Money Market Fund - Growth Option - Direct Plan,HDFC Mutual Fund
2013-05-24,24.8285,119092,HDFC Money Market Fund - Growth Option - Direct Plan,HDFC Mutual Fund
2013-05-26,24.8398,119092,HDFC Money Market Fund - Growth Option - Direct Plan,HDFC Mutual Fund
2013-05-27,24.8455,119092,HDFC Money Market Fund - Growth Option - Direct Plan,HDFC Mutual Fund
2013-05-28,24.8511,119092,HDFC Money Market Fund - Growth Option - Direct Plan,HDFC Mutual Fund
2013-05-29,24.8568,119092,HDFC Money Market Fund - Growth Option - Direct Plan,HDFC Mutual Fund
2013-05-30,24.8624,119092,HDFC Money Market Fund - Growth Option - Direct Plan,HDFC Mutual Fund
2013-05-31,24.8679,119092,HDFC Money Market Fund - Growth Option - Direct Plan,HDFC Mutual Fund
2013-06-02,24.8791,119092,HDFC Money Market Fund - Growth Option - Direct Plan,HDFC Mutual Fund
2013-06-03,24.8847,119092,HDFC Money Market Fund - Growth Option - Direct Plan,HDFC Mutual Fund
2013-06-04,24.8903,119092,HDFC Money Market Fund - Growth Option - Direct Plan,HDFC Mutual Fund
2013-06-05,24.8958,119092,HDFC Money Market Fund - Growth Option - Direct Plan,HDFC Mutual Fund
2013-06-06,24.9014,119092,HDFC Money Market Fund - Growth Option - Direct Plan,HDFC Mutual Fund
2013-06-07,24.907,119092,HDFC Money Market Fund - Growth Option - Direct Plan,HDFC Mutual Fund
2013-06-09,24.9182,119092,HDFC Money Market Fund - Growth Option - Direct Plan,HDFC Mutual Fund
2013-06-10,24.9237,119092,HDFC Money Market Fund - Growth Option - Direct Plan,HDFC Mutual Fund
2013-06-11,24.9292,119092,HDFC Money Market Fund - Growth Option - Direct Plan,HDFC Mutual Fund
2013-06-12,24.9347,119092,HDFC Money Market Fund - Growth Option - Direct Plan,HDFC Mutual Fund
2013-06-13,24.9402,119092,HDFC Money Market Fund - Growth Option - Direct Plan,HDFC Mutual Fund
2013-06-14,24.9455,119092,HDFC Money Market Fund - Growth Option - Direct Plan,HDFC Mutual Fund
2013-06-16,24.9567,119092,HDFC Money Market Fund - Growth Option - Direct Plan,HDFC Mutual Fund
2013-06-17,24.9622,119092,HDFC Money Market Fund - Growth Option - Direct Plan,HDFC Mutual Fund
2013-06-18,24.9678,119092,HDFC Money Market Fund - Growth Option - Direct Plan,HDFC Mutual Fund
2013-06-19,24.9733,119092,HDFC Money Market Fund - Growth Option - Direct Plan,HDFC Mutual Fund
2013-06-20,24.9788,119092,HDFC Money Market Fund - Growth Option - Direct Plan,HDFC Mutual Fund
2013-06-21,24.9844,119092,HDFC Money Market Fund - Growth Option - Direct Plan,HDFC Mutual Fund
2013-06-23,24.9955,119092,HDFC Money Market Fund - Growth Option - Direct Plan,HDFC Mutual Fund
2013-06-24,25.0009,119092,HDFC Money Market Fund - Growth Option - Direct Plan,HDFC Mutual Fund
2013-06-25,25.0065,119092,HDFC Money Market Fund - Growth Option - Direct Plan,HDFC Mutual Fund
2013-06-26,25.0121,119092,HDFC Money Market Fund - Growth Option - Direct Plan,HDFC Mutual Fund
2013-06-27,25.0177,119092,HDFC Money Market Fund - Growth Option - Direct Plan,HDFC Mutual Fund
2013-06-28,25.0257,119092,HDFC Money Market Fund - Growth Option - Direct Plan,HDFC Mutual Fund
2013-07-01,25.0444,119092,HDFC Money Market Fund - Growth Option - Direct Plan,HDFC Mutual Fund
2013-07-02,25.0506,119092,HDFC Money Market Fund - Growth Option - Direct Plan,HDFC Mutual Fund
2013-07-03,25.0562,119092,HDFC Money Market Fund - Growth Option - Direct Plan,HDFC Mutual Fund
2013-07-04,25.0619,119092,HDFC Money Market Fund - Growth Option - Direct Plan,HDFC Mutual Fund
2013-07-05,25.0681,119092,HDFC Money Market Fund - Growth Option - Direct Plan,HDFC Mutual Fund
2013-07-07,25.0783,119092,HDFC Money Market Fund - Growth Option - Direct Plan,HDFC Mutual Fund
2013-07-08,25.0838,119092,HDFC Money Market Fund - Growth Option - Direct Plan,HDFC Mutual Fund
2013-07-09,25.0893,119092,HDFC Money Market Fund - Growth Option - Direct Plan,HDFC Mutual Fund
2013-07-10,25.0948,119092,HDFC Money Market Fund - Growth Option - Direct Plan,HDFC Mutual Fund
2013-07-11,25.1004,119092,HDFC Money Market Fund - Growth Option - Direct Plan,HDFC Mutual Fund
2013-07-12,25.1064,119092,HDFC Money Market Fund - Growth Option - Direct Plan,HDFC Mutual Fund
2013-07-14,25.117,119092,HDFC Money Market Fund - Growth Option - Direct Plan,HDFC Mutual Fund
2013-07-15,25.1225,119092,HDFC Money Market Fund - Growth Option - Direct Plan,HDFC Mutual Fund
2013-07-16,25.0654,119092,HDFC Money Market Fund - Growth Option - Direct Plan,HDFC Mutual Fund
2013-07-17,25.0747,119092,HDFC Money Market Fund - Growth Option - Direct Plan,HDFC Mutual Fund
2013-07-18,25.0859,119092,HDFC Money Market Fund - Growth Option - Direct Plan,HDFC Mutual Fund
2013-07-19,25.0951,119092,HDFC Money Market Fund - Growth Option - Direct Plan,HDFC Mutual Fund
2013-07-21,25.1088,119092,HDFC Money Market Fund - Growth Option - Direct Plan,HDFC Mutual Fund
2013-07-22,25.1157,119092,HDFC Money Market Fund - Growth Option - Direct Plan,HDFC Mutual Fund
2013-07-23,25.12,119092,HDFC Money Market Fund - Growth Option - Direct Plan,HDFC Mutual Fund
2013-07-24,25.0935,119092,HDFC Money Market Fund - Growth Option - Direct Plan,HDFC Mutual Fund
2013-07-25,25.1012,119092,HDFC Money Market Fund - Growth Option - Direct Plan,HDFC Mutual Fund
2013-07-26,25.109,119092,HDFC Money Market Fund - Growth Option - Direct Plan,HDFC Mutual Fund
2013-07-28,25.1236,119092,HDFC Money Market Fund - Growth Option - Direct Plan,HDFC Mutual Fund
2013-07-29,25.131,119092,HDFC Money Market Fund - Growth Option - Direct Plan,HDFC Mutual Fund
2013-07-30,25.1385,119092,HDFC Money Market Fund - Growth Option - Direct Plan,HDFC Mutual Fund
2013-07-31,25.146,119092,HDFC Money Market Fund - Growth Option - Direct Plan,HDFC Mutual Fund
2013-08-01,25.1536,119092,HDFC Money Market Fund - Growth Option - Direct Plan,HDFC Mutual Fund
2013-08-02,25.1607,119092,HDFC Money Market Fund - Growth Option - Direct Plan,HDFC Mutual Fund
2013-08-04,25.1748,119092,HDFC Money Market Fund - Growth Option - Direct Plan,HDFC Mutual Fund
2013-08-05,25.1832,119092,HDFC Money Market Fund - Growth Option - Direct Plan,HDFC Mutual Fund
2013-08-06,25.1904,119092,HDFC Money Market Fund - Growth Option - Direct Plan,HDFC Mutual Fund
2013-08-07,25.1974,119092,HDFC Money Market Fund - Growth Option - Direct Plan,HDFC Mutual Fund
2013-08-08,25.2051,119092,HDFC Money Market Fund - Growth Option - Direct Plan,HDFC Mutual Fund
2013-08-11,25.2278,119092,HDFC Money Market Fund - Growth Option - Direct Plan,HDFC Mutual Fund
2013-08-12,25.2342,119092,HDFC Money Market Fund - Growth Option - Direct Plan,HDFC Mutual Fund
2013-08-13,25.2414,119092,HDFC Money Market Fund - Growth Option - Direct Plan,HDFC Mutual Fund
2013-08-14,25.2486,119092,HDFC Money Market Fund - Growth Option - Direct Plan,HDFC Mutual Fund
2013-08-15,25.2559,119092,HDFC Money Market Fund - Growth Option - Direct Plan,HDFC Mutual Fund
2013-08-16,25.263,119092,HDFC Money Market Fund - Growth Option - Direct Plan,HDFC Mutual Fund
2013-08-18,25.2777,119092,HDFC Money Market Fund - Growth Option - Direct Plan,HDFC Mutual Fund
2013-08-19,25.2847,119092,HDFC Money Market Fund - Growth Option - Direct Plan,HDFC Mutual Fund
2013-08-20,25.2918,119092,HDFC Money Market Fund - Growth Option - Direct Plan,HDFC Mutual Fund
2013-08-21,25.2993,119092,HDFC Money Market Fund - Growth Option - Direct Plan,HDFC Mutual Fund
2013-08-22,25.3066,119092,HDFC Money Market Fund - Growth Option - Direct Plan,HDFC Mutual Fund
2013-08-23,25.3141,119092,HDFC Money Market Fund - Growth Option - Direct Plan,HDFC Mutual Fund
2013-08-25,25.3289,119092,HDFC Money Market Fund - Growth Option - Direct Plan,HDFC Mutual Fund
2013-08-26,25.3361,119092,HDFC Money Market Fund - Growth Option - Direct Plan,HDFC Mutual Fund
2013-08-27,25.3433,119092,HDFC Money Market Fund - Growth Option - Direct Plan,HDFC Mutual Fund
2013-08-28,25.3507,119092,HDFC Money Market Fund - Growth Option - Direct Plan,HDFC Mutual Fund
2013-08-29,25.3581,119092,HDFC Money Market Fund - Growth Option - Direct Plan,HDFC Mutual Fund
2013-08-30,25.3659,119092,HDFC Money Market Fund - Growth Option - Direct Plan,HDFC Mutual Fund
2013-09-01,25.3804,119092,HDFC Money Market Fund - Growth Option - Direct Plan,HDFC Mutual Fund
2013-09-02,25.3877,119092,HDFC Money Market Fund - Growth Option - Direct Plan,HDFC Mutual Fund
2013-09-03,25.3949,119092,HDFC Money Market Fund - Growth Option - Direct Plan,HDFC Mutual Fund
2013-09-04,25.403,119092,HDFC Money Market Fund - Growth Option - Direct Plan,HDFC Mutual Fund
2013-09-05,25.4121,119092,HDFC Money Market Fund - Growth Option - Direct Plan,HDFC Mutual Fund
2013-09-06,25.4198,119092,HDFC Money Market Fund - Growth Option - Direct Plan,HDFC Mutual Fund
2013-09-09,25.4408,119092,HDFC Money Market Fund - Growth Option - Direct Plan,HDFC Mutual Fund
2013-09-10,25.4483,119092,HDFC Money Market Fund - Growth Option - Direct Plan,HDFC Mutual Fund
2013-09-11,25.4558,119092,HDFC Money Market Fund - Growth Option - Direct Plan,HDFC Mutual Fund
2013-09-12,25.4632,119092,HDFC Money Market Fund - Growth Option - Direct Plan,HDFC Mutual Fund
2013-09-13,25.4707,119092,HDFC Money Market Fund - Growth Option - Direct Plan,HDFC Mutual Fund
2013-09-15,25.4852,119092,HDFC Money Market Fund - Growth Option - Direct Plan,HDFC Mutual Fund
2013-09-16,25.4927,119092,HDFC Money Market Fund - Growth Option - Direct Plan,HDFC Mutual Fund
2013-09-17,25.5003,119092,HDFC Money Market Fund - Growth Option - Direct Plan,HDFC Mutual Fund
2013-09-18,25.5079,119092,HDFC Money Market Fund - Growth Option - Direct Plan,HDFC Mutual Fund
2013-09-19,25.5168,119092,HDFC Money Market Fund - Growth Option - Direct Plan,HDFC Mutual Fund
2013-09-20,25.5251,119092,HDFC Money Market Fund - Growth Option - Direct Plan,HDFC Mutual Fund
2013-09-22,25.5398,119092,HDFC Money Market Fund - Growth Option - Direct Plan,HDFC Mutual Fund
2013-09-23,25.5472,119092,HDFC Money Market Fund - Growth Option - Direct Plan,HDFC Mutual Fund
2013-09-24,25.5544,119092,HDFC Money Market Fund - Growth Option - Direct Plan,HDFC Mutual Fund
2013-09-25,25.5616,119092,HDFC Money Market Fund - Growth Option - Direct Plan,HDFC Mutual Fund
2013-09-26,25.5691,119092,HDFC Money Market Fund - Growth Option - Direct Plan,HDFC Mutual Fund
2013-09-27,25.5767,119092,HDFC Money Market Fund - Growth Option - Direct Plan,HDFC Mutual Fund
2013-09-29,25.5911,119092,HDFC Money Market Fund - Growth Option - Direct Plan,HDFC Mutual Fund
2013-09-30,25.5987,119092,HDFC Money Market Fund - Growth Option - Direct Plan,HDFC Mutual Fund
2013-10-01,25.6067,119092,HDFC Money Market Fund - Growth Option - Direct Plan,HDFC Mutual Fund
2013-10-02,25.6141,119092,HDFC Money Market Fund - Growth Option - Direct Plan,HDFC Mutual Fund
2013-10-03,25.6214,119092,HDFC Money Market Fund - Growth Option - Direct Plan,HDFC Mutual Fund
2013-10-04,25.629,119092,HDFC Money Market Fund - Growth Option - Direct Plan,HDFC Mutual Fund
2013-10-06,25.6434,119092,HDFC Money Market Fund - Growth Option - Direct Plan,HDFC Mutual Fund
2013-10-07,25.6508,119092,HDFC Money Market Fund - Growth Option - Direct Plan,HDFC Mutual Fund
2013-10-08,25.6587,119092,HDFC Money Market Fund - Growth Option - Direct Plan,HDFC Mutual Fund
2013-10-09,25.6659,119092,HDFC Money Market Fund - Growth Option - Direct Plan,HDFC Mutual Fund
2013-10-10,25.673,119092,HDFC Money Market Fund - Growth Option - Direct Plan,HDFC Mutual Fund
2013-10-11,25.6801,119092,HDFC Money Market Fund - Growth Option - Direct Plan,HDFC Mutual Fund
2013-10-13,25.694,119092,HDFC Money Market Fund - Growth Option - Direct Plan,HDFC Mutual Fund
2013-10-14,25.7011,119092,HDFC Money Market Fund - Growth Option - Direct Plan,HDFC Mutual Fund
2013-10-15,25.7083,119092,HDFC Money Market Fund - Growth Option - Direct Plan,HDFC Mutual Fund
2013-10-16,25.7154,119092,HDFC Money Market Fund - Growth Option - Direct Plan,HDFC Mutual Fund
2013-10-17,25.7225,119092,HDFC Money Market Fund - Growth Option - Direct Plan,HDFC Mutual Fund
2013-10-18,25.7294,119092,HDFC Money Market Fund - Growth Option - Direct Plan,HDFC Mutual Fund
2013-10-20,25.743,119092,HDFC Money Market Fund - Growth Option - Direct Plan,HDFC Mutual Fund
2013-10-21,25.75,119092,HDFC Money Market Fund - Growth Option - Direct Plan,HDFC Mutual Fund
2013-10-22,25.757,119092,HDFC Money Market Fund - Growth Option - Direct Plan,HDFC Mutual Fund
2013-10-23,25.764,119092,HDFC Money Market Fund - Growth Option - Direct Plan,HDFC Mutual Fund
2013-10-24,25.771,119092,HDFC Money Market Fund - Growth Option - Direct Plan,HDFC Mutual Fund
2013-10-25,25.7779,119092,HDFC Money Market Fund - Growth Option - Direct Plan,HDFC Mutual Fund
2013-10-27,25.7917,119092,HDFC Money Market Fund - Growth Option - Direct Plan,HDFC Mutual Fund
2013-10-28,25.7986,119092,HDFC Money Market Fund - Growth Option - Direct Plan,HDFC Mutual Fund
2013-10-29,25.8056,119092,HDFC Money Market Fund - Growth Option - Direct Plan,HDFC Mutual Fund
2013-10-30,25.8127,119092,HDFC Money Market Fund - Growth Option - Direct Plan,HDFC Mutual Fund
2013-10-31,25.8195,119092,HDFC Money Market Fund - Growth Option - Direct Plan,HDFC Mutual Fund
2013-11-01,25.8264,119092,HDFC Money Market Fund - Growth Option - Direct Plan,HDFC Mutual Fund
2013-11-04,25.8466,119092,HDFC Money Market Fund - Growth Option - Direct Plan,HDFC Mutual Fund
2013-11-05,25.8532,119092,HDFC Money Market Fund - Growth Option - Direct Plan,HDFC Mutual Fund
2013-11-06,25.8599,119092,HDFC Money Market Fund - Growth Option - Direct Plan,HDFC Mutual Fund
2013-11-07,25.8666,119092,HDFC Money Market Fund - Growth Option - Direct Plan,HDFC Mutual Fund
2013-11-08,25.8733,119092,HDFC Money Market Fund - Growth Option - Direct Plan,HDFC Mutual Fund
2013-11-10,25.8867,119092,HDFC Money Market Fund - Growth Option - Direct Plan,HDFC Mutual Fund
2013-11-11,25.8933,119092,HDFC Money Market Fund - Growth Option - Direct Plan,HDFC Mutual Fund
2013-11-12,25.8999,119092,HDFC Money Market Fund - Growth Option - Direct Plan,HDFC Mutual Fund
2013-11-13,25.9068,119092,HDFC Money Market Fund - Growth Option - Direct Plan,HDFC Mutual Fund
2013-11-14,25.9133,119092,HDFC Money Market Fund - Growth Option - Direct Plan,HDFC Mutual Fund
2013-11-17,25.9329,119092,HDFC Money Market Fund - Growth Option - Direct Plan,HDFC Mutual Fund
2013-11-18,25.9394,119092,HDFC Money Market Fund - Growth Option - Direct Plan,HDFC Mutual Fund
2013-11-19,25.946,119092,HDFC Money Market Fund - Growth Option - Direct Plan,HDFC Mutual Fund
2013-11-20,25.9525,119092,HDFC Money Market Fund - Growth Option - Direct Plan,HDFC Mutual Fund
2013-11-21,25.9591,119092,HDFC Money Market Fund - Growth Option - Direct Plan,HDFC Mutual Fund
2013-11-22,25.9656,119092,HDFC Money Market Fund - Growth Option - Direct Plan,HDFC Mutual Fund
2013-11-24,25.9785,119092,HDFC Money Market Fund - Growth Option - Direct Plan,HDFC Mutual Fund
2013-11-25,25.985,119092,HDFC Money Market Fund - Growth Option - Direct Plan,HDFC Mutual Fund
2013-11-26,25.9914,119092,HDFC Money Market Fund - Growth Option - Direct Plan,HDFC Mutual Fund
2013-11-27,25.9979,119092,HDFC Money Market Fund - Growth Option - Direct Plan,HDFC Mutual Fund
2013-11-28,26.0044,119092,HDFC Money Market Fund - Growth Option - Direct Plan,HDFC Mutual Fund
2013-11-29,26.0108,119092,HDFC Money Market Fund - Growth Option - Direct Plan,HDFC Mutual Fund
2013-12-01,26.0236,119092,HDFC Money Market Fund - Growth Option - Direct Plan,HDFC Mutual Fund
2013-12-02,26.03,119092,HDFC Money Market Fund - Growth Option - Direct Plan,HDFC Mutual Fund
2013-12-03,26.0368,119092,HDFC Money Market Fund - Growth Option - Direct Plan,HDFC Mutual Fund
2013-12-04,26.0431,119092,HDFC Money Market Fund - Growth Option - Direct Plan,HDFC Mutual Fund
2013-12-05,26.0494,119092,HDFC Money Market Fund - Growth Option - Direct Plan,HDFC Mutual Fund
2013-12-06,26.0558,119092,HDFC Money Market Fund - Growth Option - Direct Plan,HDFC Mutual Fund
2013-12-08,26.0686,119092,HDFC Money Market Fund - Growth Option - Direct Plan,HDFC Mutual Fund
2013-12-09,26.0751,119092,HDFC Money Market Fund - Growth Option - Direct Plan,HDFC Mutual Fund
2013-12-10,26.0815,119092,HDFC Money Market Fund - Growth Option - Direct Plan,HDFC Mutual Fund
2013-12-11,26.0879,119092,HDFC Money Market Fund - Growth Option - Direct Plan,HDFC Mutual Fund
2013-12-12,26.0942,119092,HDFC Money Market Fund - Growth Option - Direct Plan,HDFC Mutual Fund
2013-12-13,26.1007,119092,HDFC Money Market Fund - Growth Option - Direct Plan,HDFC Mutual Fund
2013-12-15,26.1136,119092,HDFC Money Market Fund - Growth Option - Direct Plan,HDFC Mutual Fund
2013-12-16,26.1199,119092,HDFC Money Market Fund - Growth Option - Direct Plan,HDFC Mutual Fund
2013-12-17,26.1264,119092,HDFC Money Market Fund - Growth Option - Direct Plan,HDFC Mutual Fund
2013-12-18,26.1328,119092,HDFC Money Market Fund - Growth Option - Direct Plan,HDFC Mutual Fund
2013-12-19,26.1391,119092,HDFC Money Market Fund - Growth Option - Direct Plan,HDFC Mutual Fund
2013-12-20,26.1455,119092,HDFC Money Market Fund - Growth Option - Direct Plan,HDFC Mutual Fund
2013-12-22,26.1582,119092,HDFC Money Market Fund - Growth Option - Direct Plan,HDFC Mutual Fund
2013-12-23,26.1645,119092,HDFC Money Market Fund - Growth Option - Direct Plan,HDFC Mutual Fund
2013-12-24,26.1709,119092,HDFC Money Market Fund - Growth Option - Direct Plan,HDFC Mutual Fund
2013-12-25,26.1774,119092,HDFC Money Market Fund - Growth Option - Direct Plan,HDFC Mutual Fund
2013-12-26,26.1837,119092,HDFC Money Market Fund - Growth Option - Direct Plan,HDFC Mutual Fund
2013-12-27,26.19,119092,HDFC Money Market Fund - Growth Option - Direct Plan,HDFC Mutual Fund
2013-12-29,26.2029,119092,HDFC Money Market Fund - Growth Option - Direct Plan,HDFC Mutual Fund
2013-12-30,26.2093,119092,HDFC Money Market Fund - Growth Option - Direct Plan,HDFC Mutual Fund
2013-12-31,26.2169,119092,HDFC Money Market Fund - Growth Option - Direct Plan,HDFC Mutual Fund
2014-01-01,26.2235,119092,HDFC Money Market Fund - Growth Option - Direct Plan,HDFC Mutual Fund
2014-01-02,26.2298,119092,HDFC Money Market Fund - Growth Option - Direct Plan,HDFC Mutual Fund
2014-01-03,26.2362,119092,HDFC Money Market Fund - Growth Option - Direct Plan,HDFC Mutual Fund
2014-01-05,26.2489,119092,HDFC Money Market Fund - Growth Option - Direct Plan,HDFC Mutual Fund
2014-01-06,26.2553,119092,HDFC Money Market Fund - Growth Option - Direct Plan,HDFC Mutual Fund
2014-01-07,26.2617,119092,HDFC Money Market Fund - Growth Option - Direct Plan,HDFC Mutual Fund
2014-01-08,26.2681,119092,HDFC Money Market Fund - Growth Option - Direct Plan,HDFC Mutual Fund
2014-01-09,26.2744,119092,HDFC Money Market Fund - Growth Option - Direct Plan,HDFC Mutual Fund
2014-01-10,26.2807,119092,HDFC Money Market Fund - Growth Option - Direct Plan,HDFC Mutual Fund
2014-01-12,26.2934,119092,HDFC Money Market Fund - Growth Option - Direct Plan,HDFC Mutual Fund
2014-01-13,26.2998,119092,HDFC Money Market Fund - Growth Option - Direct Plan,HDFC Mutual Fund
2014-01-14,26.3061,119092,HDFC Money Market Fund - Growth Option - Direct Plan,HDFC Mutual Fund
2014-01-15,26.3125,119092,HDFC Money Market Fund - Growth Option - Direct Plan,HDFC Mutual Fund
2014-01-16,26.3189,119092,HDFC Money Market Fund - Growth Option - Direct Plan,HDFC Mutual Fund
2014-01-17,26.3252,119092,HDFC Money Market Fund - Growth Option - Direct Plan,HDFC Mutual Fund
2014-01-19,26.3379,119092,HDFC Money Market Fund - Growth Option - Direct Plan,HDFC Mutual Fund
2014-01-20,26.3443,119092,HDFC Money Market Fund - Growth Option - Direct Plan,HDFC Mutual Fund
2014-01-21,26.3506,119092,HDFC Money Market Fund - Growth Option - Direct Plan,HDFC Mutual Fund
2014-01-22,26.357,119092,HDFC Money Market Fund - Growth Option - Direct Plan,HDFC Mutual Fund
2014-01-23,26.3633,119092,HDFC Money Market Fund - Growth Option - Direct Plan,HDFC Mutual Fund
2014-01-24,26.3696,119092,HDFC Money Market Fund - Growth Option - Direct Plan,HDFC Mutual Fund
2014-01-26,26.3823,119092,HDFC Money Market Fund - Growth Option - Direct Plan,HDFC Mutual Fund
2014-01-27,26.3887,119092,HDFC Money Market Fund - Growth Option - Direct Plan,HDFC Mutual Fund
2014-01-28,26.3949,119092,HDFC Money Market Fund - Growth Option - Direct Plan,HDFC Mutual Fund
2014-01-29,26.4011,119092,HDFC Money Market Fund - Growth Option - Direct Plan,HDFC Mutual Fund
2014-01-30,26.4072,119092,HDFC Money Market Fund - Growth Option - Direct Plan,HDFC Mutual Fund
2014-01-31,26.4134,119092,HDFC Money Market Fund - Growth Option - Direct Plan,HDFC Mutual Fund
2014-02-02,26.4258,119092,HDFC Money Market Fund - Growth Option - Direct Plan,HDFC Mutual Fund
2014-02-03,26.4319,119092,HDFC Money Market Fund - Growth Option - Direct Plan,HDFC Mutual Fund
2014-02-04,26.4381,119092,HDFC Money Market Fund - Growth Option - Direct Plan,HDFC Mutual Fund
2014-02-05,26.4443,119092,HDFC Money Market Fund - Growth Option - Direct Plan,HDFC Mutual Fund
2014-02-06,26.4505,119092,HDFC Money Market Fund - Growth Option - Direct Plan,HDFC Mutual Fund
2014-02-07,26.4568,119092,HDFC Money Market Fund - Growth Option - Direct Plan,HDFC Mutual Fund
2014-02-09,26.4692,119092,HDFC Money Market Fund - Growth Option - Direct Plan,HDFC Mutual Fund
2014-02-10,26.4754,119092,HDFC Money Market Fund - Growth Option - Direct Plan,HDFC Mutual Fund
2014-02-11,26.4816,119092,HDFC Money Market Fund - Growth Option - Direct Plan,HDFC Mutual Fund
2014-02-12,26.4878,119092,HDFC Money Market Fund - Growth Option - Direct Plan,HDFC Mutual Fund
2014-02-13,26.494,119092,HDFC Money Market Fund - Growth Option - Direct Plan,HDFC Mutual Fund
2014-02-14,26.5002,119092,HDFC Money Market Fund - Growth Option - Direct Plan,HDFC Mutual Fund
2014-02-16,26.5127,119092,HDFC Money Market Fund - Growth Option - Direct Plan,HDFC Mutual Fund
2014-02-17,26.5189,119092,HDFC Money Market Fund - Growth Option - Direct Plan,HDFC Mutual Fund
2014-02-18,26.5252,119092,HDFC Money Market Fund - Growth Option - Direct Plan,HDFC Mutual Fund
2014-02-19,26.5314,119092,HDFC Money Market Fund - Growth Option - Direct Plan,HDFC Mutual Fund
2014-02-20,26.5376,119092,HDFC Money Market Fund - Growth Option - Direct Plan,HDFC Mutual Fund
2014-02-21,26.5438,119092,HDFC Money Market Fund - Growth Option - Direct Plan,HDFC Mutual Fund
2014-02-23,26.5563,119092,HDFC Money Market Fund - Growth Option - Direct Plan,HDFC Mutual Fund
2014-02-24,26.5625,119092,HDFC Money Market Fund - Growth Option - Direct Plan,HDFC Mutual Fund
2014-02-25,26.569,119092,HDFC Money Market Fund - Growth Option - Direct Plan,HDFC Mutual Fund
2014-02-26,26.5753,119092,HDFC Money Market Fund - Growth Option - Direct Plan,HDFC Mutual Fund
2014-02-27,26.5816,119092,HDFC Money Market Fund - Growth Option - Direct Plan,HDFC Mutual Fund
2014-02-28,26.5879,119092,HDFC Money Market Fund - Growth Option - Direct Plan,HDFC Mutual Fund
2014-03-02,26.6005,119092,HDFC Money Market Fund - Growth Option - Direct Plan,HDFC Mutual Fund
2014-03-03,26.6068,119092,HDFC Money Market Fund - Growth Option - Direct Plan,HDFC Mutual Fund
2014-03-04,26.6132,119092,HDFC Money Market Fund - Growth Option - Direct Plan,HDFC Mutual Fund
2014-03-05,26.6196,119092,HDFC Money Market Fund - Growth Option - Direct Plan,HDFC Mutual Fund
2014-03-06,26.626,119092,HDFC Money Market Fund - Growth Option - Direct Plan,HDFC Mutual Fund
2014-03-07,26.6326,119092,HDFC Money Market Fund - Growth Option - Direct Plan,HDFC Mutual Fund
2014-03-09,26.6458,119092,HDFC Money Market Fund - Growth Option - Direct Plan,HDFC Mutual Fund
2014-03-10,26.6523,119092,HDFC Money Market Fund - Growth Option - Direct Plan,HDFC Mutual Fund
2014-03-11,26.6589,119092,HDFC Money Market Fund - Growth Option - Direct Plan,HDFC Mutual Fund
2014-03-12,26.6656,119092,HDFC Money Market Fund - Growth Option - Direct Plan,HDFC Mutual Fund
2014-03-13,26.6724,119092,HDFC Money Market Fund - Growth Option - Direct Plan,HDFC Mutual Fund
2014-03-14,26.6792,119092,HDFC Money Market Fund - Growth Option - Direct Plan,HDFC Mutual Fund
2014-03-17,26.6993,119092,HDFC Money Market Fund - Growth Option - Direct Plan,HDFC Mutual Fund
2014-03-18,26.7062,119092,HDFC Money Market Fund - Growth Option - Direct Plan,HDFC Mutual Fund
2014-03-19,26.7131,119092,HDFC Money Market Fund - Growth Option - Direct Plan,HDFC Mutual Fund
2014-03-20,26.7201,119092,HDFC Money Market Fund - Growth Option - Direct Plan,HDFC Mutual Fund
2014-03-21,26.727,119092,HDFC Money Market Fund - Growth Option - Direct Plan,HDFC Mutual Fund
2014-03-23,26.7409,119092,HDFC Money Market Fund - Growth Option - Direct Plan,HDFC Mutual Fund
2014-03-24,26.7484,119092,HDFC Money Market Fund - Growth Option - Direct Plan,HDFC Mutual Fund
2014-03-25,26.7554,119092,HDFC Money Market Fund - Growth Option - Direct Plan,HDFC Mutual Fund
2014-03-26,26.7624,119092,HDFC Money Market Fund - Growth Option - Direct Plan,HDFC Mutual Fund
2014-03-27,26.7694,119092,HDFC Money Market Fund - Growth Option - Direct Plan,HDFC Mutual Fund
2014-03-28,26.7777,119092,HDFC Money Market Fund - Growth Option - Direct Plan,HDFC Mutual Fund
2014-03-31,26.805,119092,HDFC Money Market Fund - Growth Option - Direct Plan,HDFC Mutual Fund
2014-04-01,26.8131,119092,HDFC Money Market Fund - Growth Option - Direct Plan,HDFC Mutual Fund
2014-04-02,26.8201,119092,HDFC Money Market Fund - Growth Option - Direct Plan,HDFC Mutual Fund
2014-04-03,26.8272,119092,HDFC Money Market Fund - Growth Option - Direct Plan,HDFC Mutual Fund
2014-04-04,26.8337,119092,HDFC Money Market Fund - Growth Option - Direct Plan,HDFC Mutual Fund
2014-04-06,26.8477,119092,HDFC Money Market Fund - Growth Option - Direct Plan,HDFC Mutual Fund
2014-04-07,26.8542,119092,HDFC Money Market Fund - Growth Option - Direct Plan,HDFC Mutual Fund
2014-04-08,26.8612,119092,HDFC Money Market Fund - Growth Option - Direct Plan,HDFC Mutual Fund
2014-04-09,26.8678,119092,HDFC Money Market Fund - Growth Option - Direct Plan,HDFC Mutual Fund
2014-04-10,26.8747,119092,HDFC Money Market Fund - Growth Option - Direct Plan,HDFC Mutual Fund
2014-04-11,26.8814,119092,HDFC Money Market Fund - Growth Option - Direct Plan,HDFC Mutual Fund
2014-04-14,26.9019,119092,HDFC Money Market Fund - Growth Option - Direct Plan,HDFC Mutual Fund
2014-04-15,26.9086,119092,HDFC Money Market Fund - Growth Option - Direct Plan,HDFC Mutual Fund
2014-04-16,26.9154,119092,HDFC Money Market Fund - Growth Option - Direct Plan,HDFC Mutual Fund
2014-04-17,26.9221,119092,HDFC Money Market Fund - Growth Option - Direct Plan,HDFC Mutual Fund
2014-04-20,26.9423,119092,HDFC Money Market Fund - Growth Option - Direct Plan,HDFC Mutual Fund
2014-04-21,26.949,119092,HDFC Money Market Fund - Growth Option - Direct Plan,HDFC Mutual Fund
2014-04-22,26.9557,119092,HDFC Money Market Fund - Growth Option - Direct Plan,HDFC Mutual Fund
2014-04-23,26.9624,119092,HDFC Money Market Fund - Growth Option - Direct Plan,HDFC Mutual Fund
2014-04-24,26.9691,119092,HDFC Money Market Fund - Growth Option - Direct Plan,HDFC Mutual Fund
2014-04-25,26.9753,119092,HDFC Money Market Fund - Growth Option - Direct Plan,HDFC Mutual Fund
2014-04-27,26.9891,119092,HDFC Money Market Fund - Growth Option - Direct Plan,HDFC Mutual Fund
2014-04-28,26.9958,119092,HDFC Money Market Fund - Growth Option - Direct Plan,HDFC Mutual Fund
2014-04-29,27.0024,119092,HDFC Money Market Fund - Growth Option - Direct Plan,HDFC Mutual Fund
2014-04-30,27.009,119092,HDFC Money Market Fund - Growth Option - Direct Plan,HDFC Mutual Fund
2014-05-01,27.0157,119092,HDFC Money Market Fund - Growth Option - Direct Plan,HDFC Mutual Fund
2014-05-02,27.0224,119092,HDFC Money Market Fund - Growth Option - Direct Plan,HDFC Mutual Fund
2014-05-04,27.0356,119092,HDFC Money Market Fund - Growth Option - Direct Plan,HDFC Mutual Fund
2014-05-05,27.0422,119092,HDFC Money Market Fund - Growth Option - Direct Plan,HDFC Mutual Fund
2014-05-06,27.0488,119092,HDFC Money Market Fund - Growth Option - Direct Plan,HDFC Mutual Fund
2014-05-07,27.0553,119092,HDFC Money Market Fund - Growth Option - Direct Plan,HDFC Mutual Fund
2014-05-08,27.0619,119092,HDFC Money Market Fund - Growth Option - Direct Plan,HDFC Mutual Fund
2014-05-09,27.0686,119092,HDFC Money Market Fund - Growth Option - Direct Plan,HDFC Mutual Fund
2014-05-11,27.0815,119092,HDFC Money Market Fund - Growth Option - Direct Plan,HDFC Mutual Fund
2014-05-12,27.0881,119092,HDFC Money Market Fund - Growth Option - Direct Plan,HDFC Mutual Fund
2014-05-13,27.0947,119092,HDFC Money Market Fund - Growth Option - Direct Plan,HDFC Mutual Fund
2014-05-14,27.1012,119092,HDFC Money Market Fund - Growth Option - Direct Plan,HDFC Mutual Fund
2014-05-15,27.1077,119092,HDFC Money Market Fund - Growth Option - Direct Plan,HDFC Mutual Fund
2014-05-16,27.1137,119092,HDFC Money Market Fund - Growth Option - Direct Plan,HDFC Mutual Fund
2014-05-18,27.1274,119092,HDFC Money Market Fund - Growth Option - Direct Plan,HDFC Mutual Fund
2014-05-19,27.1338,119092,HDFC Money Market Fund - Growth Option - Direct Plan,HDFC Mutual Fund
2014-05-20,27.1406,119092,HDFC Money Market Fund - Growth Option - Direct Plan,HDFC Mutual Fund
2014-05-21,27.1474,119092,HDFC Money Market Fund - Growth Option - Direct Plan,HDFC Mutual Fund
2014-05-22,27.154,119092,HDFC Money Market Fund - Growth Option - Direct Plan,HDFC Mutual Fund
2014-05-23,27.1604,119092,HDFC Money Market Fund - Growth Option - Direct Plan,HDFC Mutual Fund
2014-05-25,27.1733,119092,HDFC Money Market Fund - Growth Option - Direct Plan,HDFC Mutual Fund
2014-05-26,27.1798,119092,HDFC Money Market Fund - Growth Option - Direct Plan,HDFC Mutual Fund
2014-05-27,27.1863,119092,HDFC Money Market Fund - Growth Option - Direct Plan,HDFC Mutual Fund
2014-05-28,27.1928,119092,HDFC Money Market Fund - Growth Option - Direct Plan,HDFC Mutual Fund
2014-05-29,27.1994,119092,HDFC Money Market Fund - Growth Option - Direct Plan,HDFC Mutual Fund
2014-05-30,27.206,119092,HDFC Money Market Fund - Growth Option - Direct Plan,HDFC Mutual Fund
2014-06-01,27.2189,119092,HDFC Money Market Fund - Growth Option - Direct Plan,HDFC Mutual Fund
2014-06-02,27.2252,119092,HDFC Money Market Fund - Growth Option - Direct Plan,HDFC Mutual Fund
2014-06-03,27.2319,119092,HDFC Money Market Fund - Growth Option - Direct Plan,HDFC Mutual Fund
2014-06-04,27.2385,119092,HDFC Money Market Fund - Growth Option - Direct Plan,HDFC Mutual Fund
2014-06-05,27.2449,119092,HDFC Money Market Fund - Growth Option - Direct Plan,HDFC Mutual Fund
2014-06-06,27.2514,119092,HDFC Money Market Fund - Growth Option - Direct Plan,HDFC Mutual Fund
2014-06-08,27.2643,119092,HDFC Money Market Fund - Growth Option - Direct Plan,HDFC Mutual Fund
2014-06-09,27.2708,119092,HDFC Money Market Fund - Growth Option - Direct Plan,HDFC Mutual Fund
2014-06-10,27.2773,119092,HDFC Money Market Fund - Growth Option - Direct Plan,HDFC Mutual Fund
2014-06-11,27.2838,119092,HDFC Money Market Fund - Growth Option - Direct Plan,HDFC Mutual Fund
2014-06-12,27.2902,119092,HDFC Money Market Fund - Growth Option - Direct Plan,HDFC Mutual Fund
2014-06-13,27.2963,119092,HDFC Money Market Fund - Growth Option - Direct Plan,HDFC Mutual Fund
2014-06-15,27.3094,119092,HDFC Money Market Fund - Growth Option - Direct Plan,HDFC Mutual Fund
2014-06-16,27.3157,119092,HDFC Money Market Fund - Growth Option - Direct Plan,HDFC Mutual Fund
2014-06-17,27.3222,119092,HDFC Money Market Fund - Growth Option - Direct Plan,HDFC Mutual Fund
2014-06-18,27.3286,119092,HDFC Money Market Fund - Growth Option - Direct Plan,HDFC Mutual Fund
2014-06-19,27.3352,119092,HDFC Money Market Fund - Growth Option - Direct Plan,HDFC Mutual Fund
2014-06-20,27.3415,119092,HDFC Money Market Fund - Growth Option - Direct Plan,HDFC Mutual Fund
2014-06-22,27.3542,119092,HDFC Money Market Fund - Growth Option - Direct Plan,HDFC Mutual Fund
2014-06-23,27.3605,119092,HDFC Money Market Fund - Growth Option - Direct Plan,HDFC Mutual Fund
2014-06-24,27.3668,119092,HDFC Money Market Fund - Growth Option - Direct Plan,HDFC Mutual Fund
2014-06-25,27.3732,119092,HDFC Money Market Fund - Growth Option - Direct Plan,HDFC Mutual Fund
2014-06-26,27.3796,119092,HDFC Money Market Fund - Growth Option - Direct Plan,HDFC Mutual Fund
2014-06-27,27.386,119092,HDFC Money Market Fund - Growth Option - Direct Plan,HDFC Mutual Fund
2014-06-29,27.3987,119092,HDFC Money Market Fund - Growth Option - Direct Plan,HDFC Mutual Fund
2014-06-30,27.4057,119092,HDFC Money Market Fund - Growth Option - Direct Plan,HDFC Mutual Fund
2014-07-01,27.4131,119092,HDFC Money Market Fund - Growth Option - Direct Plan,HDFC Mutual Fund
2014-07-02,27.4196,119092,HDFC Money Market Fund - Growth Option - Direct Plan,HDFC Mutual Fund
2014-07-03,27.426,119092,HDFC Money Market Fund - Growth Option - Direct Plan,HDFC Mutual Fund
2014-07-04,27.4323,119092,HDFC Money Market Fund - Growth Option - Direct Plan,HDFC Mutual Fund
2014-07-06,27.4449,119092,HDFC Money Market Fund - Growth Option - Direct Plan,HDFC Mutual Fund
2014-07-07,27.4513,119092,HDFC Money Market Fund - Growth Option - Direct Plan,HDFC Mutual Fund
2014-07-08,27.4576,119092,HDFC Money Market Fund - Growth Option - Direct Plan,HDFC Mutual Fund
2014-07-09,27.4639,119092,HDFC Money Market Fund - Growth Option - Direct Plan,HDFC Mutual Fund
2014-07-10,27.4701,119092,HDFC Money Market Fund - Growth Option - Direct Plan,HDFC Mutual Fund
2014-07-11,27.4762,119092,HDFC Money Market Fund - Growth Option - Direct Plan,HDFC Mutual Fund
2014-07-13,27.4888,119092,HDFC Money Market Fund - Growth Option - Direct Plan,HDFC Mutual Fund
2014-07-14,27.495,119092,HDFC Money Market Fund - Growth Option - Direct Plan,HDFC Mutual Fund
2014-07-15,27.5014,119092,HDFC Money Market Fund - Growth Option - Direct Plan,HDFC Mutual Fund
2014-07-16,27.5077,119092,HDFC Money Market Fund - Growth Option - Direct Plan,HDFC Mutual Fund
2014-07-17,27.5141,119092,HDFC Money Market Fund - Growth Option - Direct Plan,HDFC Mutual Fund
2014-07-18,27.5205,119092,HDFC Money Market Fund - Growth Option - Direct Plan,HDFC Mutual Fund
2014-07-20,27.533,119092,HDFC Money Market Fund - Growth Option - Direct Plan,HDFC Mutual Fund
2014-07-21,27.5394,119092,HDFC Money Market Fund - Growth Option - Direct Plan,HDFC Mutual Fund
2014-07-22,27.5456,119092,HDFC Money Market Fund - Growth Option - Direct Plan,HDFC Mutual Fund
2014-07-23,27.5517,119092,HDFC Money Market Fund - Growth Option - Direct Plan,HDFC Mutual Fund
2014-07-24,27.5579,119092,HDFC Money Market Fund - Growth Option - Direct Plan,HDFC Mutual Fund
2014-07-25,27.5643,119092,HDFC Money Market Fund - Growth Option - Direct Plan,HDFC Mutual Fund
2014-07-27,27.5769,119092,HDFC Money Market Fund - Growth Option - Direct Plan,HDFC Mutual Fund
2014-07-28,27.5832,119092,HDFC Money Market Fund - Growth Option - Direct Plan,HDFC Mutual Fund
2014-07-29,27.5895,119092,HDFC Money Market Fund - Growth Option - Direct Plan,HDFC Mutual Fund
2014-07-30,27.5959,119092,HDFC Money Market Fund - Growth Option - Direct Plan,HDFC Mutual Fund
2014-07-31,27.6022,119092,HDFC Money Market Fund - Growth Option - Direct Plan,HDFC Mutual Fund
2014-08-01,27.6086,119092,HDFC Money Market Fund - Growth Option - Direct Plan,HDFC Mutual Fund
2014-08-03,27.6213,119092,HDFC Money Market Fund - Growth Option - Direct Plan,HDFC Mutual Fund
2014-08-04,27.6277,119092,HDFC Money Market Fund - Growth Option - Direct Plan,HDFC Mutual Fund
2014-08-05,27.6341,119092,HDFC Money Market Fund - Growth Option - Direct Plan,HDFC Mutual Fund
2014-08-06,27.6404,119092,HDFC Money Market Fund - Growth Option - Direct Plan,HDFC Mutual Fund
2014-08-07,27.6468,119092,HDFC Money Market Fund - Growth Option - Direct Plan,HDFC Mutual Fund
2014-08-08,27.6531,119092,HDFC Money Market Fund - Growth Option - Direct Plan,HDFC Mutual Fund
2014-08-10,27.6659,119092,HDFC Money Market Fund - Growth Option - Direct Plan,HDFC Mutual Fund
2014-08-11,27.6723,119092,HDFC Money Market Fund - Growth Option - Direct Plan,HDFC Mutual Fund
2014-08-12,27.6787,119092,HDFC Money Market Fund - Growth Option - Direct Plan,HDFC Mutual Fund
2014-08-13,27.6851,119092,HDFC Money Market Fund - Growth Option - Direct Plan,HDFC Mutual Fund
2014-08-14,27.6915,119092,HDFC Money Market Fund - Growth Option - Direct Plan,HDFC Mutual Fund
2014-08-18,27.7173,119092,HDFC Money Market Fund - Growth Option - Direct Plan,HDFC Mutual Fund
2014-08-19,27.7237,119092,HDFC Money Market Fund - Growth Option - Direct Plan,HDFC Mutual Fund
2014-08-20,27.7301,119092,HDFC Money Market Fund - Growth Option - Direct Plan,HDFC Mutual Fund
2014-08-21,27.7366,119092,HDFC Money Market Fund - Growth Option - Direct Plan,HDFC Mutual Fund
2014-08-22,27.7431,119092,HDFC Money Market Fund - Growth Option - Direct Plan,HDFC Mutual Fund
2014-08-24,27.7559,119092,HDFC Money Market Fund - Growth Option - Direct Plan,HDFC Mutual Fund
2014-08-25,27.7624,119092,HDFC Money Market Fund - Growth Option - Direct Plan,HDFC Mutual Fund
2014-08-26,27.769,119092,HDFC Money Market Fund - Growth Option - Direct Plan,HDFC Mutual Fund
2014-08-27,27.7754,119092,HDFC Money Market Fund - Growth Option - Direct Plan,HDFC Mutual Fund
2014-08-28,27.7821,119092,HDFC Money Market Fund - Growth Option - Direct Plan,HDFC Mutual Fund
2014-08-31,27.8016,119092,HDFC Money Market Fund - Growth Option - Direct Plan,HDFC Mutual Fund
2014-09-01,27.8081,119092,HDFC Money Market Fund - Growth Option - Direct Plan,HDFC Mutual Fund
2014-09-02,27.8146,119092,HDFC Money Market Fund - Growth Option - Direct Plan,HDFC Mutual Fund
2014-09-03,27.8211,119092,HDFC Money Market Fund - Growth Option - Direct Plan,HDFC Mutual Fund
2014-09-04,27.8277,119092,HDFC Money Market Fund - Growth Option - Direct Plan,HDFC Mutual Fund
2014-09-05,27.8342,119092,HDFC Money Market Fund - Growth Option - Direct Plan,HDFC Mutual Fund
2014-09-07,27.8472,119092,HDFC Money Market Fund - Growth Option - Direct Plan,HDFC Mutual Fund
2014-09-08,27.8538,119092,HDFC Money Market Fund - Growth Option - Direct Plan,HDFC Mutual Fund
2014-09-09,27.8603,119092,HDFC Money Market Fund - Growth Option - Direct Plan,HDFC Mutual Fund
2014-09-10,27.8669,119092,HDFC Money Market Fund - Growth Option - Direct Plan,HDFC Mutual Fund
2014-09-11,27.8734,119092,HDFC Money Market Fund - Growth Option - Direct Plan,HDFC Mutual Fund
2014-09-12,27.8799,119092,HDFC Money Market Fund - Growth Option - Direct Plan,HDFC Mutual Fund
2014-09-14,27.893,119092,HDFC Money Market Fund - Growth Option - Direct Plan,HDFC Mutual Fund
2014-09-15,27.8996,119092,HDFC Money Market Fund - Growth Option - Direct Plan,HDFC Mutual Fund
2014-09-16,27.9062,119092,HDFC Money Market Fund - Growth Option - Direct Plan,HDFC Mutual Fund
2014-09-17,27.9128,119092,HDFC Money Market Fund - Growth Option - Direct Plan,HDFC Mutual Fund
2014-09-18,27.9195,119092,HDFC Money Market Fund - Growth Option - Direct Plan,HDFC Mutual Fund
2014-09-19,27.9262,119092,HDFC Money Market Fund - Growth Option - Direct Plan,HDFC Mutual Fund
2014-09-21,27.9395,119092,HDFC Money Market Fund - Growth Option - Direct Plan,HDFC Mutual Fund
2014-09-22,27.9461,119092,HDFC Money Market Fund - Growth Option - Direct Plan,HDFC Mutual Fund
2014-09-23,27.9528,119092,HDFC Money Market Fund - Growth Option - Direct Plan,HDFC Mutual Fund
2014-09-24,27.9595,119092,HDFC Money Market Fund - Growth Option - Direct Plan,HDFC Mutual Fund
2014-09-25,27.9661,119092,HDFC Money Market Fund - Growth Option - Direct Plan,HDFC Mutual Fund
2014-09-26,27.9727,119092,HDFC Money Market Fund - Growth Option - Direct Plan,HDFC Mutual Fund
2014-09-28,27.9858,119092,HDFC Money Market Fund - Growth Option - Direct Plan,HDFC Mutual Fund
2014-09-29,27.9924,119092,HDFC Money Market Fund - Growth Option - Direct Plan,HDFC Mutual Fund
2014-09-30,28.0002,119092,HDFC Money Market Fund - Growth Option - Direct Plan,HDFC Mutual Fund
2014-10-01,28.006,119092,HDFC Money Market Fund - Growth Option - Direct Plan,HDFC Mutual Fund
2014-10-06,28.0406,119092,HDFC Money Market Fund - Growth Option - Direct Plan,HDFC Mutual Fund
2014-10-07,28.0473,119092,HDFC Money Market Fund - Growth Option - Direct Plan,HDFC Mutual Fund
2014-10-08,28.0542,119092,HDFC Money Market Fund - Growth Option - Direct Plan,HDFC Mutual Fund
2014-10-09,28.0608,119092,HDFC Money Market Fund - Growth Option - Direct Plan,HDFC Mutual Fund
2014-10-10,28.0674,119092,HDFC Money Market Fund - Growth Option - Direct Plan,HDFC Mutual Fund
2014-10-12,28.0806,119092,HDFC Money Market Fund - Growth Option - Direct Plan,HDFC Mutual Fund
2014-10-13,28.0873,119092,HDFC Money Market Fund - Growth Option - Direct Plan,HDFC Mutual Fund
2014-10-14,28.094,119092,HDFC Money Market Fund - Growth Option - Direct Plan,HDFC Mutual Fund
2014-10-15,28.1006,119092,HDFC Money Market Fund - Growth Option - Direct Plan,HDFC Mutual Fund
2014-10-16,28.1073,119092,HDFC Money Market Fund - Growth Option - Direct Plan,HDFC Mutual Fund
2014-10-17,28.114,119092,HDFC Money Market Fund - Growth Option - Direct Plan,HDFC Mutual Fund
2014-10-19,28.1272,119092,HDFC Money Market Fund - Growth Option - Direct Plan,HDFC Mutual Fund
2014-10-20,28.1338,119092,HDFC Money Market Fund - Growth Option - Direct Plan,HDFC Mutual Fund
2014-10-21,28.1404,119092,HDFC Money Market Fund - Growth Option - Direct Plan,HDFC Mutual Fund
2014-10-22,28.1466,119092,HDFC Money Market Fund - Growth Option - Direct Plan,HDFC Mutual Fund
2014-10-26,28.1734,119092,HDFC Money Market Fund - Growth Option - Direct Plan,HDFC Mutual Fund
2014-10-27,28.1801,119092,HDFC Money Market Fund - Growth Option - Direct Plan,HDFC Mutual Fund
2014-10-28,28.1867,119092,HDFC Money Market Fund - Growth Option - Direct Plan,HDFC Mutual Fund
2014-10-29,28.1934,119092,HDFC Money Market Fund - Growth Option - Direct Plan,HDFC Mutual Fund
2014-10-30,28.2001,119092,HDFC Money Market Fund - Growth Option - Direct Plan,HDFC Mutual Fund
2014-10-31,28.2069,119092,HDFC Money Market Fund - Growth Option - Direct Plan,HDFC Mutual Fund
2014-11-02,28.2203,119092,HDFC Money Market Fund - Growth Option - Direct Plan,HDFC Mutual Fund
2014-11-03,28.227,119092,HDFC Money Market Fund - Growth Option - Direct Plan,HDFC Mutual Fund
2014-11-04,28.2336,119092,HDFC Money Market Fund - Growth Option - Direct Plan,HDFC Mutual Fund
2014-11-05,28.2404,119092,HDFC Money Market Fund - Growth Option - Direct Plan,HDFC Mutual Fund
2014-11-06,28.247,119092,HDFC Money Market Fund - Growth Option - Direct Plan,HDFC Mutual Fund
2014-11-07,28.2538,119092,HDFC Money Market Fund - Growth Option - Direct Plan,HDFC Mutual Fund
2014-11-09,28.2669,119092,HDFC Money Market Fund - Growth Option - Direct Plan,HDFC Mutual Fund
2014-11-10,28.2736,119092,HDFC Money Market Fund - Growth Option - Direct Plan,HDFC Mutual Fund
2014-11-11,28.2802,119092,HDFC Money Market Fund - Growth Option - Direct Plan,HDFC Mutual Fund
2014-11-12,28.2868,119092,HDFC Money Market Fund - Growth Option - Direct Plan,HDFC Mutual Fund
2014-11-13,28.2934,119092,HDFC Money Market Fund - Growth Option - Direct Plan,HDFC Mutual Fund
2014-11-14,28.3,119092,HDFC Money Market Fund - Growth Option - Direct Plan,HDFC Mutual Fund
2014-11-16,28.3132,119092,HDFC Money Market Fund - Growth Option - Direct Plan,HDFC Mutual Fund
2014-11-17,28.3199,119092,HDFC Money Market Fund - Growth Option - Direct Plan,HDFC Mutual Fund
2014-11-18,28.3265,119092,HDFC Money Market Fund - Growth Option - Direct Plan,HDFC Mutual Fund
2014-11-19,28.3332,119092,HDFC Money Market Fund - Growth Option - Direct Plan,HDFC Mutual Fund
2014-11-20,28.3398,119092,HDFC Money Market Fund - Growth Option - Direct Plan,HDFC Mutual Fund
2014-11-21,28.3465,119092,HDFC Money Market Fund - Growth Option - Direct Plan,HDFC Mutual Fund
2014-11-23,28.3598,119092,HDFC Money Market Fund - Growth Option - Direct Plan,HDFC Mutual Fund
2014-11-24,28.3664,119092,HDFC Money Market Fund - Growth Option - Direct Plan,HDFC Mutual Fund
2014-11-25,28.373,119092,HDFC Money Market Fund - Growth Option - Direct Plan,HDFC Mutual Fund
2014-11-26,28.3795,119092,HDFC Money Market Fund - Growth Option - Direct Plan,HDFC Mutual Fund
2014-11-27,28.3861,119092,HDFC Money Market Fund - Growth Option - Direct Plan,HDFC Mutual Fund
2014-11-28,28.3926,119092,HDFC Money Market Fund - Growth Option - Direct Plan,HDFC Mutual Fund
2014-11-30,28.4057,119092,HDFC Money Market Fund - Growth Option - Direct Plan,HDFC Mutual Fund
2014-12-01,28.4124,119092,HDFC Money Market Fund - Growth Option - Direct Plan,HDFC Mutual Fund
2014-12-02,28.419,119092,HDFC Money Market Fund - Growth Option - Direct Plan,HDFC Mutual Fund
2014-12-03,28.4256,119092,HDFC Money Market Fund - Growth Option - Direct Plan,HDFC Mutual Fund
2014-12-04,28.4321,119092,HDFC Money Market Fund - Growth Option - Direct Plan,HDFC Mutual Fund
2014-12-05,28.4387,119092,HDFC Money Market Fund - Growth Option - Direct Plan,HDFC Mutual Fund
2014-12-07,28.4517,119092,HDFC Money Market Fund - Growth Option - Direct Plan,HDFC Mutual Fund
2014-12-08,28.4582,119092,HDFC Money Market Fund - Growth Option - Direct Plan,HDFC Mutual Fund
2014-12-09,28.4648,119092,HDFC Money Market Fund - Growth Option - Direct Plan,HDFC Mutual Fund
2014-12-10,28.4713,119092,HDFC Money Market Fund - Growth Option - Direct Plan,HDFC Mutual Fund
2014-12-11,28.4779,119092,HDFC Money Market Fund - Growth Option - Direct Plan,HDFC Mutual Fund
2014-12-12,28.4846,119092,HDFC Money Market Fund - Growth Option - Direct Plan,HDFC Mutual Fund
2014-12-14,28.4975,119092,HDFC Money Market Fund - Growth Option - Direct Plan,HDFC Mutual Fund
2014-12-15,28.5039,119092,HDFC Money Market Fund - Growth Option - Direct Plan,HDFC Mutual Fund
2014-12-16,28.5104,119092,HDFC Money Market Fund - Growth Option - Direct Plan,HDFC Mutual Fund
2014-12-17,28.5169,119092,HDFC Money Market Fund - Growth Option - Direct Plan,HDFC Mutual Fund
2014-12-18,28.5234,119092,HDFC Money Market Fund - Growth Option - Direct Plan,HDFC Mutual Fund
2014-12-19,28.5299,119092,HDFC Money Market Fund - Growth Option - Direct Plan,HDFC Mutual Fund
2014-12-21,28.543,119092,HDFC Money Market Fund - Growth Option - Direct Plan,HDFC Mutual Fund
2014-12-22,28.5493,119092,HDFC Money Market Fund - Growth Option - Direct Plan,HDFC Mutual Fund
2014-12-23,28.5559,119092,HDFC Money Market Fund - Growth Option - Direct Plan,HDFC Mutual Fund
2014-12-24,28.5624,119092,HDFC Money Market Fund - Growth Option - Direct Plan,HDFC Mutual Fund
2014-12-25,28.569,119092,HDFC Money Market Fund - Growth Option - Direct Plan,HDFC Mutual Fund
2014-12-26,28.5754,119092,HDFC Money Market Fund - Growth Option - Direct Plan,HDFC Mutual Fund
2014-12-28,28.5886,119092,HDFC Money Market Fund - Growth Option - Direct Plan,HDFC Mutual Fund
2014-12-29,28.5952,119092,HDFC Money Market Fund - Growth Option - Direct Plan,HDFC Mutual Fund
2014-12-30,28.6019,119092,HDFC Money Market Fund - Growth Option - Direct Plan,HDFC Mutual Fund
2014-12-31,28.6091,119092,HDFC Money Market Fund - Growth Option - Direct Plan,HDFC Mutual Fund
2015-01-01,28.616,119092,HDFC Money Market Fund - Growth Option - Direct Plan,HDFC Mutual Fund
2015-01-02,28.6226,119092,HDFC Money Market Fund - Growth Option - Direct Plan,HDFC Mutual Fund
2015-01-04,28.6357,119092,HDFC Money Market Fund - Growth Option - Direct Plan,HDFC Mutual Fund
2015-01-05,28.6423,119092,HDFC Money Market Fund - Growth Option - Direct Plan,HDFC Mutual Fund
2015-01-06,28.6489,119092,HDFC Money Market Fund - Growth Option - Direct Plan,HDFC Mutual Fund
2015-01-07,28.6555,119092,HDFC Money Market Fund - Growth Option - Direct Plan,HDFC Mutual Fund
2015-01-08,28.6621,119092,HDFC Money Market Fund - Growth Option - Direct Plan,HDFC Mutual Fund
2015-01-09,28.6687,119092,HDFC Money Market Fund - Growth Option - Direct Plan,HDFC Mutual Fund
2015-01-11,28.6819,119092,HDFC Money Market Fund - Growth Option - Direct Plan,HDFC Mutual Fund
2015-01-12,28.6885,119092,HDFC Money Market Fund - Growth Option - Direct Plan,HDFC Mutual Fund
2015-01-13,28.6951,119092,HDFC Money Market Fund - Growth Option - Direct Plan,HDFC Mutual Fund
2015-01-14,28.7017,119092,HDFC Money Market Fund - Growth Option - Direct Plan,HDFC Mutual Fund
2015-01-15,28.7084,119092,HDFC Money Market Fund - Growth Option - Direct Plan,HDFC Mutual Fund
2015-01-16,28.715,119092,HDFC Money Market Fund - Growth Option - Direct Plan,HDFC Mutual Fund
2015-01-18,28.7282,119092,HDFC Money Market Fund - Growth Option - Direct Plan,HDFC Mutual Fund
2015-01-19,28.7348,119092,HDFC Money Market Fund - Growth Option - Direct Plan,HDFC Mutual Fund
2015-01-20,28.7414,119092,HDFC Money Market Fund - Growth Option - Direct Plan,HDFC Mutual Fund
2015-01-21,28.748,119092,HDFC Money Market Fund - Growth Option - Direct Plan,HDFC Mutual Fund
2015-01-22,28.7546,119092,HDFC Money Market Fund - Growth Option - Direct Plan,HDFC Mutual Fund
2015-01-23,28.7612,119092,HDFC Money Market Fund - Growth Option - Direct Plan,HDFC Mutual Fund
2015-01-26,28.7808,119092,HDFC Money Market Fund - Growth Option - Direct Plan,HDFC Mutual Fund
2015-01-27,28.7875,119092,HDFC Money Market Fund - Growth Option - Direct Plan,HDFC Mutual Fund
2015-01-28,28.7941,119092,HDFC Money Market Fund - Growth Option - Direct Plan,HDFC Mutual Fund
2015-01-29,28.8007,119092,HDFC Money Market Fund - Growth Option - Direct Plan,HDFC Mutual Fund
2015-01-30,28.8074,119092,HDFC Money Market Fund - Growth Option - Direct Plan,HDFC Mutual Fund
2015-02-01,28.8206,119092,HDFC Money Market Fund - Growth Option - Direct Plan,HDFC Mutual Fund
2015-02-02,28.8272,119092,HDFC Money Market Fund - Growth Option - Direct Plan,HDFC Mutual Fund
2015-02-03,28.8337,119092,HDFC Money Market Fund - Growth Option - Direct Plan,HDFC Mutual Fund
2015-02-04,28.8403,119092,HDFC Money Market Fund - Growth Option - Direct Plan,HDFC Mutual Fund
2015-02-05,28.8469,119092,HDFC Money Market Fund - Growth Option - Direct Plan,HDFC Mutual Fund
2015-02-06,28.8535,119092,HDFC Money Market Fund - Growth Option - Direct Plan,HDFC Mutual Fund
2015-02-08,28.8667,119092,HDFC Money Market Fund - Growth Option - Direct Plan,HDFC Mutual Fund
2015-02-09,28.8733,119092,HDFC Money Market Fund - Growth Option - Direct Plan,HDFC Mutual Fund
2015-02-10,28.8799,119092,HDFC Money Market Fund - Growth Option - Direct Plan,HDFC Mutual Fund
2015-02-11,28.8865,119092,HDFC Money Market Fund - Growth Option - Direct Plan,HDFC Mutual Fund
2015-02-12,28.8931,119092,HDFC Money Market Fund - Growth Option - Direct Plan,HDFC Mutual Fund
2015-02-13,28.8997,119092,HDFC Money Market Fund - Growth Option - Direct Plan,HDFC Mutual Fund
2015-02-15,28.9129,119092,HDFC Money Market Fund - Growth Option - Direct Plan,HDFC Mutual Fund
2015-02-16,28.9195,119092,HDFC Money Market Fund - Growth Option - Direct Plan,HDFC Mutual Fund
2015-02-17,28.926,119092,HDFC Money Market Fund - Growth Option - Direct Plan,HDFC Mutual Fund
2015-02-18,28.9326,119092,HDFC Money Market Fund - Growth Option - Direct Plan,HDFC Mutual Fund
2015-02-19,28.9392,119092,HDFC Money Market Fund - Growth Option - Direct Plan,HDFC Mutual Fund
2015-02-20,28.9458,119092,HDFC Money Market Fund - Growth Option - Direct Plan,HDFC Mutual Fund
2015-02-22,28.9591,119092,HDFC Money Market Fund - Growth Option - Direct Plan,HDFC Mutual Fund
2015-02-23,28.9657,119092,HDFC Money Market Fund - Growth Option - Direct Plan,HDFC Mutual Fund
2015-02-24,28.9723,119092,HDFC Money Market Fund - Growth Option - Direct Plan,HDFC Mutual Fund
2015-02-25,28.9789,119092,HDFC Money Market Fund - Growth Option - Direct Plan,HDFC Mutual Fund
2015-02-26,28.9857,119092,HDFC Money Market Fund - Growth Option - Direct Plan,HDFC Mutual Fund
2015-02-27,28.9925,119092,HDFC Money Market Fund - Growth Option - Direct Plan,HDFC Mutual Fund
2015-03-01,29.0062,119092,HDFC Money Market Fund - Growth Option - Direct Plan,HDFC Mutual Fund
2015-03-02,29.0128,119092,HDFC Money Market Fund - Growth Option - Direct Plan,HDFC Mutual Fund
2015-03-03,29.0196,119092,HDFC Money Market Fund - Growth Option - Direct Plan,HDFC Mutual Fund
2015-03-04,29.0269,119092,HDFC Money Market Fund - Growth Option - Direct Plan,HDFC Mutual Fund
2015-03-05,29.034,119092,HDFC Money Market Fund - Growth Option - Direct Plan,HDFC Mutual Fund
2015-03-08,29.0546,119092,HDFC Money Market Fund - Growth Option - Direct Plan,HDFC Mutual Fund
2015-03-09,29.0612,119092,HDFC Money Market Fund - Growth Option - Direct Plan,HDFC Mutual Fund
2015-03-10,29.068,119092,HDFC Money Market Fund - Growth Option - Direct Plan,HDFC Mutual Fund
2015-03-11,29.0746,119092,HDFC Money Market Fund - Growth Option - Direct Plan,HDFC Mutual Fund
2015-03-12,29.0813,119092,HDFC Money Market Fund - Growth Option - Direct Plan,HDFC Mutual Fund
2015-03-13,29.0881,119092,HDFC Money Market Fund - Growth Option - Direct Plan,HDFC Mutual Fund
2015-03-15,29.1021,119092,HDFC Money Market Fund - Growth Option - Direct Plan,HDFC Mutual Fund
2015-03-16,29.1089,119092,HDFC Money Market Fund - Growth Option - Direct Plan,HDFC Mutual Fund
2015-03-17,29.1157,119092,HDFC Money Market Fund - Growth Option - Direct Plan,HDFC Mutual Fund
2015-03-18,29.1225,119092,HDFC Money Market Fund - Growth Option - Direct Plan,HDFC Mutual Fund
2015-03-19,29.1293,119092,HDFC Money Market Fund - Growth Option - Direct Plan,HDFC Mutual Fund
2015-03-20,29.1361,119092,HDFC Money Market Fund - Growth Option - Direct Plan,HDFC Mutual Fund
2015-03-22,29.15,119092,HDFC Money Market Fund - Growth Option - Direct Plan,HDFC Mutual Fund
2015-03-23,29.1566,119092,HDFC Money Market Fund - Growth Option - Direct Plan,HDFC Mutual Fund
2015-03-24,29.1631,119092,HDFC Money Market Fund - Growth Option - Direct Plan,HDFC Mutual Fund
2015-03-25,29.1698,119092,HDFC Money Market Fund - Growth Option - Direct Plan,HDFC Mutual Fund
2015-03-26,29.1768,119092,HDFC Money Market Fund - Growth Option - Direct Plan,HDFC Mutual Fund
2015-03-27,29.1838,119092,HDFC Money Market Fund - Growth Option - Direct Plan,HDFC Mutual Fund
2015-03-29,29.1978,119092,HDFC Money Market Fund - Growth Option - Direct Plan,HDFC Mutual Fund
2015-03-30,29.2056,119092,HDFC Money Market Fund - Growth Option - Direct Plan,HDFC Mutual Fund
2015-03-31,29.2191,119092,HDFC Money Market Fund - Growth Option - Direct Plan,HDFC Mutual Fund
2015-04-05,29.2588,119092,HDFC Money Market Fund - Growth Option - Direct Plan,HDFC Mutual Fund
2015-04-06,29.2665,119092,HDFC Money Market Fund - Growth Option - Direct Plan,HDFC Mutual Fund
2015-04-07,29.2735,119092,HDFC Money Market Fund - Growth Option - Direct Plan,HDFC Mutual Fund
2015-04-08,29.2801,119092,HDFC Money Market Fund - Growth Option - Direct Plan,HDFC Mutual Fund
2015-04-09,29.2871,119092,HDFC Money Market Fund - Growth Option - Direct Plan,HDFC Mutual Fund
2015-04-10,29.2936,119092,HDFC Money Market Fund - Growth Option - Direct Plan,HDFC Mutual Fund
2015-04-12,29.3073,119092,HDFC Money Market Fund - Growth Option - Direct Plan,HDFC Mutual Fund
2015-04-13,29.314,119092,HDFC Money Market Fund - Growth Option - Direct Plan,HDFC Mutual Fund
2015-04-14,29.3208,119092,HDFC Money Market Fund - Growth Option - Direct Plan,HDFC Mutual Fund
2015-04-15,29.3276,119092,HDFC Money Market Fund - Growth Option - Direct Plan,HDFC Mutual Fund
2015-04-16,29.3343,119092,HDFC Money Market Fund - Growth Option - Direct Plan,HDFC Mutual Fund
2015-04-17,29.3411,119092,HDFC Money Market Fund - Growth Option - Direct Plan,HDFC Mutual Fund
2015-04-19,29.3548,119092,HDFC Money Market Fund - Growth Option - Direct Plan,HDFC Mutual Fund
2015-04-20,29.3616,119092,HDFC Money Market Fund - Growth Option - Direct Plan,HDFC Mutual Fund
2015-04-21,29.3684,119092,HDFC Money Market Fund - Growth Option - Direct Plan,HDFC Mutual Fund
2015-04-22,29.3751,119092,HDFC Money Market Fund - Growth Option - Direct Plan,HDFC Mutual Fund
2015-04-23,29.3819,119092,HDFC Money Market Fund - Growth Option - Direct Plan,HDFC Mutual Fund
2015-04-24,29.3887,119092,HDFC Money Market Fund - Growth Option - Direct Plan,HDFC Mutual Fund
2015-04-26,29.4023,119092,HDFC Money Market Fund - Growth Option - Direct Plan,HDFC Mutual Fund
2015-04-27,29.409,119092,HDFC Money Market Fund - Growth Option - Direct Plan,HDFC Mutual Fund
2015-04-28,29.4158,119092,HDFC Money Market Fund - Growth Option - Direct Plan,HDFC Mutual Fund
2015-04-29,29.4227,119092,HDFC Money Market Fund - Growth Option - Direct Plan,HDFC Mutual Fund
2015-04-30,29.4294,119092,HDFC Money Market Fund - Growth Option - Direct Plan,HDFC Mutual Fund
2015-05-04,29.4569,119092,HDFC Money Market Fund - Growth Option - Direct Plan,HDFC Mutual Fund
2015-05-05,29.4635,119092,HDFC Money Market Fund - Growth Option - Direct Plan,HDFC Mutual Fund
2015-05-06,29.4702,119092,HDFC Money Market Fund - Growth Option - Direct Plan,HDFC Mutual Fund
2015-05-07,29.4768,119092,HDFC Money Market Fund - Growth Option - Direct Plan,HDFC Mutual Fund
2015-05-08,29.4835,119092,HDFC Money Market Fund - Growth Option - Direct Plan,HDFC Mutual Fund
2015-05-10,29.497,119092,HDFC Money Market Fund - Growth Option - Direct Plan,HDFC Mutual Fund
2015-05-11,29.5038,119092,HDFC Money Market Fund - Growth Option - Direct Plan,HDFC Mutual Fund
2015-05-12,29.5106,119092,HDFC Money Market Fund - Growth Option - Direct Plan,HDFC Mutual Fund
2015-05-13,29.5174,119092,HDFC Money Market Fund - Growth Option - Direct Plan,HDFC Mutual Fund
2015-05-14,29.5243,119092,HDFC Money Market Fund - Growth Option - Direct Plan,HDFC Mutual Fund
2015-05-15,29.531,119092,HDFC Money Market Fund - Growth Option - Direct Plan,HDFC Mutual Fund
2015-05-17,29.5448,119092,HDFC Money Market Fund - Growth Option - Direct Plan,HDFC Mutual Fund
2015-05-18,29.5519,119092,HDFC Money Market Fund - Growth Option - Direct Plan,HDFC Mutual Fund
2015-05-19,29.5588,119092,HDFC Money Market Fund - Growth Option - Direct Plan,HDFC Mutual Fund
2015-05-20,29.5655,119092,HDFC Money Market Fund - Growth Option - Direct Plan,HDFC Mutual Fund
2015-05-21,29.5726,119092,HDFC Money Market Fund - Growth Option - Direct Plan,HDFC Mutual Fund
2015-05-22,29.5794,119092,HDFC Money Market Fund - Growth Option - Direct Plan,HDFC Mutual Fund
2015-05-24,29.5925,119092,HDFC Money Market Fund - Growth Option - Direct Plan,HDFC Mutual Fund
2015-05-25,29.5994,119092,HDFC Money Market Fund - Growth Option - Direct Plan,HDFC Mutual Fund
2015-05-26,29.6063,119092,HDFC Money Market Fund - Growth Option - Direct Plan,HDFC Mutual Fund
2015-05-27,29.6131,119092,HDFC Money Market Fund - Growth Option - Direct Plan,HDFC Mutual Fund
2015-05-28,29.6199,119092,HDFC Money Market Fund - Growth Option - Direct Plan,HDFC Mutual Fund
2015-05-29,29.6269,119092,HDFC Money Market Fund - Growth Option - Direct Plan,HDFC Mutual Fund
2015-05-31,29.64,119092,HDFC Money Market Fund - Growth Option - Direct Plan,HDFC Mutual Fund
2015-06-01,29.647,119092,HDFC Money Market Fund - Growth Option - Direct Plan,HDFC Mutual Fund
2015-06-02,29.6537,119092,HDFC Money Market Fund - Growth Option - Direct Plan,HDFC Mutual Fund
2015-06-03,29.6605,119092,HDFC Money Market Fund - Growth Option - Direct Plan,HDFC Mutual Fund
2015-06-04,29.6673,119092,HDFC Money Market Fund - Growth Option - Direct Plan,HDFC Mutual Fund
2015-06-05,29.6739,119092,HDFC Money Market Fund - Growth Option - Direct Plan,HDFC Mutual Fund
2015-06-07,29.6871,119092,HDFC Money Market Fund - Growth Option - Direct Plan,HDFC Mutual Fund
2015-06-08,29.6937,119092,HDFC Money Market Fund - Growth Option - Direct Plan,HDFC Mutual Fund
2015-06-09,29.7004,119092,HDFC Money Market Fund - Growth Option - Direct Plan,HDFC Mutual Fund
2015-06-10,29.7071,119092,HDFC Money Market Fund - Growth Option - Direct Plan,HDFC Mutual Fund
2015-06-11,29.7137,119092,HDFC Money Market Fund - Growth Option - Direct Plan,HDFC Mutual Fund
2015-06-12,29.7203,119092,HDFC Money Market Fund - Growth Option - Direct Plan,HDFC Mutual Fund
2015-06-14,29.7336,119092,HDFC Money Market Fund - Growth Option - Direct Plan,HDFC Mutual Fund
2015-06-15,29.7401,119092,HDFC Money Market Fund - Growth Option - Direct Plan,HDFC Mutual Fund
2015-06-16,29.7466,119092,HDFC Money Market Fund - Growth Option - Direct Plan,HDFC Mutual Fund
2015-06-17,29.7532,119092,HDFC Money Market Fund - Growth Option - Direct Plan,HDFC Mutual Fund
2015-06-18,29.7597,119092,HDFC Money Market Fund - Growth Option - Direct Plan,HDFC Mutual Fund
2015-06-19,29.7664,119092,HDFC Money Market Fund - Growth Option - Direct Plan,HDFC Mutual Fund
2015-06-21,29.7793,119092,HDFC Money Market Fund - Growth Option - Direct Plan,HDFC Mutual Fund
2015-06-22,29.7858,119092,HDFC Money Market Fund - Growth Option - Direct Plan,HDFC Mutual Fund
2015-06-23,29.7923,119092,HDFC Money Market Fund - Growth Option - Direct Plan,HDFC Mutual Fund
2015-06-24,29.7989,119092,HDFC Money Market Fund - Growth Option - Direct Plan,HDFC Mutual Fund
2015-06-25,29.8054,119092,HDFC Money Market Fund - Growth Option - Direct Plan,HDFC Mutual Fund
2015-06-26,29.8121,119092,HDFC Money Market Fund - Growth Option - Direct Plan,HDFC Mutual Fund
2015-06-28,29.8251,119092,HDFC Money Market Fund - Growth Option - Direct Plan,HDFC Mutual Fund
2015-06-29,29.8317,119092,HDFC Money Market Fund - Growth Option - Direct Plan,HDFC Mutual Fund
2015-06-30,29.8396,119092,HDFC Money Market Fund - Growth Option - Direct Plan,HDFC Mutual Fund
2015-07-01,29.8462,119092,HDFC Money Market Fund - Growth Option - Direct Plan,HDFC Mutual Fund
2015-07-02,29.8528,119092,HDFC Money Market Fund - Growth Option - Direct Plan,HDFC Mutual Fund
2015-07-03,29.8595,119092,HDFC Money Market Fund - Growth Option - Direct Plan,HDFC Mutual Fund
2015-07-05,29.8724,119092,HDFC Money Market Fund - Growth Option - Direct Plan,HDFC Mutual Fund
2015-07-06,29.8791,119092,HDFC Money Market Fund - Growth Option - Direct Plan,HDFC Mutual Fund
2015-07-07,29.8856,119092,HDFC Money Market Fund - Growth Option - Direct Plan,HDFC Mutual Fund
2015-07-08,29.8921,119092,HDFC Money Market Fund - Growth Option - Direct Plan,HDFC Mutual Fund
2015-07-09,29.8986,119092,HDFC Money Market Fund - Growth Option - Direct Plan,HDFC Mutual Fund
2015-07-10,29.9052,119092,HDFC Money Market Fund - Growth Option - Direct Plan,HDFC Mutual Fund
2015-07-12,29.9184,119092,HDFC Money Market Fund - Growth Option - Direct Plan,HDFC Mutual Fund
2015-07-13,29.9249,119092,HDFC Money Market Fund - Growth Option - Direct Plan,HDFC Mutual Fund
2015-07-14,29.9315,119092,HDFC Money Market Fund - Growth Option - Direct Plan,HDFC Mutual Fund
2015-07-15,29.938,119092,HDFC Money Market Fund - Growth Option - Direct Plan,HDFC Mutual Fund
2015-07-16,29.9445,119092,HDFC Money Market Fund - Growth Option - Direct Plan,HDFC Mutual Fund
2015-07-17,29.9511,119092,HDFC Money Market Fund - Growth Option - Direct Plan,HDFC Mutual Fund
2015-07-19,29.9643,119092,HDFC Money Market Fund - Growth Option - Direct Plan,HDFC Mutual Fund
2015-07-20,29.9708,119092,HDFC Money Market Fund - Growth Option - Direct Plan,HDFC Mutual Fund
2015-07-21,29.9774,119092,HDFC Money Market Fund - Growth Option - Direct Plan,HDFC Mutual Fund
2015-07-22,29.9839,119092,HDFC Money Market Fund - Growth Option - Direct Plan,HDFC Mutual Fund
2015-07-23,29.9904,119092,HDFC Money Market Fund - Growth Option - Direct Plan,HDFC Mutual Fund
2015-07-24,29.997,119092,HDFC Money Market Fund - Growth Option - Direct Plan,HDFC Mutual Fund
2015-07-26,30.0102,119092,HDFC Money Market Fund - Growth Option - Direct Plan,HDFC Mutual Fund
2015-07-27,30.0166,119092,HDFC Money Market Fund - Growth Option - Direct Plan,HDFC Mutual Fund
2015-07-28,30.0231,119092,HDFC Money Market Fund - Growth Option - Direct Plan,HDFC Mutual Fund
2015-07-29,30.0296,119092,HDFC Money Market Fund - Growth Option - Direct Plan,HDFC Mutual Fund
2015-07-30,30.0361,119092,HDFC Money Market Fund - Growth Option - Direct Plan,HDFC Mutual Fund
2015-07-31,30.0425,119092,HDFC Money Market Fund - Growth Option - Direct Plan,HDFC Mutual Fund
2015-08-02,30.0556,119092,HDFC Money Market Fund - Growth Option - Direct Plan,HDFC Mutual Fund
2015-08-03,30.062,119092,HDFC Money Market Fund - Growth Option - Direct Plan,HDFC Mutual Fund
2015-08-04,30.0685,119092,HDFC Money Market Fund - Growth Option - Direct Plan,HDFC Mutual Fund
2015-08-05,30.075,119092,HDFC Money Market Fund - Growth Option - Direct Plan,HDFC Mutual Fund
2015-08-06,30.0813,119092,HDFC Money Market Fund - Growth Option - Direct Plan,HDFC Mutual Fund
2015-08-07,30.0879,119092,HDFC Money Market Fund - Growth Option - Direct Plan,HDFC Mutual Fund
2015-08-09,30.1011,119092,HDFC Money Market Fund - Growth Option - Direct Plan,HDFC Mutual Fund
2015-08-10,30.1076,119092,HDFC Money Market Fund - Growth Option - Direct Plan,HDFC Mutual Fund
2015-08-11,30.1139,119092,HDFC Money Market Fund - Growth Option - Direct Plan,HDFC Mutual Fund
2015-08-12,30.1204,119092,HDFC Money Market Fund - Growth Option - Direct Plan,HDFC Mutual Fund
2015-08-13,30.1267,119092,HDFC Money Market Fund - Growth Option - Direct Plan,HDFC Mutual Fund
2015-08-14,30.1332,119092,HDFC Money Market Fund - Growth Option - Direct Plan,HDFC Mutual Fund
2015-08-16,30.1463,119092,HDFC Money Market Fund - Growth Option - Direct Plan,HDFC Mutual Fund
2015-08-17,30.1524,119092,HDFC Money Market Fund - Growth Option - Direct Plan,HDFC Mutual Fund
2015-08-18,30.1587,119092,HDFC Money Market Fund - Growth Option - Direct Plan,HDFC Mutual Fund
2015-08-19,30.1649,119092,HDFC Money Market Fund - Growth Option - Direct Plan,HDFC Mutual Fund
2015-08-20,30.1712,119092,HDFC Money Market Fund - Growth Option - Direct Plan,HDFC Mutual Fund
2015-08-21,30.1777,119092,HDFC Money Market Fund - Growth Option - Direct Plan,HDFC Mutual Fund
2015-08-23,30.1905,119092,HDFC Money Market Fund - Growth Option - Direct Plan,HDFC Mutual Fund
2015-08-24,30.1967,119092,HDFC Money Market Fund - Growth Option - Direct Plan,HDFC Mutual Fund
2015-08-25,30.203,119092,HDFC Money Market Fund - Growth Option - Direct Plan,HDFC Mutual Fund
2015-08-26,30.2093,119092,HDFC Money Market Fund - Growth Option - Direct Plan,HDFC Mutual Fund
2015-08-27,30.2156,119092,HDFC Money Market Fund - Growth Option - Direct Plan,HDFC Mutual Fund
2015-08-28,30.2219,119092,HDFC Money Market Fund - Growth Option - Direct Plan,HDFC Mutual Fund
2015-08-30,3023.47,119092,HDFC Money Market Fund - Growth Option - Direct Plan,HDFC Mutual Fund
2015-08-31,3024.094,119092,HDFC Money Market Fund - Growth Option - Direct Plan,HDFC Mutual Fund
2015-09-01,3024.7217,119092,HDFC Money Market Fund - Growth Option - Direct Plan,HDFC Mutual Fund
2015-09-02,3025.3461,119092,HDFC Money Market Fund - Growth Option - Direct Plan,HDFC Mutual Fund
2015-09-03,3025.9735,119092,HDFC Money Market Fund - Growth Option - Direct Plan,HDFC Mutual Fund
2015-09-04,3026.5983,119092,HDFC Money Market Fund - Growth Option - Direct Plan,HDFC Mutual Fund
2015-09-06,3027.9099,119092,HDFC Money Market Fund - Growth Option - Direct Plan,HDFC Mutual Fund
2015-09-07,3028.5349,119092,HDFC Money Market Fund - Growth Option - Direct Plan,HDFC Mutual Fund
2015-09-08,3029.156,119092,HDFC Money Market Fund - Growth Option - Direct Plan,HDFC Mutual Fund
2015-09-09,3029.7792,119092,HDFC Money Market Fund - Growth Option - Direct Plan,HDFC Mutual Fund
2015-09-10,3030.3753,119092,HDFC Money Market Fund - Growth Option - Direct Plan,HDFC Mutual Fund
2015-09-11,3030.9723,119092,HDFC Money Market Fund - Growth Option - Direct Plan,HDFC Mutual Fund
2015-09-13,3032.2699,119092,HDFC Money Market Fund - Growth Option - Direct Plan,HDFC Mutual Fund
2015-09-14,3032.8914,119092,HDFC Money Market Fund - Growth Option - Direct Plan,HDFC Mutual Fund
2015-09-15,3033.5229,119092,HDFC Money Market Fund - Growth Option - Direct Plan,HDFC Mutual Fund
2015-09-16,3034.1444,119092,HDFC Money Market Fund - Growth Option - Direct Plan,HDFC Mutual Fund
2015-09-17,3034.7669,119092,HDFC Money Market Fund - Growth Option - Direct Plan,HDFC Mutual Fund
2015-09-18,3035.4112,119092,HDFC Money Market Fund - Growth Option - Direct Plan,HDFC Mutual Fund
2015-09-20,3036.6963,119092,HDFC Money Market Fund - Growth Option - Direct Plan,HDFC Mutual Fund
2015-09-21,3037.3316,119092,HDFC Money Market Fund - Growth Option - Direct Plan,HDFC Mutual Fund
2015-09-22,3037.9614,119092,HDFC Money Market Fund - Growth Option - Direct Plan,HDFC Mutual Fund
2015-09-23,3038.592,119092,HDFC Money Market Fund - Growth Option - Direct Plan,HDFC Mutual Fund
2015-09-24,3039.2221,119092,HDFC Money Market Fund - Growth Option - Direct Plan,HDFC Mutual Fund
2015-09-27,3041.1659,119092,HDFC Money Market Fund - Growth Option - Direct Plan,HDFC Mutual Fund
2015-09-28,3041.805,119092,HDFC Money Market Fund - Growth Option - Direct Plan,HDFC Mutual Fund
2015-09-29,3042.6718,119092,HDFC Money Market Fund - Growth Option - Direct Plan,HDFC Mutual Fund
2015-09-30,3043.4443,119092,HDFC Money Market Fund - Growth Option - Direct Plan,HDFC Mutual Fund
2015-10-01,3044.1152,119092,HDFC Money Market Fund - Growth Option - Direct Plan,HDFC Mutual Fund
2015-10-04,3046.0815,119092,HDFC Money Market Fund - Growth Option - Direct Plan,HDFC Mutual Fund
2015-10-05,3046.7171,119092,HDFC Money Market Fund - Growth Option - Direct Plan,HDFC Mutual Fund
2015-10-06,3047.348,119092,HDFC Money Market Fund - Growth Option - Direct Plan,HDFC Mutual Fund
2015-10-07,3047.9811,119092,HDFC Money Market Fund - Growth Option - Direct Plan,HDFC Mutual Fund
2015-10-08,3048.6109,119092,HDFC Money Market Fund - Growth Option - Direct Plan,HDFC Mutual Fund
2015-10-09,3049.2565,119092,HDFC Money Market Fund - Growth Option - Direct Plan,HDFC Mutual Fund
2015-10-11,3050.5247,119092,HDFC Money Market Fund - Growth Option - Direct Plan,HDFC Mutual Fund
2015-10-12,3051.1526,119092,HDFC Money Market Fund - Growth Option - Direct Plan,HDFC Mutual Fund
2015-10-13,3051.7763,119092,HDFC Money Market Fund - Growth Option - Direct Plan,HDFC Mutual Fund
2015-10-14,3052.405,119092,HDFC Money Market Fund - Growth Option - Direct Plan,HDFC Mutual Fund
2015-10-15,3053.0272,119092,HDFC Money Market Fund - Growth Option - Direct Plan,HDFC Mutual Fund
2015-10-16,3053.6683,119092,HDFC Money Market Fund - Growth Option - Direct Plan,HDFC Mutual Fund
2015-10-18,3054.9508,119092,HDFC Money Market Fund - Growth Option - Direct Plan,HDFC Mutual Fund
2015-10-19,3055.572,119092,HDFC Money Market Fund - Growth Option - Direct Plan,HDFC Mutual Fund
2015-10-20,3056.1957,119092,HDFC Money Market Fund - Growth Option - Direct Plan,HDFC Mutual Fund
2015-10-21,3056.838,119092,HDFC Money Market Fund - Growth Option - Direct Plan,HDFC Mutual Fund
2015-10-22,3057.4803,119092,HDFC Money Market Fund - Growth Option - Direct Plan,HDFC Mutual Fund
2015-10-23,3058.104,119092,HDFC Money Market Fund - Growth Option - Direct Plan,HDFC Mutual Fund
2015-10-25,3059.3499,119092,HDFC Money Market Fund - Growth Option - Direct Plan,HDFC Mutual Fund
2015-10-26,3059.9919,119092,HDFC Money Market Fund - Growth Option - Direct Plan,HDFC Mutual Fund
2015-10-27,3060.6123,119092,HDFC Money Market Fund - Growth Option - Direct Plan,HDFC Mutual Fund
2015-10-28,3061.2513,119092,HDFC Money Market Fund - Growth Option - Direct Plan,HDFC Mutual Fund
2015-10-29,3061.871,119092,HDFC Money Market Fund - Growth Option - Direct Plan,HDFC Mutual Fund
2015-10-30,3062.5204,119092,HDFC Money Market Fund - Growth Option - Direct Plan,HDFC Mutual Fund
2015-11-01,3063.8107,119092,HDFC Money Market Fund - Growth Option - Direct Plan,HDFC Mutual Fund
2015-11-02,3064.428,119092,HDFC Money Market Fund - Growth Option - Direct Plan,HDFC Mutual Fund
2015-11-03,3065.0468,119092,HDFC Money Market Fund - Growth Option - Direct Plan,HDFC Mutual Fund
2015-11-04,3065.6646,119092,HDFC Money Market Fund - Growth Option - Direct Plan,HDFC Mutual Fund
2015-11-05,3066.2883,119092,HDFC Money Market Fund - Growth Option - Direct Plan,HDFC Mutual Fund
2015-11-06,3066.9314,119092,HDFC Money Market Fund - Growth Option - Direct Plan,HDFC Mutual Fund
2015-11-08,3068.2149,119092,HDFC Money Market Fund - Growth Option - Direct Plan,HDFC Mutual Fund
2015-11-09,3068.8375,119092,HDFC Money Market Fund - Growth Option - Direct Plan,HDFC Mutual Fund
2015-11-10,3069.476,119092,HDFC Money Market Fund - Growth Option - Direct Plan,HDFC Mutual Fund
2015-11-12,3070.7243,119092,HDFC Money Market Fund - Growth Option - Direct Plan,HDFC Mutual Fund
2015-11-13,3071.3642,119092,HDFC Money Market Fund - Growth Option - Direct Plan,HDFC Mutual Fund
2015-11-15,3072.6355,119092,HDFC Money Market Fund - Growth Option - Direct Plan,HDFC Mutual Fund
2015-11-16,3073.2585,119092,HDFC Money Market Fund - Growth Option - Direct Plan,HDFC Mutual Fund
2015-11-17,3073.8901,119092,HDFC Money Market Fund - Growth Option - Direct Plan,HDFC Mutual Fund
2015-11-18,3074.5085,119092,HDFC Money Market Fund - Growth Option - Direct Plan,HDFC Mutual Fund
2015-11-19,3075.1328,119092,HDFC Money Market Fund - Growth Option - Direct Plan,HDFC Mutual Fund
2015-11-20,3075.6872,119092,HDFC Money Market Fund - Growth Option - Direct Plan,HDFC Mutual Fund
2015-11-22,3076.982,119092,HDFC Money Market Fund - Growth Option - Direct Plan,HDFC Mutual Fund
2015-11-23,3077.5969,119092,HDFC Money Market Fund - Growth Option - Direct Plan,HDFC Mutual Fund
2015-11-24,3078.2189,119092,HDFC Money Market Fund - Growth Option - Direct Plan,HDFC Mutual Fund
2015-11-25,3078.8659,119092,HDFC Money Market Fund - Growth Option - Direct Plan,HDFC Mutual Fund
2015-11-26,3079.5045,119092,HDFC Money Market Fund - Growth Option - Direct Plan,HDFC Mutual Fund
2015-11-27,3080.137,119092,HDFC Money Market Fund - Growth Option - Direct Plan,HDFC Mutual Fund
2015-11-29,3081.3229,119092,HDFC Money Market Fund - Growth Option - Direct Plan,HDFC Mutual Fund
2015-11-30,3081.933,119092,HDFC Money Market Fund - Growth Option - Direct Plan,HDFC Mutual Fund
2015-12-01,3082.5388,119092,HDFC Money Market Fund - Growth Option - Direct Plan,HDFC Mutual Fund
2015-12-02,3083.1525,119092,HDFC Money Market Fund - Growth Option - Direct Plan,HDFC Mutual Fund
2015-12-03,3083.7681,119092,HDFC Money Market Fund - Growth Option - Direct Plan,HDFC Mutual Fund
2015-12-04,3084.3877,119092,HDFC Money Market Fund - Growth Option - Direct Plan,HDFC Mutual Fund
2015-12-06,3085.6465,119092,HDFC Money Market Fund - Growth Option - Direct Plan,HDFC Mutual Fund
2015-12-07,3086.2556,119092,HDFC Money Market Fund - Growth Option - Direct Plan,HDFC Mutual Fund
2015-12-08,3086.8712,119092,HDFC Money Market Fund - Growth Option - Direct Plan,HDFC Mutual Fund
2015-12-09,3087.4736,119092,HDFC Money Market Fund - Growth Option - Direct Plan,HDFC Mutual Fund
2015-12-10,3088.0813,119092,HDFC Money Market Fund - Growth Option - Direct Plan,HDFC Mutual Fund
2015-12-11,3088.6927,119092,HDFC Money Market Fund - Growth Option - Direct Plan,HDFC Mutual Fund
2015-12-13,3089.9734,119092,HDFC Money Market Fund - Growth Option - Direct Plan,HDFC Mutual Fund
2015-12-14,3090.5792,119092,HDFC Money Market Fund - Growth Option - Direct Plan,HDFC Mutual Fund
2015-12-15,3091.2349,119092,HDFC Money Market Fund - Growth Option - Direct Plan,HDFC Mutual Fund
2015-12-16,3091.8707,119092,HDFC Money Market Fund - Growth Option - Direct Plan,HDFC Mutual Fund
2015-12-17,3092.5023,119092,HDFC Money Market Fund - Growth Option - Direct Plan,HDFC Mutual Fund
2015-12-18,3093.1513,119092,HDFC Money Market Fund - Growth Option - Direct Plan,HDFC Mutual Fund
2015-12-20,3094.4618,119092,HDFC Money Market Fund - Growth Option - Direct Plan,HDFC Mutual Fund
2015-12-21,3095.1029,119092,HDFC Money Market Fund - Growth Option - Direct Plan,HDFC Mutual Fund
2015-12-22,3095.7407,119092,HDFC Money Market Fund - Growth Option - Direct Plan,HDFC Mutual Fund
2015-12-23,3096.3937,119092,HDFC Money Market Fund - Growth Option - Direct Plan,HDFC Mutual Fund
2015-12-27,3098.9965,119092,HDFC Money Market Fund - Growth Option - Direct Plan,HDFC Mutual Fund
2015-12-28,3099.6221,119092,HDFC Money Market Fund - Growth Option - Direct Plan,HDFC Mutual Fund
2015-12-29,3100.264,119092,HDFC Money Market Fund - Growth Option - Direct Plan,HDFC Mutual Fund
2015-12-30,3100.9072,119092,HDFC Money Market Fund - Growth Option - Direct Plan,HDFC Mutual Fund
2015-12-31,3101.6925,119092,HDFC Money Market Fund - Growth Option - Direct Plan,HDFC Mutual Fund
2016-01-01,3102.3838,119092,HDFC Money Market Fund - Growth Option - Direct Plan,HDFC Mutual Fund
2016-01-03,3103.5954,119092,HDFC Money Market Fund - Growth Option - Direct Plan,HDFC Mutual Fund
2016-01-04,3104.225,119092,HDFC Money Market Fund - Growth Option - Direct Plan,HDFC Mutual Fund
2016-01-05,3104.8751,119092,HDFC Money Market Fund - Growth Option - Direct Plan,HDFC Mutual Fund
2016-01-06,3105.5455,119092,HDFC Money Market Fund - Growth Option - Direct Plan,HDFC Mutual Fund
2016-01-07,3106.1847,119092,HDFC Money Market Fund - Growth Option - Direct Plan,HDFC Mutual Fund
2016-01-08,3106.8293,119092,HDFC Money Market Fund - Growth Option - Direct Plan,HDFC Mutual Fund
2016-01-10,3108.1152,119092,HDFC Money Market Fund - Growth Option - Direct Plan,HDFC Mutual Fund
2016-01-11,3108.7484,119092,HDFC Money Market Fund - Growth Option - Direct Plan,HDFC Mutual Fund
2016-01-12,3109.3768,119092,HDFC Money Market Fund - Growth Option - Direct Plan,HDFC Mutual Fund
2016-01-13,3110.017,119092,HDFC Money Market Fund - Growth Option - Direct Plan,HDFC Mutual Fund
2016-01-14,3110.6499,119092,HDFC Money Market Fund - Growth Option - Direct Plan,HDFC Mutual Fund
2016-01-15,3111.2911,119092,HDFC Money Market Fund - Growth Option - Direct Plan,HDFC Mutual Fund
2016-01-17,3112.5858,119092,HDFC Money Market Fund - Growth Option - Direct Plan,HDFC Mutual Fund
2016-01-18,3113.2147,119092,HDFC Money Market Fund - Growth Option - Direct Plan,HDFC Mutual Fund
2016-01-19,3113.8248,119092,HDFC Money Market Fund - Growth Option - Direct Plan,HDFC Mutual Fund
2016-01-20,3114.4613,119092,HDFC Money Market Fund - Growth Option - Direct Plan,HDFC Mutual Fund
2016-01-21,3115.0846,119092,HDFC Money Market Fund - Growth Option - Direct Plan,HDFC Mutual Fund
2016-01-22,3115.7175,119092,HDFC Money Market Fund - Growth Option - Direct Plan,HDFC Mutual Fund
2016-01-24,3116.9944,119092,HDFC Money Market Fund - Growth Option - Direct Plan,HDFC Mutual Fund
2016-01-25,3117.612,119092,HDFC Money Market Fund - Growth Option - Direct Plan,HDFC Mutual Fund
2016-01-26,3118.2575,119092,HDFC Money Market Fund - Growth Option - Direct Plan,HDFC Mutual Fund
2016-01-27,3118.8894,119092,HDFC Money Market Fund - Growth Option - Direct Plan,HDFC Mutual Fund
2016-01-28,3119.5284,119092,HDFC Money Market Fund - Growth Option - Direct Plan,HDFC Mutual Fund
2016-01-29,3120.1605,119092,HDFC Money Market Fund - Growth Option - Direct Plan,HDFC Mutual Fund
2016-01-31,3121.4624,119092,HDFC Money Market Fund - Growth Option - Direct Plan,HDFC Mutual Fund
2016-02-01,3122.1056,119092,HDFC Money Market Fund - Growth Option - Direct Plan,HDFC Mutual Fund
2016-02-02,3122.7447,119092,HDFC Money Market Fund - Growth Option - Direct Plan,HDFC Mutual Fund
2016-02-03,3123.3797,119092,HDFC Money Market Fund - Growth Option - Direct Plan,HDFC Mutual Fund
2016-02-04,3124.0179,119092,HDFC Money Market Fund - Growth Option - Direct Plan,HDFC Mutual Fund
2016-02-05,3124.6154,119092,HDFC Money Market Fund - Growth Option - Direct Plan,HDFC Mutual Fund
2016-02-07,3125.9741,119092,HDFC Money Market Fund - Growth Option - Direct Plan,HDFC Mutual Fund
2016-02-08,3126.6269,119092,HDFC Money Market Fund - Growth Option - Direct Plan,HDFC Mutual Fund
2016-02-09,3127.2983,119092,HDFC Money Market Fund - Growth Option - Direct Plan,HDFC Mutual Fund
2016-02-10,3127.9645,119092,HDFC Money Market Fund - Growth Option - Direct Plan,HDFC Mutual Fund
2016-02-11,3128.6196,119092,HDFC Money Market Fund - Growth Option - Direct Plan,HDFC Mutual Fund
2016-02-12,3129.2884,119092,HDFC Money Market Fund - Growth Option - Direct Plan,HDFC Mutual Fund
2016-02-14,3130.6152,119092,HDFC Money Market Fund - Growth Option - Direct Plan,HDFC Mutual Fund
2016-02-15,3131.2698,119092,HDFC Money Market Fund - Growth Option - Direct Plan,HDFC Mutual Fund
2016-02-16,3131.9276,119092,HDFC Money Market Fund - Growth Option - Direct Plan,HDFC Mutual Fund
2016-02-17,3132.5846,119092,HDFC Money Market Fund - Growth Option - Direct Plan,HDFC Mutual Fund
2016-02-18,3133.2112,119092,HDFC Money Market Fund - Growth Option - Direct Plan,HDFC Mutual Fund
2016-02-21,3135.2388,119092,HDFC Money Market Fund - Growth Option - Direct Plan,HDFC Mutual Fund
2016-02-22,3135.8917,119092,HDFC Money Market Fund - Growth Option - Direct Plan,HDFC Mutual Fund
2016-02-23,3136.5331,119092,HDFC Money Market Fund - Growth Option - Direct Plan,HDFC Mutual Fund
2016-02-24,3137.1609,119092,HDFC Money Market Fund - Growth Option - Direct Plan,HDFC Mutual Fund
2016-02-25,3137.7835,119092,HDFC Money Market Fund - Growth Option - Direct Plan,HDFC Mutual Fund
2016-02-26,3138.3921,119092,HDFC Money Market Fund - Growth Option - Direct Plan,HDFC Mutual Fund
2016-02-28,3139.7574,119092,HDFC Money Market Fund - Growth Option - Direct Plan,HDFC Mutual Fund
2016-02-29,3140.4691,119092,HDFC Money Market Fund - Growth Option - Direct Plan,HDFC Mutual Fund
2016-03-01,3141.1679,119092,HDFC Money Market Fund - Growth Option - Direct Plan,HDFC Mutual Fund
2016-03-02,3141.8721,119092,HDFC Money Market Fund - Growth Option - Direct Plan,HDFC Mutual Fund
2016-03-03,3142.5577,119092,HDFC Money Market Fund - Growth Option - Direct Plan,HDFC Mutual Fund
2016-03-04,3143.2208,119092,HDFC Money Market Fund - Growth Option - Direct Plan,HDFC Mutual Fund
2016-03-07,3145.2805,119092,HDFC Money Market Fund - Growth Option - Direct Plan,HDFC Mutual Fund
2016-03-08,3145.9221,119092,HDFC Money Market Fund - Growth Option - Direct Plan,HDFC Mutual Fund
2016-03-09,3146.6036,119092,HDFC Money Market Fund - Growth Option - Direct Plan,HDFC Mutual Fund
2016-03-10,3147.2584,119092,HDFC Money Market Fund - Growth Option - Direct Plan,HDFC Mutual Fund
2016-03-11,3147.9784,119092,HDFC Money Market Fund - Growth Option - Direct Plan,HDFC Mutual Fund
2016-03-13,3149.4017,119092,HDFC Money Market Fund - Growth Option - Direct Plan,HDFC Mutual Fund
2016-03-14,3150.2227,119092,HDFC Money Market Fund - Growth Option - Direct Plan,HDFC Mutual Fund
2016-03-15,3150.9635,119092,HDFC Money Market Fund - Growth Option - Direct Plan,HDFC Mutual Fund
2016-03-16,3151.6748,119092,HDFC Money Market Fund - Growth Option - Direct Plan,HDFC Mutual Fund
2016-03-17,3152.4093,119092,HDFC Money Market Fund - Growth Option - Direct Plan,HDFC Mutual Fund
2016-03-18,3153.1528,119092,HDFC Money Market Fund - Growth Option - Direct Plan,HDFC Mutual Fund
2016-03-20,3154.5758,119092,HDFC Money Market Fund - Growth Option - Direct Plan,HDFC Mutual Fund
2016-03-21,3155.2912,119092,HDFC Money Market Fund - Growth Option - Direct Plan,HDFC Mutual Fund
2016-03-22,3155.9923,119092,HDFC Money Market Fund - Growth Option - Direct Plan,HDFC Mutual Fund
2016-03-23,3156.4726,119092,HDFC Money Market Fund - Growth Option - Direct Plan,HDFC Mutual Fund
2016-03-27,3159.3598,119092,HDFC Money Market Fund - Growth Option - Direct Plan,HDFC Mutual Fund
2016-03-28,3159.9847,119092,HDFC Money Market Fund - Growth Option - Direct Plan,HDFC Mutual Fund
2016-03-29,3160.7439,119092,HDFC Money Market Fund - Growth Option - Direct Plan,HDFC Mutual Fund
2016-03-30,3161.7279,119092,HDFC Money Market Fund - Growth Option - Direct Plan,HDFC Mutual Fund
2016-03-31,3163.9749,119092,HDFC Money Market Fund - Growth Option - Direct Plan,HDFC Mutual Fund
2016-04-03,3166.6893,119092,HDFC Money Market Fund - Growth Option - Direct Plan,HDFC Mutual Fund
2016-04-04,3167.5146,119092,HDFC Money Market Fund - Growth Option - Direct Plan,HDFC Mutual Fund
2016-04-05,3168.3416,119092,HDFC Money Market Fund - Growth Option - Direct Plan,HDFC Mutual Fund
2016-04-06,3169.0079,119092,HDFC Money Market Fund - Growth Option - Direct Plan,HDFC Mutual Fund
2016-04-07,3169.7482,119092,HDFC Money Market Fund - Growth Option - Direct Plan,HDFC Mutual Fund
2016-04-10,3171.9299,119092,HDFC Money Market Fund - Growth Option - Direct Plan,HDFC Mutual Fund
2016-04-11,3172.6688,119092,HDFC Money Market Fund - Growth Option - Direct Plan,HDFC Mutual Fund
2016-04-12,3173.3481,119092,HDFC Money Market Fund - Growth Option - Direct Plan,HDFC Mutual Fund
2016-04-13,3174.0609,119092,HDFC Money Market Fund - Growth Option - Direct Plan,HDFC Mutual Fund
2016-04-17,3176.9229,119092,HDFC Money Market Fund - Growth Option - Direct Plan,HDFC Mutual Fund
2016-04-18,3177.6109,119092,HDFC Money Market Fund - Growth Option - Direct Plan,HDFC Mutual Fund
2016-04-19,3178.2989,119092,HDFC Money Market Fund - Growth Option - Direct Plan,HDFC Mutual Fund
2016-04-20,3178.9937,119092,HDFC Money Market Fund - Growth Option - Direct Plan,HDFC Mutual Fund
2016-04-21,3179.6725,119092,HDFC Money Market Fund - Growth Option - Direct Plan,HDFC Mutual Fund
2016-04-22,3180.3791,119092,HDFC Money Market Fund - Growth Option - Direct Plan,HDFC Mutual Fund
2016-04-24,3181.7971,119092,HDFC Money Market Fund - Growth Option - Direct Plan,HDFC Mutual Fund
2016-04-25,3182.4759,119092,HDFC Money Market Fund - Growth Option - Direct Plan,HDFC Mutual Fund
2016-04-26,3183.167,119092,HDFC Money Market Fund - Growth Option - Direct Plan,HDFC Mutual Fund
2016-04-27,3183.8524,119092,HDFC Money Market Fund - Growth Option - Direct Plan,HDFC Mutual Fund
2016-04-28,3184.5522,119092,HDFC Money Market Fund - Growth Option - Direct Plan,HDFC Mutual Fund
2016-04-29,3185.241,119092,HDFC Money Market Fund - Growth Option - Direct Plan,HDFC Mutual Fund
2016-05-01,3186.6296,119092,HDFC Money Market Fund - Growth Option - Direct Plan,HDFC Mutual Fund
2016-05-02,3187.328,119092,HDFC Money Market Fund - Growth Option - Direct Plan,HDFC Mutual Fund
2016-05-03,3188.0279,119092,HDFC Money Market Fund - Growth Option - Direct Plan,HDFC Mutual Fund
2016-05-04,3188.7163,119092,HDFC Money Market Fund - Growth Option - Direct Plan,HDFC Mutual Fund
2016-05-05,3189.4069,119092,HDFC Money Market Fund - Growth Option - Direct Plan,HDFC Mutual Fund
2016-05-06,3190.0927,119092,HDFC Money Market Fund - Growth Option - Direct Plan,HDFC Mutual Fund
2016-05-08,3191.5075,119092,HDFC Money Market Fund - Growth Option - Direct Plan,HDFC Mutual Fund
2016-05-09,3192.1855,119092,HDFC Money Market Fund - Growth Option - Direct Plan,HDFC Mutual Fund
2016-05-10,3192.864,119092,HDFC Money Market Fund - Growth Option - Direct Plan,HDFC Mutual Fund
2016-05-11,3193.5508,119092,HDFC Money Market Fund - Growth Option - Direct Plan,HDFC Mutual Fund
2016-05-12,3194.2406,119092,HDFC Money Market Fund - Growth Option - Direct Plan,HDFC Mutual Fund
2016-05-13,3194.928,119092,HDFC Money Market Fund - Growth Option - Direct Plan,HDFC Mutual Fund
2016-05-15,3196.3182,119092,HDFC Money Market Fund - Growth Option - Direct Plan,HDFC Mutual Fund
2016-05-16,3197.0099,119092,HDFC Money Market Fund - Growth Option - Direct Plan,HDFC Mutual Fund
2016-05-17,3197.6936,119092,HDFC Money Market Fund - Growth Option - Direct Plan,HDFC Mutual Fund
2016-05-18,3198.4011,119092,HDFC Money Market Fund - Growth Option - Direct Plan,HDFC Mutual Fund
2016-05-19,3199.0833,119092,HDFC Money Market Fund - Growth Option - Direct Plan,HDFC Mutual Fund
2016-05-20,3199.7975,119092,HDFC Money Market Fund - Growth Option - Direct Plan,HDFC Mutual Fund
2016-05-22,3201.1418,119092,HDFC Money Market Fund - Growth Option - Direct Plan,HDFC Mutual Fund
2016-05-23,3201.822,119092,HDFC Money Market Fund - Growth Option - Direct Plan,HDFC Mutual Fund
2016-05-24,3202.4885,119092,HDFC Money Market Fund - Growth Option - Direct Plan,HDFC Mutual Fund
2016-05-25,3203.1676,119092,HDFC Money Market Fund - Growth Option - Direct Plan,HDFC Mutual Fund
2016-05-26,3203.8147,119092,HDFC Money Market Fund - Growth Option - Direct Plan,HDFC Mutual Fund
2016-05-27,3204.4825,119092,HDFC Money Market Fund - Growth Option - Direct Plan,HDFC Mutual Fund
2016-05-29,3205.8183,119092,HDFC Money Market Fund - Growth Option - Direct Plan,HDFC Mutual Fund
2016-05-30,3206.47,119092,HDFC Money Market Fund - Growth Option - Direct Plan,HDFC Mutual Fund
2016-05-31,3207.1892,119092,HDFC Money Market Fund - Growth Option - Direct Plan,HDFC Mutual Fund
2016-06-01,3207.8852,119092,HDFC Money Market Fund - Growth Option - Direct Plan,HDFC Mutual Fund
2016-06-02,3208.578,119092,HDFC Money Market Fund - Growth Option - Direct Plan,HDFC Mutual Fund
2016-06-03,3209.248,119092,HDFC Money Market Fund - Growth Option - Direct Plan,HDFC Mutual Fund
2016-06-05,3210.5478,119092,HDFC Money Market Fund - Growth Option - Direct Plan,HDFC Mutual Fund
2016-06-06,3211.27,119092,HDFC Money Market Fund - Growth Option - Direct Plan,HDFC Mutual Fund
2016-06-07,3211.9477,119092,HDFC Money Market Fund - Growth Option - Direct Plan,HDFC Mutual Fund
2016-06-08,3212.6384,119092,HDFC Money Market Fund - Growth Option - Direct Plan,HDFC Mutual Fund
2016-06-09,3213.2888,119092,HDFC Money Market Fund - Growth Option - Direct Plan,HDFC Mutual Fund
2016-06-10,3213.9764,119092,HDFC Money Market Fund - Growth Option - Direct Plan,HDFC Mutual Fund
2016-06-12,3215.3314,119092,HDFC Money Market Fund - Growth Option - Direct Plan,HDFC Mutual Fund
2016-06-13,3216.0085,119092,HDFC Money Market Fund - Growth Option - Direct Plan,HDFC Mutual Fund
2016-06-14,3216.6962,119092,HDFC Money Market Fund - Growth Option - Direct Plan,HDFC Mutual Fund
2016-06-15,3217.3867,119092,HDFC Money Market Fund - Growth Option - Direct Plan,HDFC Mutual Fund
2016-06-16,3218.0488,119092,HDFC Money Market Fund - Growth Option - Direct Plan,HDFC Mutual Fund
2016-06-17,3218.6867,119092,HDFC Money Market Fund - Growth Option - Direct Plan,HDFC Mutual Fund
2016-06-19,3220.0235,119092,HDFC Money Market Fund - Growth Option - Direct Plan,HDFC Mutual Fund
2016-06-20,3220.6629,119092,HDFC Money Market Fund - Growth Option - Direct Plan,HDFC Mutual Fund
2016-06-21,3221.3228,119092,HDFC Money Market Fund - Growth Option - Direct Plan,HDFC Mutual Fund
2016-06-22,3221.9762,119092,HDFC Money Market Fund - Growth Option - Direct Plan,HDFC Mutual Fund
2016-06-23,3222.6357,119092,HDFC Money Market Fund - Growth Option - Direct Plan,HDFC Mutual Fund
2016-06-24,3223.2605,119092,HDFC Money Market Fund - Growth Option - Direct Plan,HDFC Mutual Fund
2016-06-26,3224.6494,119092,HDFC Money Market Fund - Growth Option - Direct Plan,HDFC Mutual Fund
2016-06-27,3225.3149,119092,HDFC Money Market Fund - Growth Option - Direct Plan,HDFC Mutual Fund
2016-06-28,3225.9881,119092,HDFC Money Market Fund - Growth Option - Direct Plan,HDFC Mutual Fund
2016-06-29,3226.6535,119092,HDFC Money Market Fund - Growth Option - Direct Plan,HDFC Mutual Fund
2016-06-30,3227.4877,119092,HDFC Money Market Fund - Growth Option - Direct Plan,HDFC Mutual Fund
2016-07-01,3228.2491,119092,HDFC Money Market Fund - Growth Option - Direct Plan,HDFC Mutual Fund
2016-07-03,3229.5843,119092,HDFC Money Market Fund - Growth Option - Direct Plan,HDFC Mutual Fund
2016-07-04,3230.2398,119092,HDFC Money Market Fund - Growth Option - Direct Plan,HDFC Mutual Fund
2016-07-05,3230.9013,119092,HDFC Money Market Fund - Growth Option - Direct Plan,HDFC Mutual Fund
2016-07-06,3231.5512,119092,HDFC Money Market Fund - Growth Option - Direct Plan,HDFC Mutual Fund
2016-07-07,3232.2341,119092,HDFC Money Market Fund - Growth Option - Direct Plan,HDFC Mutual Fund
2016-07-08,3232.8805,119092,HDFC Money Market Fund - Growth Option - Direct Plan,HDFC Mutual Fund
2016-07-10,3234.1729,119092,HDFC Money Market Fund - Growth Option - Direct Plan,HDFC Mutual Fund
2016-07-11,3234.8239,119092,HDFC Money Market Fund - Growth Option - Direct Plan,HDFC Mutual Fund
2016-07-12,3235.4789,119092,HDFC Money Market Fund - Growth Option - Direct Plan,HDFC Mutual Fund
2016-07-13,3236.1354,119092,HDFC Money Market Fund - Growth Option - Direct Plan,HDFC Mutual Fund
2016-07-14,3236.8338,119092,HDFC Money Market Fund - Growth Option - Direct Plan,HDFC Mutual Fund
2016-07-15,3237.4948,119092,HDFC Money Market Fund - Growth Option - Direct Plan,HDFC Mutual Fund
2016-07-17,3238.7807,119092,HDFC Money Market Fund - Growth Option - Direct Plan,HDFC Mutual Fund
2016-07-18,3239.418,119092,HDFC Money Market Fund - Growth Option - Direct Plan,HDFC Mutual Fund
2016-07-19,3240.0509,119092,HDFC Money Market Fund - Growth Option - Direct Plan,HDFC Mutual Fund
2016-07-20,3240.6932,119092,HDFC Money Market Fund - Growth Option - Direct Plan,HDFC Mutual Fund
2016-07-21,3241.3324,119092,HDFC Money Market Fund - Growth Option - Direct Plan,HDFC Mutual Fund
2016-07-22,3241.9722,119092,HDFC Money Market Fund - Growth Option - Direct Plan,HDFC Mutual Fund
2016-07-24,3243.2429,119092,HDFC Money Market Fund - Growth Option - Direct Plan,HDFC Mutual Fund
2016-07-25,3243.8699,119092,HDFC Money Market Fund - Growth Option - Direct Plan,HDFC Mutual Fund
2016-07-26,3244.5138,119092,HDFC Money Market Fund - Growth Option - Direct Plan,HDFC Mutual Fund
2016-07-27,3245.1498,119092,HDFC Money Market Fund - Growth Option - Direct Plan,HDFC Mutual Fund
2016-07-28,3245.7931,119092,HDFC Money Market Fund - Growth Option - Direct Plan,HDFC Mutual Fund
2016-07-29,3246.4186,119092,HDFC Money Market Fund - Growth Option - Direct Plan,HDFC Mutual Fund
2016-07-31,3247.6269,119092,HDFC Money Market Fund - Growth Option - Direct Plan,HDFC Mutual Fund
2016-08-01,3248.2477,119092,HDFC Money Market Fund - Growth Option - Direct Plan,HDFC Mutual Fund
2016-08-02,3248.8641,119092,HDFC Money Market Fund - Growth Option - Direct Plan,HDFC Mutual Fund
2016-08-03,3249.5571,119092,HDFC Money Market Fund - Growth Option - Direct Plan,HDFC Mutual Fund
2016-08-04,3250.169,119092,HDFC Money Market Fund - Growth Option - Direct Plan,HDFC Mutual Fund
2016-08-05,3250.7934,119092,HDFC Money Market Fund - Growth Option - Direct Plan,HDFC Mutual Fund
2016-08-07,3252.0719,119092,HDFC Money Market Fund - Growth Option - Direct Plan,HDFC Mutual Fund
2016-08-08,3252.7127,119092,HDFC Money Market Fund - Growth Option - Direct Plan,HDFC Mutual Fund
2016-08-09,3253.3384,119092,HDFC Money Market Fund - Growth Option - Direct Plan,HDFC Mutual Fund
2016-08-10,3253.9374,119092,HDFC Money Market Fund - Growth Option - Direct Plan,HDFC Mutual Fund
2016-08-11,3254.5885,119092,HDFC Money Market Fund - Growth Option - Direct Plan,HDFC Mutual Fund
2016-08-12,3255.189,119092,HDFC Money Market Fund - Growth Option - Direct Plan,HDFC Mutual Fund
2016-08-15,3257.1109,119092,HDFC Money Market Fund - Growth Option - Direct Plan,HDFC Mutual Fund
2016-08-16,3257.7361,119092,HDFC Money Market Fund - Growth Option - Direct Plan,HDFC Mutual Fund
2016-08-17,3258.3493,119092,HDFC Money Market Fund - Growth Option - Direct Plan,HDFC Mutual Fund
2016-08-18,3258.9676,119092,HDFC Money Market Fund - Growth Option - Direct Plan,HDFC Mutual Fund
2016-08-19,3259.5958,119092,HDFC Money Market Fund - Growth Option - Direct Plan,HDFC Mutual Fund
2016-08-21,3260.8526,119092,HDFC Money Market Fund - Growth Option - Direct Plan,HDFC Mutual Fund
2016-08-22,3261.4735,119092,HDFC Money Market Fund - Growth Option - Direct Plan,HDFC Mutual Fund
2016-08-23,3262.0914,119092,HDFC Money Market Fund - Growth Option - Direct Plan,HDFC Mutual Fund
2016-08-24,3262.7101,119092,HDFC Money Market Fund - Growth Option - Direct Plan,HDFC Mutual Fund
2016-08-25,3263.3265,119092,HDFC Money Market Fund - Growth Option - Direct Plan,HDFC Mutual Fund
2016-08-26,3263.9616,119092,HDFC Money Market Fund - Growth Option - Direct Plan,HDFC Mutual Fund
2016-08-28,3265.1935,119092,HDFC Money Market Fund - Growth Option - Direct Plan,HDFC Mutual Fund
2016-08-29,3265.8052,119092,HDFC Money Market Fund - Growth Option - Direct Plan,HDFC Mutual Fund
2016-08-30,3266.3862,119092,HDFC Money Market Fund - Growth Option - Direct Plan,HDFC Mutual Fund
2016-08-31,3267.016,119092,HDFC Money Market Fund - Growth Option - Direct Plan,HDFC Mutual Fund
2016-09-01,3267.6127,119092,HDFC Money Market Fund - Growth Option - Direct Plan,HDFC Mutual Fund
2016-09-02,3268.2219,119092,HDFC Money Market Fund - Growth Option - Direct Plan,HDFC Mutual Fund
2016-09-05,3270.1044,119092,HDFC Money Market Fund - Growth Option - Direct Plan,HDFC Mutual Fund
2016-09-06,3270.7148,119092,HDFC Money Market Fund - Growth Option - Direct Plan,HDFC Mutual Fund
2016-09-07,3271.3271,119092,HDFC Money Market Fund - Growth Option - Direct Plan,HDFC Mutual Fund
2016-09-08,3271.9333,119092,HDFC Money Market Fund - Growth Option - Direct Plan,HDFC Mutual Fund
2016-09-09,3272.5127,119092,HDFC Money Market Fund - Growth Option - Direct Plan,HDFC Mutual Fund
2016-09-11,3273.7481,119092,HDFC Money Market Fund - Growth Option - Direct Plan,HDFC Mutual Fund
2016-09-12,3274.3642,119092,HDFC Money Market Fund - Growth Option - Direct Plan,HDFC Mutual Fund
2016-09-13,3274.9709,119092,HDFC Money Market Fund - Growth Option - Direct Plan,HDFC Mutual Fund
2016-09-14,3275.5936,119092,HDFC Money Market Fund - Growth Option - Direct Plan,HDFC Mutual Fund
2016-09-15,3276.2065,119092,HDFC Money Market Fund - Growth Option - Direct Plan,HDFC Mutual Fund
2016-09-16,3276.801,119092,HDFC Money Market Fund - Growth Option - Direct Plan,HDFC Mutual Fund
2016-09-18,3278.0521,119092,HDFC Money Market Fund - Growth Option - Direct Plan,HDFC Mutual Fund
2016-09-19,3278.663,119092,HDFC Money Market Fund - Growth Option - Direct Plan,HDFC Mutual Fund
2016-09-20,3279.2752,119092,HDFC Money Market Fund - Growth Option - Direct Plan,HDFC Mutual Fund
2016-09-21,3279.876,119092,HDFC Money Market Fund - Growth Option - Direct Plan,HDFC Mutual Fund
2016-09-22,3280.4814,119092,HDFC Money Market Fund - Growth Option - Direct Plan,HDFC Mutual Fund
2016-09-23,3281.1054,119092,HDFC Money Market Fund - Growth Option - Direct Plan,HDFC Mutual Fund
2016-09-25,3282.3437,119092,HDFC Money Market Fund - Growth Option - Direct Plan,HDFC Mutual Fund
2016-09-26,3282.9408,119092,HDFC Money Market Fund - Growth Option - Direct Plan,HDFC Mutual Fund
2016-09-27,3283.5518,119092,HDFC Money Market Fund - Growth Option - Direct Plan,HDFC Mutual Fund
2016-09-28,3284.1669,119092,HDFC Money Market Fund - Growth Option - Direct Plan,HDFC Mutual Fund
2016-09-29,3284.7643,119092,HDFC Money Market Fund - Growth Option - Direct Plan,HDFC Mutual Fund
2016-09-30,3285.5718,119092,HDFC Money Market Fund - Growth Option - Direct Plan,HDFC Mutual Fund
2016-10-02,3286.984,119092,HDFC Money Market Fund - Growth Option - Direct Plan,HDFC Mutual Fund
2016-10-03,3287.5974,119092,HDFC Money Market Fund - Growth Option - Direct Plan,HDFC Mutual Fund
2016-10-04,3288.2173,119092,HDFC Money Market Fund - Growth Option - Direct Plan,HDFC Mutual Fund
2016-10-05,3288.8341,119092,HDFC Money Market Fund - Growth Option - Direct Plan,HDFC Mutual Fund
2016-10-06,3289.4548,119092,HDFC Money Market Fund - Growth Option - Direct Plan,HDFC Mutual Fund
2016-10-07,3290.0718,119092,HDFC Money Market Fund - Growth Option - Direct Plan,HDFC Mutual Fund
2016-10-09,3291.3016,119092,HDFC Money Market Fund - Growth Option - Direct Plan,HDFC Mutual Fund
2016-10-10,3291.8892,119092,HDFC Money Market Fund - Growth Option - Direct Plan,HDFC Mutual Fund
2016-10-12,3293.0718,119092,HDFC Money Market Fund - Growth Option - Direct Plan,HDFC Mutual Fund
2016-10-13,3293.6862,119092,HDFC Money Market Fund - Growth Option - Direct Plan,HDFC Mutual Fund
2016-10-14,3294.2376,119092,HDFC Money Market Fund - Growth Option - Direct Plan,HDFC Mutual Fund
2016-10-16,3295.5288,119092,HDFC Money Market Fund - Growth Option - Direct Plan,HDFC Mutual Fund
2016-10-17,3296.1379,119092,HDFC Money Market Fund - Growth Option - Direct Plan,HDFC Mutual Fund
2016-10-18,3296.7442,119092,HDFC Money Market Fund - Growth Option - Direct Plan,HDFC Mutual Fund
2016-10-19,3297.3496,119092,HDFC Money Market Fund - Growth Option - Direct Plan,HDFC Mutual Fund
2016-10-20,3297.9555,119092,HDFC Money Market Fund - Growth Option - Direct Plan,HDFC Mutual Fund
2016-10-21,3298.5155,119092,HDFC Money Market Fund - Growth Option - Direct Plan,HDFC Mutual Fund
2016-10-23,3299.7659,119092,HDFC Money Market Fund - Growth Option - Direct Plan,HDFC Mutual Fund
2016-10-24,3300.377,119092,HDFC Money Market Fund - Growth Option - Direct Plan,HDFC Mutual Fund
2016-10-25,3300.9863,119092,HDFC Money Market Fund - Growth Option - Direct Plan,HDFC Mutual Fund
2016-10-26,3301.5958,119092,HDFC Money Market Fund - Growth Option - Direct Plan,HDFC Mutual Fund
2016-10-27,3302.2025,119092,HDFC Money Market Fund - Growth Option - Direct Plan,HDFC Mutual Fund
2016-10-28,3302.8225,119092,HDFC Money Market Fund - Growth Option - Direct Plan,HDFC Mutual Fund
2016-10-31,3304.6573,119092,HDFC Money Market Fund - Growth Option - Direct Plan,HDFC Mutual Fund
2016-11-01,3305.2766,119092,HDFC Money Market Fund - Growth Option - Direct Plan,HDFC Mutual Fund
2016-11-02,3305.8902,119092,HDFC Money Market Fund - Growth Option - Direct Plan,HDFC Mutual Fund
2016-11-03,3306.5054,119092,HDFC Money Market Fund - Growth Option - Direct Plan,HDFC Mutual Fund
2016-11-04,3307.1195,119092,HDFC Money Market Fund - Growth Option - Direct Plan,HDFC Mutual Fund
2016-11-06,3308.346,119092,HDFC Money Market Fund - Growth Option - Direct Plan,HDFC Mutual Fund
2016-11-07,3308.9568,119092,HDFC Money Market Fund - Growth Option - Direct Plan,HDFC Mutual Fund
2016-11-08,3309.568,119092,HDFC Money Market Fund - Growth Option - Direct Plan,HDFC Mutual Fund
2016-11-09,3310.1841,119092,HDFC Money Market Fund - Growth Option - Direct Plan,HDFC Mutual Fund
2016-11-10,3310.7985,119092,HDFC Money Market Fund - Growth Option - Direct Plan,HDFC Mutual Fund
2016-11-11,3311.4206,119092,HDFC Money Market Fund - Growth Option - Direct Plan,HDFC Mutual Fund
2016-11-14,3313.2632,119092,HDFC Money Market Fund - Growth Option - Direct Plan,HDFC Mutual Fund
2016-11-15,3313.9608,119092,HDFC Money Market Fund - Growth Option - Direct Plan,HDFC Mutual Fund
2016-11-16,3314.6059,119092,HDFC Money Market Fund - Growth Option - Direct Plan,HDFC Mutual Fund
2016-11-17,3315.2236,119092,HDFC Money Market Fund - Growth Option - Direct Plan,HDFC Mutual Fund
2016-11-18,3315.833,119092,HDFC Money Market Fund - Growth Option - Direct Plan,HDFC Mutual Fund
2016-11-20,3317.0768,119092,HDFC Money Market Fund - Growth Option - Direct Plan,HDFC Mutual Fund
2016-11-21,3317.7077,119092,HDFC Money Market Fund - Growth Option - Direct Plan,HDFC Mutual Fund
2016-11-22,3318.3199,119092,HDFC Money Market Fund - Growth Option - Direct Plan,HDFC Mutual Fund
2016-11-23,3318.9476,119092,HDFC Money Market Fund - Growth Option - Direct Plan,HDFC Mutual Fund
2016-11-24,3319.7674,119092,HDFC Money Market Fund - Growth Option - Direct Plan,HDFC Mutual Fund
2016-11-25,3320.2845,119092,HDFC Money Market Fund - Growth Option - Direct Plan,HDFC Mutual Fund
2016-11-27,3321.4727,119092,HDFC Money Market Fund - Growth Option - Direct Plan,HDFC Mutual Fund
2016-11-28,3321.9533,119092,HDFC Money Market Fund - Growth Option - Direct Plan,HDFC Mutual Fund
2016-11-29,3322.5491,119092,HDFC Money Market Fund - Growth Option - Direct Plan,HDFC Mutual Fund
2016-11-30,3323.183,119092,HDFC Money Market Fund - Growth Option - Direct Plan,HDFC Mutual Fund
2016-12-01,3323.7685,119092,HDFC Money Market Fund - Growth Option - Direct Plan,HDFC Mutual Fund
2016-12-02,3324.091,119092,HDFC Money Market Fund - Growth Option - Direct Plan,HDFC Mutual Fund
2016-12-04,3325.3068,119092,HDFC Money Market Fund - Growth Option - Direct Plan,HDFC Mutual Fund
2016-12-05,3325.9363,119092,HDFC Money Market Fund - Growth Option - Direct Plan,HDFC Mutual Fund
2016-12-06,3326.5241,119092,HDFC Money Market Fund - Growth Option - Direct Plan,HDFC Mutual Fund
2016-12-07,3326.6282,119092,HDFC Money Market Fund - Growth Option - Direct Plan,HDFC Mutual Fund
2016-12-08,3327.206,119092,HDFC Money Market Fund - Growth Option - Direct Plan,HDFC Mutual Fund
2016-12-09,3327.8721,119092,HDFC Money Market Fund - Growth Option - Direct Plan,HDFC Mutual Fund
2016-12-12,3329.6099,119092,HDFC Money Market Fund - Growth Option - Direct Plan,HDFC Mutual Fund
2016-12-13,3330.2177,119092,HDFC Money Market Fund - Growth Option - Direct Plan,HDFC Mutual Fund
2016-12-14,3330.8499,119092,HDFC Money Market Fund - Growth Option - Direct Plan,HDFC Mutual Fund
2016-12-15,3331.4481,119092,HDFC Money Market Fund - Growth Option - Direct Plan,HDFC Mutual Fund
2016-12-16,3331.9311,119092,HDFC Money Market Fund - Growth Option - Direct Plan,HDFC Mutual Fund
2016-12-18,3333.202,119092,HDFC Money Market Fund - Growth Option - Direct Plan,HDFC Mutual Fund
2016-12-19,3333.7658,119092,HDFC Money Market Fund - Growth Option - Direct Plan,HDFC Mutual Fund
2016-12-20,3334.3649,119092,HDFC Money Market Fund - Growth Option - Direct Plan,HDFC Mutual Fund
2016-12-21,3334.9395,119092,HDFC Money Market Fund - Growth Option - Direct Plan,HDFC Mutual Fund
2016-12-22,3335.4822,119092,HDFC Money Market Fund - Growth Option - Direct Plan,HDFC Mutual Fund
2016-12-23,3335.9415,119092,HDFC Money Market Fund - Growth Option - Direct Plan,HDFC Mutual Fund
2016-12-25,3337.3036,119092,HDFC Money Market Fund - Growth Option - Direct Plan,HDFC Mutual Fund
2016-12-26,3337.8844,119092,HDFC Money Market Fund - Growth Option - Direct Plan,HDFC Mutual Fund
2016-12-27,3338.4742,119092,HDFC Money Market Fund - Growth Option - Direct Plan,HDFC Mutual Fund
2016-12-28,3339.1087,119092,HDFC Money Market Fund - Growth Option - Direct Plan,HDFC Mutual Fund
2016-12-29,3339.7057,119092,HDFC Money Market Fund - Growth Option - Direct Plan,HDFC Mutual Fund
2016-12-30,3340.3831,119092,HDFC Money Market Fund - Growth Option - Direct Plan,HDFC Mutual Fund
2017-01-01,3341.6261,119092,HDFC Money Market Fund - Growth Option - Direct Plan,HDFC Mutual Fund
2017-01-02,3342.2468,119092,HDFC Money Market Fund - Growth Option - Direct Plan,HDFC Mutual Fund
2017-01-03,3342.8581,119092,HDFC Money Market Fund - Growth Option - Direct Plan,HDFC Mutual Fund
2017-01-04,3343.4504,119092,HDFC Money Market Fund - Growth Option - Direct Plan,HDFC Mutual Fund
2017-01-05,3344.0332,119092,HDFC Money Market Fund - Growth Option - Direct Plan,HDFC Mutual Fund
2017-01-06,3344.6377,119092,HDFC Money Market Fund - Growth Option - Direct Plan,HDFC Mutual Fund
2017-01-08,3345.8006,119092,HDFC Money Market Fund - Growth Option - Direct Plan,HDFC Mutual Fund
2017-01-09,3346.3857,119092,HDFC Money Market Fund - Growth Option - Direct Plan,HDFC Mutual Fund
2017-01-10,3346.9752,119092,HDFC Money Market Fund - Growth Option - Direct Plan,HDFC Mutual Fund
2017-01-11,3347.5491,119092,HDFC Money Market Fund - Growth Option - Direct Plan,HDFC Mutual Fund
2017-01-12,3348.1344,119092,HDFC Money Market Fund - Growth Option - Direct Plan,HDFC Mutual Fund
2017-01-13,3348.7321,119092,HDFC Money Market Fund - Growth Option - Direct Plan,HDFC Mutual Fund
2017-01-15,3349.9292,119092,HDFC Money Market Fund - Growth Option - Direct Plan,HDFC Mutual Fund
2017-01-16,3350.5195,119092,HDFC Money Market Fund - Growth Option - Direct Plan,HDFC Mutual Fund
2017-01-17,3351.1052,119092,HDFC Money Market Fund - Growth Option - Direct Plan,HDFC Mutual Fund
2017-01-18,3351.7146,119092,HDFC Money Market Fund - Growth Option - Direct Plan,HDFC Mutual Fund
2017-01-19,3352.3153,119092,HDFC Money Market Fund - Growth Option - Direct Plan,HDFC Mutual Fund
2017-01-20,3352.9119,119092,HDFC Money Market Fund - Growth Option - Direct Plan,HDFC Mutual Fund
2017-01-22,3354.1307,119092,HDFC Money Market Fund - Growth Option - Direct Plan,HDFC Mutual Fund
2017-01-23,3354.7281,119092,HDFC Money Market Fund - Growth Option - Direct Plan,HDFC Mutual Fund
2017-01-24,3355.331,119092,HDFC Money Market Fund - Growth Option - Direct Plan,HDFC Mutual Fund
2017-01-25,3355.8844,119092,HDFC Money Market Fund - Growth Option - Direct Plan,HDFC Mutual Fund
2017-01-26,3356.5187,119092,HDFC Money Market Fund - Growth Option - Direct Plan,HDFC Mutual Fund
2017-01-27,3357.1171,119092,HDFC Money Market Fund - Growth Option - Direct Plan,HDFC Mutual Fund
2017-01-29,3358.3187,119092,HDFC Money Market Fund - Growth Option - Direct Plan,HDFC Mutual Fund
2017-01-30,3358.9266,119092,HDFC Money Market Fund - Growth Option - Direct Plan,HDFC Mutual Fund
2017-01-31,3359.5364,119092,HDFC Money Market Fund - Growth Option - Direct Plan,HDFC Mutual Fund
2017-02-01,3360.1553,119092,HDFC Money Market Fund - Growth Option - Direct Plan,HDFC Mutual Fund
2017-02-02,3360.7552,119092,HDFC Money Market Fund - Growth Option - Direct Plan,HDFC Mutual Fund
2017-02-03,3361.3876,119092,HDFC Money Market Fund - Growth Option - Direct Plan,HDFC Mutual Fund
2017-02-05,3362.6327,119092,HDFC Money Market Fund - Growth Option - Direct Plan,HDFC Mutual Fund
2017-02-06,3363.2356,119092,HDFC Money Market Fund - Growth Option - Direct Plan,HDFC Mutual Fund
2017-02-07,3363.8316,119092,HDFC Money Market Fund - Growth Option - Direct Plan,HDFC Mutual Fund
2017-02-08,3364.1948,119092,HDFC Money Market Fund - Growth Option - Direct Plan,HDFC Mutual Fund
2017-02-09,3364.7957,119092,HDFC Money Market Fund - Growth Option - Direct Plan,HDFC Mutual Fund
2017-02-10,3365.4149,119092,HDFC Money Market Fund - Growth Option - Direct Plan,HDFC Mutual Fund
2017-02-12,3366.6653,119092,HDFC Money Market Fund - Growth Option - Direct Plan,HDFC Mutual Fund
2017-02-13,3367.2951,119092,HDFC Money Market Fund - Growth Option - Direct Plan,HDFC Mutual Fund
2017-02-14,3367.9234,119092,HDFC Money Market Fund - Growth Option - Direct Plan,HDFC Mutual Fund
2017-02-15,3368.5395,119092,HDFC Money Market Fund - Growth Option - Direct Plan,HDFC Mutual Fund
2017-02-16,3369.1393,119092,HDFC Money Market Fund - Growth Option - Direct Plan,HDFC Mutual Fund
2017-02-17,3369.7884,119092,HDFC Money Market Fund - Growth Option - Direct Plan,HDFC Mutual Fund
2017-02-19,3370.9916,119092,HDFC Money Market Fund - Growth Option - Direct Plan,HDFC Mutual Fund
2017-02-20,3371.5929,119092,HDFC Money Market Fund - Growth Option - Direct Plan,HDFC Mutual Fund
2017-02-21,3372.1964,119092,HDFC Money Market Fund - Growth Option - Direct Plan,HDFC Mutual Fund
2017-02-22,3372.8098,119092,HDFC Money Market Fund - Growth Option - Direct Plan,HDFC Mutual Fund
2017-02-23,3373.4434,119092,HDFC Money Market Fund - Growth Option - Direct Plan,HDFC Mutual Fund
2017-02-26,3375.2892,119092,HDFC Money Market Fund - Growth Option - Direct Plan,HDFC Mutual Fund
2017-02-27,3375.9059,119092,HDFC Money Market Fund - Growth Option - Direct Plan,HDFC Mutual Fund
2017-02-28,3376.5187,119092,HDFC Money Market Fund - Growth Option - Direct Plan,HDFC Mutual Fund
2017-03-01,3377.1059,119092,HDFC Money Market Fund - Growth Option - Direct Plan,HDFC Mutual Fund
2017-03-02,3377.7013,119092,HDFC Money Market Fund - Growth Option - Direct Plan,HDFC Mutual Fund
2017-03-03,3378.2907,119092,HDFC Money Market Fund - Growth Option - Direct Plan,HDFC Mutual Fund
2017-03-05,3379.5549,119092,HDFC Money Market Fund - Growth Option - Direct Plan,HDFC Mutual Fund
2017-03-06,3380.131,119092,HDFC Money Market Fund - Growth Option - Direct Plan,HDFC Mutual Fund
2017-03-07,3380.7249,119092,HDFC Money Market Fund - Growth Option - Direct Plan,HDFC Mutual Fund
2017-03-08,3381.3211,119092,HDFC Money Market Fund - Growth Option - Direct Plan,HDFC Mutual Fund
2017-03-09,3381.8949,119092,HDFC Money Market Fund - Growth Option - Direct Plan,HDFC Mutual Fund
2017-03-10,3382.4619,119092,HDFC Money Market Fund - Growth Option - Direct Plan,HDFC Mutual Fund
2017-03-13,3384.2804,119092,HDFC Money Market Fund - Growth Option - Direct Plan,HDFC Mutual Fund
2017-03-14,3384.8697,119092,HDFC Money Market Fund - Growth Option - Direct Plan,HDFC Mutual Fund
2017-03-15,3385.499,119092,HDFC Money Market Fund - Growth Option - Direct Plan,HDFC Mutual Fund
2017-03-16,3386.1096,119092,HDFC Money Market Fund - Growth Option - Direct Plan,HDFC Mutual Fund
2017-03-17,3386.6985,119092,HDFC Money Market Fund - Growth Option - Direct Plan,HDFC Mutual Fund
2017-03-19,3388.0524,119092,HDFC Money Market Fund - Growth Option - Direct Plan,HDFC Mutual Fund
2017-03-20,3388.6912,119092,HDFC Money Market Fund - Growth Option - Direct Plan,HDFC Mutual Fund
2017-03-21,3389.3605,119092,HDFC Money Market Fund - Growth Option - Direct Plan,HDFC Mutual Fund
2017-03-22,3390.0157,119092,HDFC Money Market Fund - Growth Option - Direct Plan,HDFC Mutual Fund
2017-03-23,3390.6252,119092,HDFC Money Market Fund - Growth Option - Direct Plan,HDFC Mutual Fund
2017-03-24,3391.2272,119092,HDFC Money Market Fund - Growth Option - Direct Plan,HDFC Mutual Fund
2017-03-26,3392.4825,119092,HDFC Money Market Fund - Growth Option - Direct Plan,HDFC Mutual Fund
2017-03-27,3393.0739,119092,HDFC Money Market Fund - Growth Option - Direct Plan,HDFC Mutual Fund
2017-03-28,3393.6617,119092,HDFC Money Market Fund - Growth Option - Direct Plan,HDFC Mutual Fund
2017-03-29,3394.2784,119092,HDFC Money Market Fund - Growth Option - Direct Plan,HDFC Mutual Fund
2017-03-30,3394.8801,119092,HDFC Money Market Fund - Growth Option - Direct Plan,HDFC Mutual Fund
2017-03-31,3395.8471,119092,HDFC Money Market Fund - Growth Option - Direct Plan,HDFC Mutual Fund
2017-04-02,3397.3563,119092,HDFC Money Market Fund - Growth Option - Direct Plan,HDFC Mutual Fund
2017-04-03,3397.9286,119092,HDFC Money Market Fund - Growth Option - Direct Plan,HDFC Mutual Fund
2017-04-04,3398.5121,119092,HDFC Money Market Fund - Growth Option - Direct Plan,HDFC Mutual Fund
2017-04-05,3399.1106,119092,HDFC Money Market Fund - Growth Option - Direct Plan,HDFC Mutual Fund
2017-04-06,3399.6978,119092,HDFC Money Market Fund - Growth Option - Direct Plan,HDFC Mutual Fund
2017-04-07,3400.28,119092,HDFC Money Market Fund - Growth Option - Direct Plan,HDFC Mutual Fund
2017-04-09,3401.4509,119092,HDFC Money Market Fund - Growth Option - Direct Plan,HDFC Mutual Fund
2017-04-10,3402.0715,119092,HDFC Money Market Fund - Growth Option - Direct Plan,HDFC Mutual Fund
2017-04-11,3402.6946,119092,HDFC Money Market Fund - Growth Option - Direct Plan,HDFC Mutual Fund
2017-04-12,3403.3109,119092,HDFC Money Market Fund - Growth Option - Direct Plan,HDFC Mutual Fund
2017-04-13,3403.8668,119092,HDFC Money Market Fund - Growth Option - Direct Plan,HDFC Mutual Fund
2017-04-16,3405.7759,119092,HDFC Money Market Fund - Growth Option - Direct Plan,HDFC Mutual Fund
2017-04-17,3406.3729,119092,HDFC Money Market Fund - Growth Option - Direct Plan,HDFC Mutual Fund
2017-04-18,3406.9751,119092,HDFC Money Market Fund - Growth Option - Direct Plan,HDFC Mutual Fund
2017-04-19,3407.5716,119092,HDFC Money Market Fund - Growth Option - Direct Plan,HDFC Mutual Fund
2017-04-20,3408.1668,119092,HDFC Money Market Fund - Growth Option - Direct Plan,HDFC Mutual Fund
2017-04-21,3408.7567,119092,HDFC Money Market Fund - Growth Option - Direct Plan,HDFC Mutual Fund
2017-04-23,3409.9717,119092,HDFC Money Market Fund - Growth Option - Direct Plan,HDFC Mutual Fund
2017-04-24,3410.5636,119092,HDFC Money Market Fund - Growth Option - Direct Plan,HDFC Mutual Fund
2017-04-25,3411.1644,119092,HDFC Money Market Fund - Growth Option - Direct Plan,HDFC Mutual Fund
2017-04-26,3411.7395,119092,HDFC Money Market Fund - Growth Option - Direct Plan,HDFC Mutual Fund
2017-04-27,3412.3377,119092,HDFC Money Market Fund - Growth Option - Direct Plan,HDFC Mutual Fund
2017-04-28,3412.9483,119092,HDFC Money Market Fund - Growth Option - Direct Plan,HDFC Mutual Fund
2017-05-01,3414.787,119092,HDFC Money Market Fund - Growth Option - Direct Plan,HDFC Mutual Fund
2017-05-02,3415.3902,119092,HDFC Money Market Fund - Growth Option - Direct Plan,HDFC Mutual Fund
2017-05-03,3415.9934,119092,HDFC Money Market Fund - Growth Option - Direct Plan,HDFC Mutual Fund
2017-05-04,3416.5907,119092,HDFC Money Market Fund - Growth Option - Direct Plan,HDFC Mutual Fund
2017-05-05,3417.1956,119092,HDFC Money Market Fund - Growth Option - Direct Plan,HDFC Mutual Fund
2017-05-07,3418.3994,119092,HDFC Money Market Fund - Growth Option - Direct Plan,HDFC Mutual Fund
2017-05-08,3419.0012,119092,HDFC Money Market Fund - Growth Option - Direct Plan,HDFC Mutual Fund
2017-05-09,3419.6046,119092,HDFC Money Market Fund - Growth Option - Direct Plan,HDFC Mutual Fund
2017-05-10,3420.1978,119092,HDFC Money Market Fund - Growth Option - Direct Plan,HDFC Mutual Fund
2017-05-11,3420.811,119092,HDFC Money Market Fund - Growth Option - Direct Plan,HDFC Mutual Fund
2017-05-12,3421.3996,119092,HDFC Money Market Fund - Growth Option - Direct Plan,HDFC Mutual Fund
2017-05-14,3422.6103,119092,HDFC Money Market Fund - Growth Option - Direct Plan,HDFC Mutual Fund
2017-05-15,3423.2162,119092,HDFC Money Market Fund - Growth Option - Direct Plan,HDFC Mutual Fund
2017-05-16,3423.8348,119092,HDFC Money Market Fund - Growth Option - Direct Plan,HDFC Mutual Fund
2017-05-17,3424.4451,119092,HDFC Money Market Fund - Growth Option - Direct Plan,HDFC Mutual Fund
2017-05-18,3425.0538,119092,HDFC Money Market Fund - Growth Option - Direct Plan,HDFC Mutual Fund
2017-05-19,3425.6616,119092,HDFC Money Market Fund - Growth Option - Direct Plan,HDFC Mutual Fund
2017-05-21,3426.8536,119092,HDFC Money Market Fund - Growth Option - Direct Plan,HDFC Mutual Fund
2017-05-22,3427.4639,119092,HDFC Money Market Fund - Growth Option - Direct Plan,HDFC Mutual Fund
2017-05-23,3428.0849,119092,HDFC Money Market Fund - Growth Option - Direct Plan,HDFC Mutual Fund
2017-05-24,3428.6965,119092,HDFC Money Market Fund - Growth Option - Direct Plan,HDFC Mutual Fund
2017-05-25,3429.3081,119092,HDFC Money Market Fund - Growth Option - Direct Plan,HDFC Mutual Fund
2017-05-26,3429.9237,119092,HDFC Money Market Fund - Growth Option - Direct Plan,HDFC Mutual Fund
2017-05-28,3431.1415,119092,HDFC Money Market Fund - Growth Option - Direct Plan,HDFC Mutual Fund
2017-05-29,3431.7449,119092,HDFC Money Market Fund - Growth Option - Direct Plan,HDFC Mutual Fund
2017-05-30,3432.3465,119092,HDFC Money Market Fund - Growth Option - Direct Plan,HDFC Mutual Fund
2017-05-31,3432.9463,119092,HDFC Money Market Fund - Growth Option - Direct Plan,HDFC Mutual Fund
2017-06-01,3433.557,119092,HDFC Money Market Fund - Growth Option - Direct Plan,HDFC Mutual Fund
2017-06-02,3434.1943,119092,HDFC Money Market Fund - Growth Option - Direct Plan,HDFC Mutual Fund
2017-06-04,3435.3928,119092,HDFC Money Market Fund - Growth Option - Direct Plan,HDFC Mutual Fund
2017-06-05,3436.0053,119092,HDFC Money Market Fund - Growth Option - Direct Plan,HDFC Mutual Fund
2017-06-06,3436.5893,119092,HDFC Money Market Fund - Growth Option - Direct Plan,HDFC Mutual Fund
2017-06-07,3437.2181,119092,HDFC Money Market Fund - Growth Option - Direct Plan,HDFC Mutual Fund
2017-06-08,3437.8295,119092,HDFC Money Market Fund - Growth Option - Direct Plan,HDFC Mutual Fund
2017-06-09,3438.4636,119092,HDFC Money Market Fund - Growth Option - Direct Plan,HDFC Mutual Fund
2017-06-11,3439.6816,119092,HDFC Money Market Fund - Growth Option - Direct Plan,HDFC Mutual Fund
2017-06-12,3440.2725,119092,HDFC Money Market Fund - Growth Option - Direct Plan,HDFC Mutual Fund
2017-06-13,3440.9013,119092,HDFC Money Market Fund - Growth Option - Direct Plan,HDFC Mutual Fund
2017-06-14,3441.5029,119092,HDFC Money Market Fund - Growth Option - Direct Plan,HDFC Mutual Fund
2017-06-15,3442.1103,119092,HDFC Money Market Fund - Growth Option - Direct Plan,HDFC Mutual Fund
2017-06-16,3442.7067,119092,HDFC Money Market Fund - Growth Option - Direct Plan,HDFC Mutual Fund
2017-06-18,3443.908,119092,HDFC Money Market Fund - Growth Option - Direct Plan,HDFC Mutual Fund
2017-06-19,3444.5165,119092,HDFC Money Market Fund - Growth Option - Direct Plan,HDFC Mutual Fund
2017-06-20,3445.115,119092,HDFC Money Market Fund - Growth Option - Direct Plan,HDFC Mutual Fund
2017-06-21,3445.7205,119092,HDFC Money Market Fund - Growth Option - Direct Plan,HDFC Mutual Fund
2017-06-22,3446.3278,119092,HDFC Money Market Fund - Growth Option - Direct Plan,HDFC Mutual Fund
2017-06-23,3446.9477,119092,HDFC Money Market Fund - Growth Option - Direct Plan,HDFC Mutual Fund
2017-06-26,3448.7966,119092,HDFC Money Market Fund - Growth Option - Direct Plan,HDFC Mutual Fund
2017-06-27,3449.4114,119092,HDFC Money Market Fund - Growth Option - Direct Plan,HDFC Mutual Fund
2017-06-28,3449.9969,119092,HDFC Money Market Fund - Growth Option - Direct Plan,HDFC Mutual Fund
2017-06-29,3450.5748,119092,HDFC Money Market Fund - Growth Option - Direct Plan,HDFC Mutual Fund
2017-06-30,3451.246,119092,HDFC Money Market Fund - Growth Option - Direct Plan,HDFC Mutual Fund
2017-07-02,3452.5884,119092,HDFC Money Market Fund - Growth Option - Direct Plan,HDFC Mutual Fund
2017-07-03,3453.207,119092,HDFC Money Market Fund - Growth Option - Direct Plan,HDFC Mutual Fund
2017-07-04,3453.8592,119092,HDFC Money Market Fund - Growth Option - Direct Plan,HDFC Mutual Fund
2017-07-05,3454.4816,119092,HDFC Money Market Fund - Growth Option - Direct Plan,HDFC Mutual Fund
2017-07-06,3455.1129,119092,HDFC Money Market Fund - Growth Option - Direct Plan,HDFC Mutual Fund
2017-07-07,3455.7809,119092,HDFC Money Market Fund - Growth Option - Direct Plan,HDFC Mutual Fund
2017-07-09,3456.9857,119092,HDFC Money Market Fund - Growth Option - Direct Plan,HDFC Mutual Fund
2017-07-10,3457.6327,119092,HDFC Money Market Fund - Growth Option - Direct Plan,HDFC Mutual Fund
2017-07-11,3458.2367,119092,HDFC Money Market Fund - Growth Option - Direct Plan,HDFC Mutual Fund
2017-07-12,3458.8728,119092,HDFC Money Market Fund - Growth Option - Direct Plan,HDFC Mutual Fund
2017-07-13,3459.5201,119092,HDFC Money Market Fund - Growth Option - Direct Plan,HDFC Mutual Fund
2017-07-14,3460.1391,119092,HDFC Money Market Fund - Growth Option - Direct Plan,HDFC Mutual Fund
2017-07-16,3461.3384,119092,HDFC Money Market Fund - Growth Option - Direct Plan,HDFC Mutual Fund
2017-07-17,3461.952,119092,HDFC Money Market Fund - Growth Option - Direct Plan,HDFC Mutual Fund
2017-07-18,3462.5699,119092,HDFC Money Market Fund - Growth Option - Direct Plan,HDFC Mutual Fund
2017-07-19,3463.2174,119092,HDFC Money Market Fund - Growth Option - Direct Plan,HDFC Mutual Fund
2017-07-20,3463.8272,119092,HDFC Money Market Fund - Growth Option - Direct Plan,HDFC Mutual Fund
2017-07-21,3464.4634,119092,HDFC Money Market Fund - Growth Option - Direct Plan,HDFC Mutual Fund
2017-07-23,3465.6748,119092,HDFC Money Market Fund - Growth Option - Direct Plan,HDFC Mutual Fund
2017-07-24,3466.2928,119092,HDFC Money Market Fund - Growth Option - Direct Plan,HDFC Mutual Fund
2017-07-25,3466.8883,119092,HDFC Money Market Fund - Growth Option - Direct Plan,HDFC Mutual Fund
2017-07-26,3467.5183,119092,HDFC Money Market Fund - Growth Option - Direct Plan,HDFC Mutual Fund
2017-07-27,3468.107,119092,HDFC Money Market Fund - Growth Option - Direct Plan,HDFC Mutual Fund
2017-07-28,3468.7047,119092,HDFC Money Market Fund - Growth Option - Direct Plan,HDFC Mutual Fund
2017-07-30,3469.9106,119092,HDFC Money Market Fund - Growth Option - Direct Plan,HDFC Mutual Fund
2017-07-31,3470.5092,119092,HDFC Money Market Fund - Growth Option - Direct Plan,HDFC Mutual Fund
2017-08-01,3471.0974,119092,HDFC Money Market Fund - Growth Option - Direct Plan,HDFC Mutual Fund
2017-08-02,3471.702,119092,HDFC Money Market Fund - Growth Option - Direct Plan,HDFC Mutual Fund
2017-08-03,3472.3171,119092,HDFC Money Market Fund - Growth Option - Direct Plan,HDFC Mutual Fund
2017-08-04,3472.9164,119092,HDFC Money Market Fund - Growth Option - Direct Plan,HDFC Mutual Fund
2017-08-06,3474.1128,119092,HDFC Money Market Fund - Growth Option - Direct Plan,HDFC Mutual Fund
2017-08-07,3474.7115,119092,HDFC Money Market Fund - Growth Option - Direct Plan,HDFC Mutual Fund
2017-08-08,3475.3099,119092,HDFC Money Market Fund - Growth Option - Direct Plan,HDFC Mutual Fund
2017-08-09,3475.9185,119092,HDFC Money Market Fund - Growth Option - Direct Plan,HDFC Mutual Fund
2017-08-10,3476.5118,119092,HDFC Money Market Fund - Growth Option - Direct Plan,HDFC Mutual Fund
2017-08-11,3477.1149,119092,HDFC Money Market Fund - Growth Option - Direct Plan,HDFC Mutual Fund
2017-08-13,3478.3021,119092,HDFC Money Market Fund - Growth Option - Direct Plan,HDFC Mutual Fund
2017-08-14,3478.9037,119092,HDFC Money Market Fund - Growth Option - Direct Plan,HDFC Mutual Fund
2017-08-15,3479.4987,119092,HDFC Money Market Fund - Growth Option - Direct Plan,HDFC Mutual Fund
2017-08-16,3480.0686,119092,HDFC Money Market Fund - Growth Option - Direct Plan,HDFC Mutual Fund
2017-08-17,3480.6884,119092,HDFC Money Market Fund - Growth Option - Direct Plan,HDFC Mutual Fund
2017-08-18,3481.2819,119092,HDFC Money Market Fund - Growth Option - Direct Plan,HDFC Mutual Fund
2017-08-20,3482.474,119092,HDFC Money Market Fund - Growth Option - Direct Plan,HDFC Mutual Fund
2017-08-21,3483.0632,119092,HDFC Money Market Fund - Growth Option - Direct Plan,HDFC Mutual Fund
2017-08-22,3483.6659,119092,HDFC Money Market Fund - Growth Option - Direct Plan,HDFC Mutual Fund
2017-08-23,3484.2725,119092,HDFC Money Market Fund - Growth Option - Direct Plan,HDFC Mutual Fund
2017-08-24,3484.8561,119092,HDFC Money Market Fund - Growth Option - Direct Plan,HDFC Mutual Fund
2017-08-27,3486.6244,119092,HDFC Money Market Fund - Growth Option - Direct Plan,HDFC Mutual Fund
2017-08-28,3487.2089,119092,HDFC Money Market Fund - Growth Option - Direct Plan,HDFC Mutual Fund
2017-08-29,3487.8157,119092,HDFC Money Market Fund - Growth Option - Direct Plan,HDFC Mutual Fund
2017-08-30,3488.4005,119092,HDFC Money Market Fund - Growth Option - Direct Plan,HDFC Mutual Fund
2017-08-31,3489.0178,119092,HDFC Money Market Fund - Growth Option - Direct Plan,HDFC Mutual Fund
2017-09-01,3489.6208,119092,HDFC Money Market Fund - Growth Option - Direct Plan,HDFC Mutual Fund
2017-09-03,3490.8296,119092,HDFC Money Market Fund - Growth Option - Direct Plan,HDFC Mutual Fund
2017-09-04,3491.4433,119092,HDFC Money Market Fund - Growth Option - Direct Plan,HDFC Mutual Fund
2017-09-05,3492.0355,119092,HDFC Money Market Fund - Growth Option - Direct Plan,HDFC Mutual Fund
2017-09-06,3492.6349,119092,HDFC Money Market Fund - Growth Option - Direct Plan,HDFC Mutual Fund
2017-09-07,3493.227,119092,HDFC Money Market Fund - Growth Option - Direct Plan,HDFC Mutual Fund
2017-09-08,3493.8069,119092,HDFC Money Market Fund - Growth Option - Direct Plan,HDFC Mutual Fund
2017-09-10,3494.9759,119092,HDFC Money Market Fund - Growth Option - Direct Plan,HDFC Mutual Fund
2017-09-11,3495.5739,119092,HDFC Money Market Fund - Growth Option - Direct Plan,HDFC Mutual Fund
2017-09-12,3496.1883,119092,HDFC Money Market Fund - Growth Option - Direct Plan,HDFC Mutual Fund
2017-09-13,3496.7768,119092,HDFC Money Market Fund - Growth Option - Direct Plan,HDFC Mutual Fund
2017-09-14,3497.3672,119092,HDFC Money Market Fund - Growth Option - Direct Plan,HDFC Mutual Fund
2017-09-15,3497.9925,119092,HDFC Money Market Fund - Growth Option - Direct Plan,HDFC Mutual Fund
2017-09-17,3499.2095,119092,HDFC Money Market Fund - Growth Option - Direct Plan,HDFC Mutual Fund
2017-09-18,3499.8105,119092,HDFC Money Market Fund - Growth Option - Direct Plan,HDFC Mutual Fund
2017-09-19,3500.4063,119092,HDFC Money Market Fund - Growth Option - Direct Plan,HDFC Mutual Fund
2017-09-20,3501.0242,119092,HDFC Money Market Fund - Growth Option - Direct Plan,HDFC Mutual Fund
2017-09-21,3501.6227,119092,HDFC Money Market Fund - Growth Option - Direct Plan,HDFC Mutual Fund
2017-09-22,3502.1914,119092,HDFC Money Market Fund - Growth Option - Direct Plan,HDFC Mutual Fund
2017-09-24,3503.3869,119092,HDFC Money Market Fund - Growth Option - Direct Plan,HDFC Mutual Fund
2017-09-25,3504.023,119092,HDFC Money Market Fund - Growth Option - Direct Plan,HDFC Mutual Fund
2017-09-26,3504.6901,119092,HDFC Money Market Fund - Growth Option - Direct Plan,HDFC Mutual Fund
2017-09-27,3505.2812,119092,HDFC Money Market Fund - Growth Option - Direct Plan,HDFC Mutual Fund
2017-09-28,3505.8793,119092,HDFC Money Market Fund - Growth Option - Direct Plan,HDFC Mutual Fund
2017-09-29,3506.5189,119092,HDFC Money Market Fund - Growth Option - Direct Plan,HDFC Mutual Fund
2017-10-02,3508.3081,119092,HDFC Money Market Fund - Growth Option - Direct Plan,HDFC Mutual Fund
2017-10-03,3508.956,119092,HDFC Money Market Fund - Growth Option - Direct Plan,HDFC Mutual Fund
2017-10-04,3509.5354,119092,HDFC Money Market Fund - Growth Option - Direct Plan,HDFC Mutual Fund
2017-10-05,3510.1388,119092,HDFC Money Market Fund - Growth Option - Direct Plan,HDFC Mutual Fund
2017-10-06,3510.7308,119092,HDFC Money Market Fund - Growth Option - Direct Plan,HDFC Mutual Fund
2017-10-08,3511.9282,119092,HDFC Money Market Fund - Growth Option - Direct Plan,HDFC Mutual Fund
2017-10-09,3512.5321,119092,HDFC Money Market Fund - Growth Option - Direct Plan,HDFC Mutual Fund
2017-10-10,3513.115,119092,HDFC Money Market Fund - Growth Option - Direct Plan,HDFC Mutual Fund
2017-10-11,3513.7349,119092,HDFC Money Market Fund - Growth Option - Direct Plan,HDFC Mutual Fund
2017-10-12,3514.3437,119092,HDFC Money Market Fund - Growth Option - Direct Plan,HDFC Mutual Fund
2017-10-13,3514.9665,119092,HDFC Money Market Fund - Growth Option - Direct Plan,HDFC Mutual Fund
2017-10-15,3516.1886,119092,HDFC Money Market Fund - Growth Option - Direct Plan,HDFC Mutual Fund
2017-10-16,3516.8144,119092,HDFC Money Market Fund - Growth Option - Direct Plan,HDFC Mutual Fund
2017-10-17,3517.4036,119092,HDFC Money Market Fund - Growth Option - Direct Plan,HDFC Mutual Fund
2017-10-18,3518.0043,119092,HDFC Money Market Fund - Growth Option - Direct Plan,HDFC Mutual Fund
2017-10-22,3520.3989,119092,HDFC Money Market Fund - Growth Option - Direct Plan,HDFC Mutual Fund
2017-10-23,3521.011,119092,HDFC Money Market Fund - Growth Option - Direct Plan,HDFC Mutual Fund
2017-10-24,3521.5948,119092,HDFC Money Market Fund - Growth Option - Direct Plan,HDFC Mutual Fund
2017-10-25,3522.221,119092,HDFC Money Market Fund - Growth Option - Direct Plan,HDFC Mutual Fund
2017-10-26,3522.8018,119092,HDFC Money Market Fund - Growth Option - Direct Plan,HDFC Mutual Fund
2017-10-27,3523.411,119092,HDFC Money Market Fund - Growth Option - Direct Plan,HDFC Mutual Fund
2017-10-29,3524.6227,119092,HDFC Money Market Fund - Growth Option - Direct Plan,HDFC Mutual Fund
2017-10-30,3525.2191,119092,HDFC Money Market Fund - Growth Option - Direct Plan,HDFC Mutual Fund
2017-10-31,3525.8116,119092,HDFC Money Market Fund - Growth Option - Direct Plan,HDFC Mutual Fund
2017-11-01,3526.408,119092,HDFC Money Market Fund - Growth Option - Direct Plan,HDFC Mutual Fund
2017-11-02,3527.0105,119092,HDFC Money Market Fund - Growth Option - Direct Plan,HDFC Mutual Fund
2017-11-03,3527.601,119092,HDFC Money Market Fund - Growth Option - Direct Plan,HDFC Mutual Fund
2017-11-05,3528.798,119092,HDFC Money Market Fund - Growth Option - Direct Plan,HDFC Mutual Fund
2017-11-06,3529.4068,119092,HDFC Money Market Fund - Growth Option - Direct Plan,HDFC Mutual Fund
2017-11-07,3530.0342,119092,HDFC Money Market Fund - Growth Option - Direct Plan,HDFC Mutual Fund
2017-11-08,3530.6387,119092,HDFC Money Market Fund - Growth Option - Direct Plan,HDFC Mutual Fund
2017-11-09,3531.2451,119092,HDFC Money Market Fund - Growth Option - Direct Plan,HDFC Mutual Fund
2017-11-10,3531.8502,119092,HDFC Money Market Fund - Growth Option - Direct Plan,HDFC Mutual Fund
2017-11-12,3533.0683,119092,HDFC Money Market Fund - Growth Option - Direct Plan,HDFC Mutual Fund
2017-11-13,3533.6697,119092,HDFC Money Market Fund - Growth Option - Direct Plan,HDFC Mutual Fund
2017-11-14,3534.2681,119092,HDFC Money Market Fund - Growth Option - Direct Plan,HDFC Mutual Fund
2017-11-15,3534.8827,119092,HDFC Money Market Fund - Growth Option - Direct Plan,HDFC Mutual Fund
2017-11-16,3535.4928,119092,HDFC Money Market Fund - Growth Option - Direct Plan,HDFC Mutual Fund
2017-11-17,3536.0914,119092,HDFC Money Market Fund - Growth Option - Direct Plan,HDFC Mutual Fund
2017-11-19,3537.2944,119092,HDFC Money Market Fund - Growth Option - Direct Plan,HDFC Mutual Fund
2017-11-20,3537.9161,119092,HDFC Money Market Fund - Growth Option - Direct Plan,HDFC Mutual Fund
2017-11-21,3538.5166,119092,HDFC Money Market Fund - Growth Option - Direct Plan,HDFC Mutual Fund
2017-11-22,3539.1201,119092,HDFC Money Market Fund - Growth Option - Direct Plan,HDFC Mutual Fund
2017-11-23,3539.7227,119092,HDFC Money Market Fund - Growth Option - Direct Plan,HDFC Mutual Fund
2017-11-24,3540.3302,119092,HDFC Money Market Fund - Growth Option - Direct Plan,HDFC Mutual Fund
2017-11-26,3541.5561,119092,HDFC Money Market Fund - Growth Option - Direct Plan,HDFC Mutual Fund
2017-11-27,3542.15,119092,HDFC Money Market Fund - Growth Option - Direct Plan,HDFC Mutual Fund
2017-11-28,3542.7641,119092,HDFC Money Market Fund - Growth Option - Direct Plan,HDFC Mutual Fund
2017-11-29,3543.3719,119092,HDFC Money Market Fund - Growth Option - Direct Plan,HDFC Mutual Fund
2017-11-30,3543.9693,119092,HDFC Money Market Fund - Growth Option - Direct Plan,HDFC Mutual Fund
2017-12-03,3545.7868,119092,HDFC Money Market Fund - Growth Option - Direct Plan,HDFC Mutual Fund
2017-12-04,3546.3997,119092,HDFC Money Market Fund - Growth Option - Direct Plan,HDFC Mutual Fund
2017-12-05,3546.9882,119092,HDFC Money Market Fund - Growth Option - Direct Plan,HDFC Mutual Fund
2017-12-06,3547.5998,119092,HDFC Money Market Fund - Growth Option - Direct Plan,HDFC Mutual Fund
2017-12-07,3548.2344,119092,HDFC Money Market Fund - Growth Option - Direct Plan,HDFC Mutual Fund
2017-12-08,3548.8589,119092,HDFC Money Market Fund - Growth Option - Direct Plan,HDFC Mutual Fund
2017-12-10,3550.1024,119092,HDFC Money Market Fund - Growth Option - Direct Plan,HDFC Mutual Fund
2017-12-11,3550.7104,119092,HDFC Money Market Fund - Growth Option - Direct Plan,HDFC Mutual Fund
2017-12-12,3551.3086,119092,HDFC Money Market Fund - Growth Option - Direct Plan,HDFC Mutual Fund
2017-12-13,3551.9114,119092,HDFC Money Market Fund - Growth Option - Direct Plan,HDFC Mutual Fund
2017-12-14,3552.4995,119092,HDFC Money Market Fund - Growth Option - Direct Plan,HDFC Mutual Fund
2017-12-15,3553.0779,119092,HDFC Money Market Fund - Growth Option - Direct Plan,HDFC Mutual Fund
2017-12-17,3554.2968,119092,HDFC Money Market Fund - Growth Option - Direct Plan,HDFC Mutual Fund
2017-12-18,3554.8994,119092,HDFC Money Market Fund - Growth Option - Direct Plan,HDFC Mutual Fund
2017-12-19,3555.4996,119092,HDFC Money Market Fund - Growth Option - Direct Plan,HDFC Mutual Fund
2017-12-20,3556.0288,119092,HDFC Money Market Fund - Growth Option - Direct Plan,HDFC Mutual Fund
2017-12-21,3556.5746,119092,HDFC Money Market Fund - Growth Option - Direct Plan,HDFC Mutual Fund
2017-12-22,3557.2266,119092,HDFC Money Market Fund - Growth Option - Direct Plan,HDFC Mutual Fund
2017-12-25,3559.0987,119092,HDFC Money Market Fund - Growth Option - Direct Plan,HDFC Mutual Fund
2017-12-26,3559.6842,119092,HDFC Money Market Fund - Growth Option - Direct Plan,HDFC Mutual Fund
2017-12-27,3560.3213,119092,HDFC Money Market Fund - Growth Option - Direct Plan,HDFC Mutual Fund
2017-12-28,3560.9847,119092,HDFC Money Market Fund - Growth Option - Direct Plan,HDFC Mutual Fund
2017-12-29,3561.7674,119092,HDFC Money Market Fund - Growth Option - Direct Plan,HDFC Mutual Fund
2017-12-31,3563.0394,119092,HDFC Money Market Fund - Growth Option - Direct Plan,HDFC Mutual Fund
2018-01-01,3563.7227,119092,HDFC Money Market Fund - Growth Option - Direct Plan,HDFC Mutual Fund
2018-01-02,3564.3398,119092,HDFC Money Market Fund - Growth Option - Direct Plan,HDFC Mutual Fund
2018-01-03,3564.9531,119092,HDFC Money Market Fund - Growth Option - Direct Plan,HDFC Mutual Fund
2018-01-04,3565.5403,119092,HDFC Money Market Fund - Growth Option - Direct Plan,HDFC Mutual Fund
2018-01-05,3566.1723,119092,HDFC Money Market Fund - Growth Option - Direct Plan,HDFC Mutual Fund
2018-01-07,3567.4437,119092,HDFC Money Market Fund - Growth Option - Direct Plan,HDFC Mutual Fund
2018-01-08,3568.0726,119092,HDFC Money Market Fund - Growth Option - Direct Plan,HDFC Mutual Fund
2018-01-09,3568.6921,119092,HDFC Money Market Fund - Growth Option - Direct Plan,HDFC Mutual Fund
2018-01-10,3569.3069,119092,HDFC Money Market Fund - Growth Option - Direct Plan,HDFC Mutual Fund
2018-01-11,3569.9336,119092,HDFC Money Market Fund - Growth Option - Direct Plan,HDFC Mutual Fund
2018-01-12,3570.5428,119092,HDFC Money Market Fund - Growth Option - Direct Plan,HDFC Mutual Fund
2018-01-14,3571.8037,119092,HDFC Money Market Fund - Growth Option - Direct Plan,HDFC Mutual Fund
2018-01-15,3572.4517,119092,HDFC Money Market Fund - Growth Option - Direct Plan,HDFC Mutual Fund
2018-01-16,3573.0813,119092,HDFC Money Market Fund - Growth Option - Direct Plan,HDFC Mutual Fund
2018-01-17,3573.6985,119092,HDFC Money Market Fund - Growth Option - Direct Plan,HDFC Mutual Fund
2018-01-18,3574.3341,119092,HDFC Money Market Fund - Growth Option - Direct Plan,HDFC Mutual Fund
2018-01-19,3574.9524,119092,HDFC Money Market Fund - Growth Option - Direct Plan,HDFC Mutual Fund
2018-01-21,3576.2535,119092,HDFC Money Market Fund - Growth Option - Direct Plan,HDFC Mutual Fund
2018-01-22,3576.887,119092,HDFC Money Market Fund - Growth Option - Direct Plan,HDFC Mutual Fund
2018-01-23,3577.5242,119092,HDFC Money Market Fund - Growth Option - Direct Plan,HDFC Mutual Fund
2018-01-24,3578.159,119092,HDFC Money Market Fund - Growth Option - Direct Plan,HDFC Mutual Fund
2018-01-25,3578.7968,119092,HDFC Money Market Fund - Growth Option - Direct Plan,HDFC Mutual Fund
2018-01-28,3580.73,119092,HDFC Money Market Fund - Growth Option - Direct Plan,HDFC Mutual Fund
2018-01-29,3581.3825,119092,HDFC Money Market Fund - Growth Option - Direct Plan,HDFC Mutual Fund
2018-01-30,3582.0546,119092,HDFC Money Market Fund - Growth Option - Direct Plan,HDFC Mutual Fund
2018-01-31,3582.7053,119092,HDFC Money Market Fund - Growth Option - Direct Plan,HDFC Mutual Fund
2018-02-01,3583.3151,119092,HDFC Money Market Fund - Growth Option - Direct Plan,HDFC Mutual Fund
2018-02-02,3583.9712,119092,HDFC Money Market Fund - Growth Option - Direct Plan,HDFC Mutual Fund
2018-02-04,3585.2874,119092,HDFC Money Market Fund - Growth Option - Direct Plan,HDFC Mutual Fund
2018-02-05,3585.91,119092,HDFC Money Market Fund - Growth Option - Direct Plan,HDFC Mutual Fund
2018-02-06,3586.5624,119092,HDFC Money Market Fund - Growth Option - Direct Plan,HDFC Mutual Fund
2018-02-07,3587.2406,119092,HDFC Money Market Fund - Growth Option - Direct Plan,HDFC Mutual Fund
2018-02-08,3587.8768,119092,HDFC Money Market Fund - Growth Option - Direct Plan,HDFC Mutual Fund
2018-02-09,3588.5597,119092,HDFC Money Market Fund - Growth Option - Direct Plan,HDFC Mutual Fund
2018-02-11,3589.8896,119092,HDFC Money Market Fund - Growth Option - Direct Plan,HDFC Mutual Fund
2018-02-12,3590.5319,119092,HDFC Money Market Fund - Growth Option - Direct Plan,HDFC Mutual Fund
2018-02-13,3591.185,119092,HDFC Money Market Fund - Growth Option - Direct Plan,HDFC Mutual Fund
2018-02-14,3591.8457,119092,HDFC Money Market Fund - Growth Option - Direct Plan,HDFC Mutual Fund
2018-02-15,3592.5023,119092,HDFC Money Market Fund - Growth Option - Direct Plan,HDFC Mutual Fund
2018-02-16,3593.1606,119092,HDFC Money Market Fund - Growth Option - Direct Plan,HDFC Mutual Fund
2018-02-19,3595.1452,119092,HDFC Money Market Fund - Growth Option - Direct Plan,HDFC Mutual Fund
2018-02-20,3595.768,119092,HDFC Money Market Fund - Growth Option - Direct Plan,HDFC Mutual Fund
2018-02-21,3596.4411,119092,HDFC Money Market Fund - Growth Option - Direct Plan,HDFC Mutual Fund
2018-02-22,3597.0718,119092,HDFC Money Market Fund - Growth Option - Direct Plan,HDFC Mutual Fund
2018-02-23,3597.7262,119092,HDFC Money Market Fund - Growth Option - Direct Plan,HDFC Mutual Fund
2018-02-25,3599.0464,119092,HDFC Money Market Fund - Growth Option - Direct Plan,HDFC Mutual Fund
2018-02-26,3599.7169,119092,HDFC Money Market Fund - Growth Option - Direct Plan,HDFC Mutual Fund
2018-02-27,3600.3825,119092,HDFC Money Market Fund - Growth Option - Direct Plan,HDFC Mutual Fund
2018-02-28,3601.0493,119092,HDFC Money Market Fund - Growth Option - Direct Plan,HDFC Mutual Fund
2018-03-01,3601.76,119092,HDFC Money Market Fund - Growth Option - Direct Plan,HDFC Mutual Fund
2018-03-04,3603.8577,119092,HDFC Money Market Fund - Growth Option - Direct Plan,HDFC Mutual Fund
2018-03-05,3604.5069,119092,HDFC Money Market Fund - Growth Option - Direct Plan,HDFC Mutual Fund
2018-03-06,3605.2029,119092,HDFC Money Market Fund - Growth Option - Direct Plan,HDFC Mutual Fund
2018-03-07,3606.0523,119092,HDFC Money Market Fund - Growth Option - Direct Plan,HDFC Mutual Fund
2018-03-08,3606.6961,119092,HDFC Money Market Fund - Growth Option - Direct Plan,HDFC Mutual Fund
2018-03-09,3607.3635,119092,HDFC Money Market Fund - Growth Option - Direct Plan,HDFC Mutual Fund
2018-03-11,3608.7393,119092,HDFC Money Market Fund - Growth Option - Direct Plan,HDFC Mutual Fund
2018-03-12,3609.4878,119092,HDFC Money Market Fund - Growth Option - Direct Plan,HDFC Mutual Fund
2018-03-13,3610.1864,119092,HDFC Money Market Fund - Growth Option - Direct Plan,HDFC Mutual Fund
2018-03-14,3610.8811,119092,HDFC Money Market Fund - Growth Option - Direct Plan,HDFC Mutual Fund
2018-03-15,3611.6945,119092,HDFC Money Market Fund - Growth Option - Direct Plan,HDFC Mutual Fund
2018-03-16,3612.8496,119092,HDFC Money Market Fund - Growth Option - Direct Plan,HDFC Mutual Fund
2018-03-18,3614.2642,119092,HDFC Money Market Fund - Growth Option - Direct Plan,HDFC Mutual Fund
2018-03-19,3614.9855,119092,HDFC Money Market Fund - Growth Option - Direct Plan,HDFC Mutual Fund
2018-03-20,3615.6278,119092,HDFC Money Market Fund - Growth Option - Direct Plan,HDFC Mutual Fund
2018-03-21,3616.2006,119092,HDFC Money Market Fund - Growth Option - Direct Plan,HDFC Mutual Fund
2018-03-22,3616.823,119092,HDFC Money Market Fund - Growth Option - Direct Plan,HDFC Mutual Fund
2018-03-23,3617.299,119092,HDFC Money Market Fund - Growth Option - Direct Plan,HDFC Mutual Fund
2018-03-25,3618.7356,119092,HDFC Money Market Fund - Growth Option - Direct Plan,HDFC Mutual Fund
2018-03-26,3619.302,119092,HDFC Money Market Fund - Growth Option - Direct Plan,HDFC Mutual Fund
2018-03-27,3620.0415,119092,HDFC Money Market Fund - Growth Option - Direct Plan,HDFC Mutual Fund
2018-03-28,3622.3038,119092,HDFC Money Market Fund - Growth Option - Direct Plan,HDFC Mutual Fund
2018-03-31,3624.4209,119092,HDFC Money Market Fund - Growth Option - Direct Plan,HDFC Mutual Fund
2018-04-02,3625.8417,119092,HDFC Money Market Fund - Growth Option - Direct Plan,HDFC Mutual Fund
2018-04-03,3626.587,119092,HDFC Money Market Fund - Growth Option - Direct Plan,HDFC Mutual Fund
2018-04-04,3627.3585,119092,HDFC Money Market Fund - Growth Option - Direct Plan,HDFC Mutual Fund
2018-04-05,3628.0483,119092,HDFC Money Market Fund - Growth Option - Direct Plan,HDFC Mutual Fund
2018-04-06,3628.7427,119092,HDFC Money Market Fund - Growth Option - Direct Plan,HDFC Mutual Fund
2018-04-08,3630.1161,119092,HDFC Money Market Fund - Growth Option - Direct Plan,HDFC Mutual Fund
2018-04-09,3630.831,119092,HDFC Money Market Fund - Growth Option - Direct Plan,HDFC Mutual Fund
2018-04-10,3631.5028,119092,HDFC Money Market Fund - Growth Option - Direct Plan,HDFC Mutual Fund
2018-04-11,3632.1726,119092,HDFC Money Market Fund - Growth Option - Direct Plan,HDFC Mutual Fund
2018-04-12,3632.833,119092,HDFC Money Market Fund - Growth Option - Direct Plan,HDFC Mutual Fund
2018-04-13,3633.52,119092,HDFC Money Market Fund - Growth Option - Direct Plan,HDFC Mutual Fund
2018-04-15,3634.9082,119092,HDFC Money Market Fund - Growth Option - Direct Plan,HDFC Mutual Fund
2018-04-16,3635.6015,119092,HDFC Money Market Fund - Growth Option - Direct Plan,HDFC Mutual Fund
2018-04-17,3636.2486,119092,HDFC Money Market Fund - Growth Option - Direct Plan,HDFC Mutual Fund
2018-04-18,3636.9573,119092,HDFC Money Market Fund - Growth Option - Direct Plan,HDFC Mutual Fund
2018-04-19,3637.6273,119092,HDFC Money Market Fund - Growth Option - Direct Plan,HDFC Mutual Fund
2018-04-20,3638.1565,119092,HDFC Money Market Fund - Growth Option - Direct Plan,HDFC Mutual Fund
2018-04-22,3639.5464,119092,HDFC Money Market Fund - Growth Option - Direct Plan,HDFC Mutual Fund
2018-04-23,3640.1528,119092,HDFC Money Market Fund - Growth Option - Direct Plan,HDFC Mutual Fund
2018-04-24,3640.8015,119092,HDFC Money Market Fund - Growth Option - Direct Plan,HDFC Mutual Fund
2018-04-25,3641.4727,119092,HDFC Money Market Fund - Growth Option - Direct Plan,HDFC Mutual Fund
2018-04-26,3642.1652,119092,HDFC Money Market Fund - Growth Option - Direct Plan,HDFC Mutual Fund
2018-04-27,3642.8498,119092,HDFC Money Market Fund - Growth Option - Direct Plan,HDFC Mutual Fund
2018-05-01,3645.6219,119092,HDFC Money Market Fund - Growth Option - Direct Plan,HDFC Mutual Fund
2018-05-02,3646.2495,119092,HDFC Money Market Fund - Growth Option - Direct Plan,HDFC Mutual Fund
2018-05-03,3646.8796,119092,HDFC Money Market Fund - Growth Option - Direct Plan,HDFC Mutual Fund
2018-05-04,3647.4455,119092,HDFC Money Market Fund - Growth Option - Direct Plan,HDFC Mutual Fund
2018-05-06,3648.8176,119092,HDFC Money Market Fund - Growth Option - Direct Plan,HDFC Mutual Fund
2018-05-07,3649.4832,119092,HDFC Money Market Fund - Growth Option - Direct Plan,HDFC Mutual Fund
2018-05-08,3650.0968,119092,HDFC Money Market Fund - Growth Option - Direct Plan,HDFC Mutual Fund
2018-05-09,3650.6892,119092,HDFC Money Market Fund - Growth Option - Direct Plan,HDFC Mutual Fund
2018-05-10,3651.1807,119092,HDFC Money Market Fund - Growth Option - Direct Plan,HDFC Mutual Fund
2018-05-11,3651.8417,119092,HDFC Money Market Fund - Growth Option - Direct Plan,HDFC Mutual Fund
2018-05-13,3653.2387,119092,HDFC Money Market Fund - Growth Option - Direct Plan,HDFC Mutual Fund
2018-05-14,3653.8744,119092,HDFC Money Market Fund - Growth Option - Direct Plan,HDFC Mutual Fund
2018-05-15,3654.3493,119092,HDFC Money Market Fund - Growth Option - Direct Plan,HDFC Mutual Fund
2018-05-16,3654.9359,119092,HDFC Money Market Fund - Growth Option - Direct Plan,HDFC Mutual Fund
2018-05-17,3655.5548,119092,HDFC Money Market Fund - Growth Option - Direct Plan,HDFC Mutual Fund
2018-05-18,3656.2124,119092,HDFC Money Market Fund - Growth Option - Direct Plan,HDFC Mutual Fund
2018-05-20,3657.6351,119092,HDFC Money Market Fund - Growth Option - Direct Plan,HDFC Mutual Fund
2018-05-21,3658.2341,119092,HDFC Money Market Fund - Growth Option - Direct Plan,HDFC Mutual Fund
2018-05-22,3658.9296,119092,HDFC Money Market Fund - Growth Option - Direct Plan,HDFC Mutual Fund
2018-05-23,3659.6033,119092,HDFC Money Market Fund - Growth Option - Direct Plan,HDFC Mutual Fund
2018-05-24,3660.2814,119092,HDFC Money Market Fund - Growth Option - Direct Plan,HDFC Mutual Fund
2018-05-25,3660.977,119092,HDFC Money Market Fund - Growth Option - Direct Plan,HDFC Mutual Fund
2018-05-27,3662.439,119092,HDFC Money Market Fund - Growth Option - Direct Plan,HDFC Mutual Fund
2018-05-28,3663.1364,119092,HDFC Money Market Fund - Growth Option - Direct Plan,HDFC Mutual Fund
2018-05-29,3663.9097,119092,HDFC Money Market Fund - Growth Option - Direct Plan,HDFC Mutual Fund
2018-05-30,3664.6508,119092,HDFC Money Market Fund - Growth Option - Direct Plan,HDFC Mutual Fund
2018-05-31,3665.3407,119092,HDFC Money Market Fund - Growth Option - Direct Plan,HDFC Mutual Fund
2018-06-01,3666.0448,119092,HDFC Money Market Fund - Growth Option - Direct Plan,HDFC Mutual Fund
2018-06-04,3668.204,119092,HDFC Money Market Fund - Growth Option - Direct Plan,HDFC Mutual Fund
2018-06-05,3669.0214,119092,HDFC Money Market Fund - Growth Option - Direct Plan,HDFC Mutual Fund
2018-06-06,3669.9188,119092,HDFC Money Market Fund - Growth Option - Direct Plan,HDFC Mutual Fund
2018-06-07,3670.6413,119092,HDFC Money Market Fund - Growth Option - Direct Plan,HDFC Mutual Fund
2018-06-08,3671.3584,119092,HDFC Money Market Fund - Growth Option - Direct Plan,HDFC Mutual Fund
2018-06-11,3673.5316,119092,HDFC Money Market Fund - Growth Option - Direct Plan,HDFC Mutual Fund
2018-06-12,3674.2557,119092,HDFC Money Market Fund - Growth Option - Direct Plan,HDFC Mutual Fund
2018-06-13,3674.9731,119092,HDFC Money Market Fund - Growth Option - Direct Plan,HDFC Mutual Fund
2018-06-14,3675.6996,119092,HDFC Money Market Fund - Growth Option - Direct Plan,HDFC Mutual Fund
2018-06-15,3676.4459,119092,HDFC Money Market Fund - Growth Option - Direct Plan,HDFC Mutual Fund
2018-06-18,3678.745,119092,HDFC Money Market Fund - Growth Option - Direct Plan,HDFC Mutual Fund
2018-06-19,3679.6877,119092,HDFC Money Market Fund - Growth Option - Direct Plan,HDFC Mutual Fund
2018-06-20,3680.5289,119092,HDFC Money Market Fund - Growth Option - Direct Plan,HDFC Mutual Fund
2018-06-21,3681.283,119092,HDFC Money Market Fund - Growth Option - Direct Plan,HDFC Mutual Fund
2018-06-22,3681.9541,119092,HDFC Money Market Fund - Growth Option - Direct Plan,HDFC Mutual Fund
2018-06-25,3684.2275,119092,HDFC Money Market Fund - Growth Option - Direct Plan,HDFC Mutual Fund
2018-06-26,3684.9108,119092,HDFC Money Market Fund - Growth Option - Direct Plan,HDFC Mutual Fund
2018-06-27,3685.6369,119092,HDFC Money Market Fund - Growth Option - Direct Plan,HDFC Mutual Fund
2018-06-28,3686.4049,119092,HDFC Money Market Fund - Growth Option - Direct Plan,HDFC Mutual Fund
2018-06-29,3687.607,119092,HDFC Money Market Fund - Growth Option - Direct Plan,HDFC Mutual Fund
2018-07-02,3690.1901,119092,HDFC Money Market Fund - Growth Option - Direct Plan,HDFC Mutual Fund
2018-07-03,3690.9285,119092,HDFC Money Market Fund - Growth Option - Direct Plan,HDFC Mutual Fund
2018-07-04,3692.0381,119092,HDFC Money Market Fund - Growth Option - Direct Plan,HDFC Mutual Fund
2018-07-05,3692.8716,119092,HDFC Money Market Fund - Growth Option - Direct Plan,HDFC Mutual Fund
2018-07-06,3693.6113,119092,HDFC Money Market Fund - Growth Option - Direct Plan,HDFC Mutual Fund
2018-07-09,3695.9951,119092,HDFC Money Market Fund - Growth Option - Direct Plan,HDFC Mutual Fund
2018-07-10,3696.726,119092,HDFC Money Market Fund - Growth Option - Direct Plan,HDFC Mutual Fund
2018-07-11,3697.3895,119092,HDFC Money Market Fund - Growth Option - Direct Plan,HDFC Mutual Fund
2018-07-12,3698.1859,119092,HDFC Money Market Fund - Growth Option - Direct Plan,HDFC Mutual Fund
2018-07-13,3698.9137,119092,HDFC Money Market Fund - Growth Option - Direct Plan,HDFC Mutual Fund
2018-07-16,3701.0161,119092,HDFC Money Market Fund - Growth Option - Direct Plan,HDFC Mutual Fund
2018-07-17,3701.7623,119092,HDFC Money Market Fund - Growth Option - Direct Plan,HDFC Mutual Fund
2018-07-18,3702.5496,119092,HDFC Money Market Fund - Growth Option - Direct Plan,HDFC Mutual Fund
2018-07-19,3703.1936,119092,HDFC Money Market Fund - Growth Option - Direct Plan,HDFC Mutual Fund
2018-07-20,3703.8209,119092,HDFC Money Market Fund - Growth Option - Direct Plan,HDFC Mutual Fund
2018-07-23,3705.8583,119092,HDFC Money Market Fund - Growth Option - Direct Plan,HDFC Mutual Fund
2018-07-24,3706.3373,119092,HDFC Money Market Fund - Growth Option - Direct Plan,HDFC Mutual Fund
2018-07-25,3707.0207,119092,HDFC Money Market Fund - Growth Option - Direct Plan,HDFC Mutual Fund
2018-07-26,3707.6921,119092,HDFC Money Market Fund - Growth Option - Direct Plan,HDFC Mutual Fund
2018-07-27,3708.5793,119092,HDFC Money Market Fund - Growth Option - Direct Plan,HDFC Mutual Fund
2018-07-30,3710.7551,119092,HDFC Money Market Fund - Growth Option - Direct Plan,HDFC Mutual Fund
2018-07-31,3711.5296,119092,HDFC Money Market Fund - Growth Option - Direct Plan,HDFC Mutual Fund
2018-08-01,3712.2854,119092,HDFC Money Market Fund - Growth Option - Direct Plan,HDFC Mutual Fund
2018-08-02,3713.1986,119092,HDFC Money Market Fund - Growth Option - Direct Plan,HDFC Mutual Fund
2018-08-03,3714.0635,119092,HDFC Money Market Fund - Growth Option - Direct Plan,HDFC Mutual Fund
2018-08-06,3716.2854,119092,HDFC Money Market Fund - Growth Option - Direct Plan,HDFC Mutual Fund
2018-08-07,3717.0545,119092,HDFC Money Market Fund - Growth Option - Direct Plan,HDFC Mutual Fund
2018-08-08,3717.8237,119092,HDFC Money Market Fund - Growth Option - Direct Plan,HDFC Mutual Fund
2018-08-09,3718.6457,119092,HDFC Money Market Fund - Growth Option - Direct Plan,HDFC Mutual Fund
2018-08-10,3719.3725,119092,HDFC Money Market Fund - Growth Option - Direct Plan,HDFC Mutual Fund
2018-08-13,3721.5141,119092,HDFC Money Market Fund - Growth Option - Direct Plan,HDFC Mutual Fund
2018-08-14,3722.2147,119092,HDFC Money Market Fund - Growth Option - Direct Plan,HDFC Mutual Fund
2018-08-16,3723.6676,119092,HDFC Money Market Fund - Growth Option - Direct Plan,HDFC Mutual Fund
2018-08-20,3726.5822,119092,HDFC Money Market Fund - Growth Option - Direct Plan,HDFC Mutual Fund
2018-08-21,3727.2407,119092,HDFC Money Market Fund - Growth Option - Direct Plan,HDFC Mutual Fund
2018-08-23,3728.6055,119092,HDFC Money Market Fund - Growth Option - Direct Plan,HDFC Mutual Fund
2018-08-24,3729.2354,119092,HDFC Money Market Fund - Growth Option - Direct Plan,HDFC Mutual Fund
2018-08-27,3731.4211,119092,HDFC Money Market Fund - Growth Option - Direct Plan,HDFC Mutual Fund
2018-08-28,3732.179,119092,HDFC Money Market Fund - Growth Option - Direct Plan,HDFC Mutual Fund
2018-08-29,3733.2403,119092,HDFC Money Market Fund - Growth Option - Direct Plan,HDFC Mutual Fund
2018-08-30,3733.9957,119092,HDFC Money Market Fund - Growth Option - Direct Plan,HDFC Mutual Fund
2018-08-31,3734.7722,119092,HDFC Money Market Fund - Growth Option - Direct Plan,HDFC Mutual Fund
2018-09-03,3737.1712,119092,HDFC Money Market Fund - Growth Option - Direct Plan,HDFC Mutual Fund
2018-09-04,3737.9052,119092,HDFC Money Market Fund - Growth Option - Direct Plan,HDFC Mutual Fund
2018-09-05,3738.5233,119092,HDFC Money Market Fund - Growth Option - Direct Plan,HDFC Mutual Fund
2018-09-06,3739.3085,119092,HDFC Money Market Fund - Growth Option - Direct Plan,HDFC Mutual Fund
2018-09-07,3740.0724,119092,HDFC Money Market Fund - Growth Option - Direct Plan,HDFC Mutual Fund
2018-09-10,3741.6037,119092,HDFC Money Market Fund - Growth Option - Direct Plan,HDFC Mutual Fund
2018-09-11,3741.621,119092,HDFC Money Market Fund - Growth Option - Direct Plan,HDFC Mutual Fund
2018-09-12,3742.3052,119092,HDFC Money Market Fund - Growth Option - Direct Plan,HDFC Mutual Fund
2018-09-14,3743.6318,119092,HDFC Money Market Fund - Growth Option - Direct Plan,HDFC Mutual Fund
2018-09-17,3745.8106,119092,HDFC Money Market Fund - Growth Option - Direct Plan,HDFC Mutual Fund
2018-09-18,3746.8412,119092,HDFC Money Market Fund - Growth Option - Direct Plan,HDFC Mutual Fund
2018-09-19,3747.5204,119092,HDFC Money Market Fund - Growth Option - Direct Plan,HDFC Mutual Fund
2018-09-21,3749.0203,119092,HDFC Money Market Fund - Growth Option - Direct Plan,HDFC Mutual Fund
2018-09-24,3750.4164,119092,HDFC Money Market Fund - Growth Option - Direct Plan,HDFC Mutual Fund
2018-09-25,3748.5485,119092,HDFC Money Market Fund - Growth Option - Direct Plan,HDFC Mutual Fund
2018-09-26,3749.3624,119092,HDFC Money Market Fund - Growth Option - Direct Plan,HDFC Mutual Fund
2018-09-27,3752.2921,119092,HDFC Money Market Fund - Growth Option - Direct Plan,HDFC Mutual Fund
2018-09-28,3754.1776,119092,HDFC Money Market Fund - Growth Option - Direct Plan,HDFC Mutual Fund
2018-10-01,3756.8327,119092,HDFC Money Market Fund - Growth Option - Direct Plan,HDFC Mutual Fund
2018-10-03,3758.1588,119092,HDFC Money Market Fund - Growth Option - Direct Plan,HDFC Mutual Fund
2018-10-04,3758.624,119092,HDFC Money Market Fund - Growth Option - Direct Plan,HDFC Mutual Fund
2018-10-05,3761.4006,119092,HDFC Money Market Fund - Growth Option - Direct Plan,HDFC Mutual Fund
2018-10-08,3763.7318,119092,HDFC Money Market Fund - Growth Option - Direct Plan,HDFC Mutual Fund
2018-10-09,3764.4199,119092,HDFC Money Market Fund - Growth Option - Direct Plan,HDFC Mutual Fund
2018-10-10,3765.1782,119092,HDFC Money Market Fund - Growth Option - Direct Plan,HDFC Mutual Fund
2018-10-11,3765.8843,119092,HDFC Money Market Fund - Growth Option - Direct Plan,HDFC Mutual Fund
2018-10-12,3766.5512,119092,HDFC Money Market Fund - Growth Option - Direct Plan,HDFC Mutual Fund
2018-10-15,3768.6624,119092,HDFC Money Market Fund - Growth Option - Direct Plan,HDFC Mutual Fund
2018-10-16,3769.507,119092,HDFC Money Market Fund - Growth Option - Direct Plan,HDFC Mutual Fund
2018-10-17,3770.336,119092,HDFC Money Market Fund - Growth Option - Direct Plan,HDFC Mutual Fund
2018-10-19,3771.7561,119092,HDFC Money Market Fund - Growth Option - Direct Plan,HDFC Mutual Fund
2018-10-22,3774.0249,119092,HDFC Money Market Fund - Growth Option - Direct Plan,HDFC Mutual Fund
2018-10-23,3774.7256,119092,HDFC Money Market Fund - Growth Option - Direct Plan,HDFC Mutual Fund
2018-10-24,3775.5104,119092,HDFC Money Market Fund - Growth Option - Direct Plan,HDFC Mutual Fund
2018-10-25,3776.3141,119092,HDFC Money Market Fund - Growth Option - Direct Plan,HDFC Mutual Fund
2018-10-26,3777.1107,119092,HDFC Money Market Fund - Growth Option - Direct Plan,HDFC Mutual Fund
2018-10-29,3779.3355,119092,HDFC Money Market Fund - Growth Option - Direct Plan,HDFC Mutual Fund
2018-10-30,3780.0643,119092,HDFC Money Market Fund - Growth Option - Direct Plan,HDFC Mutual Fund
2018-10-31,3780.8573,119092,HDFC Money Market Fund - Growth Option - Direct Plan,HDFC Mutual Fund
2018-11-01,3781.7547,119092,HDFC Money Market Fund - Growth Option - Direct Plan,HDFC Mutual Fund
2018-11-02,3782.6099,119092,HDFC Money Market Fund - Growth Option - Direct Plan,HDFC Mutual Fund
2018-11-05,3784.9644,119092,HDFC Money Market Fund - Growth Option - Direct Plan,HDFC Mutual Fund
2018-11-06,3785.8486,119092,HDFC Money Market Fund - Growth Option - Direct Plan,HDFC Mutual Fund
2018-11-09,3788.195,119092,HDFC Money Market Fund - Growth Option - Direct Plan,HDFC Mutual Fund
2018-11-12,3790.7416,119092,HDFC Money Market Fund - Growth Option - Direct Plan,HDFC Mutual Fund
2018-11-13,3791.6315,119092,HDFC Money Market Fund - Growth Option - Direct Plan,HDFC Mutual Fund
2018-11-14,3792.7523,119092,HDFC Money Market Fund - Growth Option - Direct Plan,HDFC Mutual Fund
2018-11-15,3794.0432,119092,HDFC Money Market Fund - Growth Option - Direct Plan,HDFC Mutual Fund
2018-11-16,3795.0452,119092,HDFC Money Market Fund - Growth Option - Direct Plan,HDFC Mutual Fund
2018-11-19,3797.4247,119092,HDFC Money Market Fund - Growth Option - Direct Plan,HDFC Mutual Fund
2018-11-20,3798.2437,119092,HDFC Money Market Fund - Growth Option - Direct Plan,HDFC Mutual Fund
2018-11-22,3799.8589,119092,HDFC Money Market Fund - Growth Option - Direct Plan,HDFC Mutual Fund
2018-11-26,3803.0898,119092,HDFC Money Market Fund - Growth Option - Direct Plan,HDFC Mutual Fund
2018-11-27,3804.1093,119092,HDFC Money Market Fund - Growth Option - Direct Plan,HDFC Mutual Fund
2018-11-28,3804.9872,119092,HDFC Money Market Fund - Growth Option - Direct Plan,HDFC Mutual Fund
2018-11-29,3805.8394,119092,HDFC Money Market Fund - Growth Option - Direct Plan,HDFC Mutual Fund
2018-11-30,3806.5323,119092,HDFC Money Market Fund - Growth Option - Direct Plan,HDFC Mutual Fund
2018-12-03,3809.1775,119092,HDFC Money Market Fund - Growth Option - Direct Plan,HDFC Mutual Fund
2018-12-04,3810.26,119092,HDFC Money Market Fund - Growth Option - Direct Plan,HDFC Mutual Fund
2018-12-05,3812.0229,119092,HDFC Money Market Fund - Growth Option - Direct Plan,HDFC Mutual Fund
2018-12-06,3813.4412,119092,HDFC Money Market Fund - Growth Option - Direct Plan,HDFC Mutual Fund
2018-12-07,3814.3908,119092,HDFC Money Market Fund - Growth Option - Direct Plan,HDFC Mutual Fund
2018-12-10,3816.3984,119092,HDFC Money Market Fund - Growth Option - Direct Plan,HDFC Mutual Fund
2018-12-11,3816.9776,119092,HDFC Money Market Fund - Growth Option - Direct Plan,HDFC Mutual Fund
2018-12-12,3818.0154,119092,HDFC Money Market Fund - Growth Option - Direct Plan,HDFC Mutual Fund
2018-12-13,3819.3159,119092,HDFC Money Market Fund - Growth Option - Direct Plan,HDFC Mutual Fund
2018-12-14,3820.3688,119092,HDFC Money Market Fund - Growth Option - Direct Plan,HDFC Mutual Fund
2018-12-17,3822.6796,119092,HDFC Money Market Fund - Growth Option - Direct Plan,HDFC Mutual Fund
2018-12-18,3823.5918,119092,HDFC Money Market Fund - Growth Option - Direct Plan,HDFC Mutual Fund
2018-12-19,3824.8182,119092,HDFC Money Market Fund - Growth Option - Direct Plan,HDFC Mutual Fund
2018-12-20,3825.3474,119092,HDFC Money Market Fund - Growth Option - Direct Plan,HDFC Mutual Fund
2018-12-21,3825.9596,119092,HDFC Money Market Fund - Growth Option - Direct Plan,HDFC Mutual Fund
2018-12-24,3828.269,119092,HDFC Money Market Fund - Growth Option - Direct Plan,HDFC Mutual Fund
2018-12-26,3829.7516,119092,HDFC Money Market Fund - Growth Option - Direct Plan,HDFC Mutual Fund
2018-12-27,3830.6661,119092,HDFC Money Market Fund - Growth Option - Direct Plan,HDFC Mutual Fund
2018-12-28,3831.9643,119092,HDFC Money Market Fund - Growth Option - Direct Plan,HDFC Mutual Fund
2018-12-31,3834.7032,119092,HDFC Money Market Fund - Growth Option - Direct Plan,HDFC Mutual Fund
2019-01-01,3835.6478,119092,HDFC Money Market Fund - Growth Option - Direct Plan,HDFC Mutual Fund
2019-01-02,3836.7889,119092,HDFC Money Market Fund - Growth Option - Direct Plan,HDFC Mutual Fund
2019-01-03,3837.309,119092,HDFC Money Market Fund - Growth Option - Direct Plan,HDFC Mutual Fund
2019-01-04,3838.1051,119092,HDFC Money Market Fund - Growth Option - Direct Plan,HDFC Mutual Fund
2019-01-07,3840.3604,119092,HDFC Money Market Fund - Growth Option - Direct Plan,HDFC Mutual Fund
2019-01-08,3841.3584,119092,HDFC Money Market Fund - Growth Option - Direct Plan,HDFC Mutual Fund
2019-01-09,3842.2348,119092,HDFC Money Market Fund - Growth Option - Direct Plan,HDFC Mutual Fund
2019-01-10,3843.0364,119092,HDFC Money Market Fund - Growth Option - Direct Plan,HDFC Mutual Fund
2019-01-11,3843.8171,119092,HDFC Money Market Fund - Growth Option - Direct Plan,HDFC Mutual Fund
2019-01-14,3846.1704,119092,HDFC Money Market Fund - Growth Option - Direct Plan,HDFC Mutual Fund
2019-01-15,3847.0881,119092,HDFC Money Market Fund - Growth Option - Direct Plan,HDFC Mutual Fund
2019-01-16,3847.9891,119092,HDFC Money Market Fund - Growth Option - Direct Plan,HDFC Mutual Fund
2019-01-17,3848.8256,119092,HDFC Money Market Fund - Growth Option - Direct Plan,HDFC Mutual Fund
2019-01-18,3849.614,119092,HDFC Money Market Fund - Growth Option - Direct Plan,HDFC Mutual Fund
2019-01-21,3852.0237,119092,HDFC Money Market Fund - Growth Option - Direct Plan,HDFC Mutual Fund
2019-01-22,3853.1078,119092,HDFC Money Market Fund - Growth Option - Direct Plan,HDFC Mutual Fund
2019-01-23,3853.2079,119092,HDFC Money Market Fund - Growth Option - Direct Plan,HDFC Mutual Fund
2019-01-24,3854.028,119092,HDFC Money Market Fund - Growth Option - Direct Plan,HDFC Mutual Fund
2019-01-25,3854.7565,119092,HDFC Money Market Fund - Growth Option - Direct Plan,HDFC Mutual Fund
2019-01-28,3857.2653,119092,HDFC Money Market Fund - Growth Option - Direct Plan,HDFC Mutual Fund
2019-01-29,3858.252,119092,HDFC Money Market Fund - Growth Option - Direct Plan,HDFC Mutual Fund
2019-01-30,3859.0136,119092,HDFC Money Market Fund - Growth Option - Direct Plan,HDFC Mutual Fund
2019-01-31,3859.7657,119092,HDFC Money Market Fund - Growth Option - Direct Plan,HDFC Mutual Fund
2019-02-01,3860.3437,119092,HDFC Money Market Fund - Growth Option - Direct Plan,HDFC Mutual Fund
2019-02-04,3862.0595,119092,HDFC Money Market Fund - Growth Option - Direct Plan,HDFC Mutual Fund
2019-02-05,3862.7741,119092,HDFC Money Market Fund - Growth Option - Direct Plan,HDFC Mutual Fund
2019-02-06,3863.4747,119092,HDFC Money Market Fund - Growth Option - Direct Plan,HDFC Mutual Fund
2019-02-07,3866.0939,119092,HDFC Money Market Fund - Growth Option - Direct Plan,HDFC Mutual Fund
2019-02-08,3867.5916,119092,HDFC Money Market Fund - Growth Option - Direct Plan,HDFC Mutual Fund
2019-02-11,3869.8269,119092,HDFC Money Market Fund - Growth Option - Direct Plan,HDFC Mutual Fund
2019-02-12,3870.5686,119092,HDFC Money Market Fund - Growth Option - Direct Plan,HDFC Mutual Fund
2019-02-13,3873.2535,119092,HDFC Money Market Fund - Growth Option - Direct Plan,HDFC Mutual Fund
2019-02-14,3874.0483,119092,HDFC Money Market Fund - Growth Option - Direct Plan,HDFC Mutual Fund
2019-02-15,3873.3615,119092,HDFC Money Market Fund - Growth Option - Direct Plan,HDFC Mutual Fund
2019-02-18,3875.6324,119092,HDFC Money Market Fund - Growth Option - Direct Plan,HDFC Mutual Fund
2019-02-20,3877.1511,119092,HDFC Money Market Fund - Growth Option - Direct Plan,HDFC Mutual Fund
2019-02-21,3877.9373,119092,HDFC Money Market Fund - Growth Option - Direct Plan,HDFC Mutual Fund
2019-02-22,3878.2128,119092,HDFC Money Market Fund - Growth Option - Direct Plan,HDFC Mutual Fund
2019-02-25,3880.433,119092,HDFC Money Market Fund - Growth Option - Direct Plan,HDFC Mutual Fund
2019-02-26,3880.9587,119092,HDFC Money Market Fund - Growth Option - Direct Plan,HDFC Mutual Fund
2019-02-27,3881.6892,119092,HDFC Money Market Fund - Growth Option - Direct Plan,HDFC Mutual Fund
2019-02-28,3882.523,119092,HDFC Money Market Fund - Growth Option - Direct Plan,HDFC Mutual Fund
2019-03-01,3883.6677,119092,HDFC Money Market Fund - Growth Option - Direct Plan,HDFC Mutual Fund
2019-03-05,3886.7391,119092,HDFC Money Market Fund - Growth Option - Direct Plan,HDFC Mutual Fund
2019-03-06,3888.9141,119092,HDFC Money Market Fund - Growth Option - Direct Plan,HDFC Mutual Fund
2019-03-07,3889.6642,119092,HDFC Money Market Fund - Growth Option - Direct Plan,HDFC Mutual Fund
2019-03-08,3891.2395,119092,HDFC Money Market Fund - Growth Option - Direct Plan,HDFC Mutual Fund
2019-03-11,3893.6488,119092,HDFC Money Market Fund - Growth Option - Direct Plan,HDFC Mutual Fund
2019-03-12,3895.3984,119092,HDFC Money Market Fund - Growth Option - Direct Plan,HDFC Mutual Fund
2019-03-13,3896.9455,119092,HDFC Money Market Fund - Growth Option - Direct Plan,HDFC Mutual Fund
2019-03-14,3901.3532,119092,HDFC Money Market Fund - Growth Option - Direct Plan,HDFC Mutual Fund
2019-03-15,3902.4571,119092,HDFC Money Market Fund - Growth Option - Direct Plan,HDFC Mutual Fund
2019-03-18,3904.6634,119092,HDFC Money Market Fund - Growth Option - Direct Plan,HDFC Mutual Fund
2019-03-19,3906.2956,119092,HDFC Money Market Fund - Growth Option - Direct Plan,HDFC Mutual Fund
2019-03-20,3904.9666,119092,HDFC Money Market Fund - Growth Option - Direct Plan,HDFC Mutual Fund
2019-03-22,3905.4787,119092,HDFC Money Market Fund - Growth Option - Direct Plan,HDFC Mutual Fund
2019-03-25,3907.9094,119092,HDFC Money Market Fund - Growth Option - Direct Plan,HDFC Mutual Fund
2019-03-26,3908.667,119092,HDFC Money Market Fund - Growth Option - Direct Plan,HDFC Mutual Fund
2019-03-27,3909.9343,119092,HDFC Money Market Fund - Growth Option - Direct Plan,HDFC Mutual Fund
2019-03-28,3911.0154,119092,HDFC Money Market Fund - Growth Option - Direct Plan,HDFC Mutual Fund
2019-03-29,3919.3189,119092,HDFC Money Market Fund - Growth Option - Direct Plan,HDFC Mutual Fund
2019-04-02,3927.3237,119092,HDFC Money Market Fund - Growth Option - Direct Plan,HDFC Mutual Fund
2019-04-03,3927.7307,119092,HDFC Money Market Fund - Growth Option - Direct Plan,HDFC Mutual Fund
2019-04-04,3928.3556,119092,HDFC Money Market Fund - Growth Option - Direct Plan,HDFC Mutual Fund
2019-04-05,3928.9971,119092,HDFC Money Market Fund - Growth Option - Direct Plan,HDFC Mutual Fund
2019-04-08,3929.8635,119092,HDFC Money Market Fund - Growth Option - Direct Plan,HDFC Mutual Fund
2019-04-09,3929.5232,119092,HDFC Money Market Fund - Growth Option - Direct Plan,HDFC Mutual Fund
2019-04-10,3929.382,119092,HDFC Money Market Fund - Growth Option - Direct Plan,HDFC Mutual Fund
2019-04-11,3928.679,119092,HDFC Money Market Fund - Growth Option - Direct Plan,HDFC Mutual Fund
2019-04-12,3929.1923,119092,HDFC Money Market Fund - Growth Option - Direct Plan,HDFC Mutual Fund
2019-04-15,3930.2687,119092,HDFC Money Market Fund - Growth Option - Direct Plan,HDFC Mutual Fund
2019-04-16,3930.3122,119092,HDFC Money Market Fund - Growth Option - Direct Plan,HDFC Mutual Fund
2019-04-18,3931.8145,119092,HDFC Money Market Fund - Growth Option - Direct Plan,HDFC Mutual Fund
2019-04-22,3934.6565,119092,HDFC Money Market Fund - Growth Option - Direct Plan,HDFC Mutual Fund
2019-04-23,3933.8348,119092,HDFC Money Market Fund - Growth Option - Direct Plan,HDFC Mutual Fund
2019-04-24,3932.5059,119092,HDFC Money Market Fund - Growth Option - Direct Plan,HDFC Mutual Fund
2019-04-25,3932.7681,119092,HDFC Money Market Fund - Growth Option - Direct Plan,HDFC Mutual Fund
2019-04-26,3933.077,119092,HDFC Money Market Fund - Growth Option - Direct Plan,HDFC Mutual Fund
2019-04-30,3935.0437,119092,HDFC Money Market Fund - Growth Option - Direct Plan,HDFC Mutual Fund
2019-05-02,3935.9636,119092,HDFC Money Market Fund - Growth Option - Direct Plan,HDFC Mutual Fund
2019-05-03,3935.9902,119092,HDFC Money Market Fund - Growth Option - Direct Plan,HDFC Mutual Fund
2019-05-06,3939.3791,119092,HDFC Money Market Fund - Growth Option - Direct Plan,HDFC Mutual Fund
2019-05-07,3941.5665,119092,HDFC Money Market Fund - Growth Option - Direct Plan,HDFC Mutual Fund
2019-05-08,3943.5199,119092,HDFC Money Market Fund - Growth Option - Direct Plan,HDFC Mutual Fund
2019-05-09,3944.3106,119092,HDFC Money Market Fund - Growth Option - Direct Plan,HDFC Mutual Fund
2019-05-10,3945.6736,119092,HDFC Money Market Fund - Growth Option - Direct Plan,HDFC Mutual Fund
2019-05-13,3948.1583,119092,HDFC Money Market Fund - Growth Option - Direct Plan,HDFC Mutual Fund
2019-05-14,3949.6951,119092,HDFC Money Market Fund - Growth Option - Direct Plan,HDFC Mutual Fund
2019-05-15,3950.5061,119092,HDFC Money Market Fund - Growth Option - Direct Plan,HDFC Mutual Fund
2019-05-16,3952.2548,119092,HDFC Money Market Fund - Growth Option - Direct Plan,HDFC Mutual Fund
2019-05-17,3955.6152,119092,HDFC Money Market Fund - Growth Option - Direct Plan,HDFC Mutual Fund
2019-05-20,3958.6948,119092,HDFC Money Market Fund - Growth Option - Direct Plan,HDFC Mutual Fund
2019-05-21,3959.2603,119092,HDFC Money Market Fund - Growth Option - Direct Plan,HDFC Mutual Fund
2019-05-22,3959.9007,119092,HDFC Money Market Fund - Growth Option - Direct Plan,HDFC Mutual Fund
2019-05-23,3963.3894,119092,HDFC Money Market Fund - Growth Option - Direct Plan,HDFC Mutual Fund
2019-05-24,3964.3316,119092,HDFC Money Market Fund - Growth Option - Direct Plan,HDFC Mutual Fund
2019-05-27,3967.6125,119092,HDFC Money Market Fund - Growth Option - Direct Plan,HDFC Mutual Fund
2019-05-28,3968.2518,119092,HDFC Money Market Fund - Growth Option - Direct Plan,HDFC Mutual Fund
2019-05-29,3969.0534,119092,HDFC Money Market Fund - Growth Option - Direct Plan,HDFC Mutual Fund
2019-05-30,3971.0054,119092,HDFC Money Market Fund - Growth Option - Direct Plan,HDFC Mutual Fund
2019-05-31,3972.7088,119092,HDFC Money Market Fund - Growth Option - Direct Plan,HDFC Mutual Fund
2019-06-03,3977.9948,119092,HDFC Money Market Fund - Growth Option - Direct Plan,HDFC Mutual Fund
2019-06-04,3978.8906,119092,HDFC Money Market Fund - Growth Option - Direct Plan,HDFC Mutual Fund
2019-06-06,3981.171,119092,HDFC Money Market Fund - Growth Option - Direct Plan,HDFC Mutual Fund
2019-06-07,3979.4257,119092,HDFC Money Market Fund - Growth Option - Direct Plan,HDFC Mutual Fund
2019-06-10,3981.1174,119092,HDFC Money Market Fund - Growth Option - Direct Plan,HDFC Mutual Fund
2019-06-11,3981.148,119092,HDFC Money Market Fund - Growth Option - Direct Plan,HDFC Mutual Fund
2019-06-12,3981.3277,119092,HDFC Money Market Fund - Growth Option - Direct Plan,HDFC Mutual Fund
2019-06-13,3982.1122,119092,HDFC Money Market Fund - Growth Option - Direct Plan,HDFC Mutual Fund
2019-06-14,3982.7966,119092,HDFC Money Market Fund - Growth Option - Direct Plan,HDFC Mutual Fund
2019-06-17,3985.4552,119092,HDFC Money Market Fund - Growth Option - Direct Plan,HDFC Mutual Fund
2019-06-18,3986.5235,119092,HDFC Money Market Fund - Growth Option - Direct Plan,HDFC Mutual Fund
2019-06-19,3987.7899,119092,HDFC Money Market Fund - Growth Option - Direct Plan,HDFC Mutual Fund
2019-06-20,3988.4023,119092,HDFC Money Market Fund - Growth Option - Direct Plan,HDFC Mutual Fund
2019-06-21,3989.0576,119092,HDFC Money Market Fund - Growth Option - Direct Plan,HDFC Mutual Fund
2019-06-24,3991.2496,119092,HDFC Money Market Fund - Growth Option - Direct Plan,HDFC Mutual Fund
2019-06-25,3991.5578,119092,HDFC Money Market Fund - Growth Option - Direct Plan,HDFC Mutual Fund
2019-06-26,3990.5061,119092,HDFC Money Market Fund - Growth Option - Direct Plan,HDFC Mutual Fund
2019-06-27,3992.0176,119092,HDFC Money Market Fund - Growth Option - Direct Plan,HDFC Mutual Fund
2019-06-28,3993.2622,119092,HDFC Money Market Fund - Growth Option - Direct Plan,HDFC Mutual Fund
2019-07-01,3995.6093,119092,HDFC Money Market Fund - Growth Option - Direct Plan,HDFC Mutual Fund
2019-07-02,3996.3465,119092,HDFC Money Market Fund - Growth Option - Direct Plan,HDFC Mutual Fund
2019-07-03,3999.3038,119092,HDFC Money Market Fund - Growth Option - Direct Plan,HDFC Mutual Fund
2019-07-04,4001.4002,119092,HDFC Money Market Fund - Growth Option - Direct Plan,HDFC Mutual Fund
2019-07-05,4002.7573,119092,HDFC Money Market Fund - Growth Option - Direct Plan,HDFC Mutual Fund
2019-07-08,4005.3821,119092,HDFC Money Market Fund - Growth Option - Direct Plan,HDFC Mutual Fund
2019-07-09,4006.8852,119092,HDFC Money Market Fund - Growth Option - Direct Plan,HDFC Mutual Fund
2019-07-10,4009.7207,119092,HDFC Money Market Fund - Growth Option - Direct Plan,HDFC Mutual Fund
2019-07-11,4010.9502,119092,HDFC Money Market Fund - Growth Option - Direct Plan,HDFC Mutual Fund
2019-07-12,4012.4738,119092,HDFC Money Market Fund - Growth Option - Direct Plan,HDFC Mutual Fund
2019-07-15,4015.4835,119092,HDFC Money Market Fund - Growth Option - Direct Plan,HDFC Mutual Fund
2019-07-16,4018.8422,119092,HDFC Money Market Fund - Growth Option - Direct Plan,HDFC Mutual Fund
2019-07-17,4022.5023,119092,HDFC Money Market Fund - Growth Option - Direct Plan,HDFC Mutual Fund
2019-07-18,4023.3581,119092,HDFC Money Market Fund - Growth Option - Direct Plan,HDFC Mutual Fund
2019-07-19,4023.1439,119092,HDFC Money Market Fund - Growth Option - Direct Plan,HDFC Mutual Fund
2019-07-22,4024.4143,119092,HDFC Money Market Fund - Growth Option - Direct Plan,HDFC Mutual Fund
2019-07-23,4024.3809,119092,HDFC Money Market Fund - Growth Option - Direct Plan,HDFC Mutual Fund
2019-07-24,4024.7885,119092,HDFC Money Market Fund - Growth Option - Direct Plan,HDFC Mutual Fund
2019-07-25,4025.5358,119092,HDFC Money Market Fund - Growth Option - Direct Plan,HDFC Mutual Fund
2019-07-26,4026.2347,119092,HDFC Money Market Fund - Growth Option - Direct Plan,HDFC Mutual Fund
2019-07-29,4028.5247,119092,HDFC Money Market Fund - Growth Option - Direct Plan,HDFC Mutual Fund
2019-07-30,4030.8535,119092,HDFC Money Market Fund - Growth Option - Direct Plan,HDFC Mutual Fund
2019-07-31,4033.0479,119092,HDFC Money Market Fund - Growth Option - Direct Plan,HDFC Mutual Fund
2019-08-01,4036.5393,119092,HDFC Money Market Fund - Growth Option - Direct Plan,HDFC Mutual Fund
2019-08-02,4037.5492,119092,HDFC Money Market Fund - Growth Option - Direct Plan,HDFC Mutual Fund
2019-08-05,4040.2626,119092,HDFC Money Market Fund - Growth Option - Direct Plan,HDFC Mutual Fund
2019-08-06,4040.4543,119092,HDFC Money Market Fund - Growth Option - Direct Plan,HDFC Mutual Fund
2019-08-07,4043.2485,119092,HDFC Money Market Fund - Growth Option - Direct Plan,HDFC Mutual Fund
2019-08-08,4046.3973,119092,HDFC Money Market Fund - Growth Option - Direct Plan,HDFC Mutual Fund
2019-08-09,4047.4181,119092,HDFC Money Market Fund - Growth Option - Direct Plan,HDFC Mutual Fund
2019-08-13,4049.2676,119092,HDFC Money Market Fund - Growth Option - Direct Plan,HDFC Mutual Fund
2019-08-14,4049.1588,119092,HDFC Money Market Fund - Growth Option - Direct Plan,HDFC Mutual Fund
2019-08-16,4051.0235,119092,HDFC Money Market Fund - Growth Option - Direct Plan,HDFC Mutual Fund
2019-08-19,4053.5466,119092,HDFC Money Market Fund - Growth Option - Direct Plan,HDFC Mutual Fund
2019-08-20,4054.3711,119092,HDFC Money Market Fund - Growth Option - Direct Plan,HDFC Mutual Fund
2019-08-21,4055.4582,119092,HDFC Money Market Fund - Growth Option - Direct Plan,HDFC Mutual Fund
2019-08-22,4056.0057,119092,HDFC Money Market Fund - Growth Option - Direct Plan,HDFC Mutual Fund
2019-08-23,4056.744,119092,HDFC Money Market Fund - Growth Option - Direct Plan,HDFC Mutual Fund
2019-08-26,4059.444,119092,HDFC Money Market Fund - Growth Option - Direct Plan,HDFC Mutual Fund
2019-08-27,4060.9955,119092,HDFC Money Market Fund - Growth Option - Direct Plan,HDFC Mutual Fund
2019-08-28,4061.6488,119092,HDFC Money Market Fund - Growth Option - Direct Plan,HDFC Mutual Fund
2019-08-29,4062.6035,119092,HDFC Money Market Fund - Growth Option - Direct Plan,HDFC Mutual Fund
2019-08-30,4063.3999,119092,HDFC Money Market Fund - Growth Option - Direct Plan,HDFC Mutual Fund
2019-09-03,4067.1216,119092,HDFC Money Market Fund - Growth Option - Direct Plan,HDFC Mutual Fund
2019-09-04,4068.5983,119092,HDFC Money Market Fund - Growth Option - Direct Plan,HDFC Mutual Fund
2019-09-05,4069.0835,119092,HDFC Money Market Fund - Growth Option - Direct Plan,HDFC Mutual Fund
2019-09-06,4069.7611,119092,HDFC Money Market Fund - Growth Option - Direct Plan,HDFC Mutual Fund
2019-09-09,4072.1616,119092,HDFC Money Market Fund - Growth Option - Direct Plan,HDFC Mutual Fund
2019-09-11,4073.3738,119092,HDFC Money Market Fund - Growth Option - Direct Plan,HDFC Mutual Fund
2019-09-12,4074.3909,119092,HDFC Money Market Fund - Growth Option - Direct Plan,HDFC Mutual Fund
2019-09-13,4075.4083,119092,HDFC Money Market Fund - Growth Option - Direct Plan,HDFC Mutual Fund
2019-09-16,4077.8292,119092,HDFC Money Market Fund - Growth Option - Direct Plan,HDFC Mutual Fund
2019-09-17,4077.6242,119092,HDFC Money Market Fund - Growth Option - Direct Plan,HDFC Mutual Fund
2019-09-18,4078.329,119092,HDFC Money Market Fund - Growth Option - Direct Plan,HDFC Mutual Fund
2019-09-19,4079.2646,119092,HDFC Money Market Fund - Growth Option - Direct Plan,HDFC Mutual Fund
2019-09-20,4076.9678,119092,HDFC Money Market Fund - Growth Option - Direct Plan,HDFC Mutual Fund
2019-09-23,4079.1253,119092,HDFC Money Market Fund - Growth Option - Direct Plan,HDFC Mutual Fund
2019-09-24,4079.35,119092,HDFC Money Market Fund - Growth Option - Direct Plan,HDFC Mutual Fund
2019-09-25,4080.2472,119092,HDFC Money Market Fund - Growth Option - Direct Plan,HDFC Mutual Fund
2019-09-26,4081.9192,119092,HDFC Money Market Fund - Growth Option - Direct Plan,HDFC Mutual Fund
2019-09-27,4082.6786,119092,HDFC Money Market Fund - Growth Option - Direct Plan,HDFC Mutual Fund
2019-09-30,4086.2243,119092,HDFC Money Market Fund - Growth Option - Direct Plan,HDFC Mutual Fund
2019-10-01,4088.1697,119092,HDFC Money Market Fund - Growth Option - Direct Plan,HDFC Mutual Fund
2019-10-03,4089.831,119092,HDFC Money Market Fund - Growth Option - Direct Plan,HDFC Mutual Fund
2019-10-04,4091.1895,119092,HDFC Money Market Fund - Growth Option - Direct Plan,HDFC Mutual Fund
2019-10-07,4093.774,119092,HDFC Money Market Fund - Growth Option - Direct Plan,HDFC Mutual Fund
2019-10-09,4095.094,119092,HDFC Money Market Fund - Growth Option - Direct Plan,HDFC Mutual Fund
2019-10-10,4095.9991,119092,HDFC Money Market Fund - Growth Option - Direct Plan,HDFC Mutual Fund
2019-10-11,4097.3811,119092,HDFC Money Market Fund - Growth Option - Direct Plan,HDFC Mutual Fund
2019-10-14,4099.607,119092,HDFC Money Market Fund - Growth Option - Direct Plan,HDFC Mutual Fund
2019-10-15,4100.5496,119092,HDFC Money Market Fund - Growth Option - Direct Plan,HDFC Mutual Fund
2019-10-16,4101.6695,119092,HDFC Money Market Fund - Growth Option - Direct Plan,HDFC Mutual Fund
2019-10-17,4102.4534,119092,HDFC Money Market Fund - Growth Option - Direct Plan,HDFC Mutual Fund
2019-10-18,4103.1342,119092,HDFC Money Market Fund - Growth Option - Direct Plan,HDFC Mutual Fund
2019-10-22,4105.7837,119092,HDFC Money Market Fund - Growth Option - Direct Plan,HDFC Mutual Fund
2019-10-23,4106.5247,119092,HDFC Money Market Fund - Growth Option - Direct Plan,HDFC Mutual Fund
2019-10-24,4107.7561,119092,HDFC Money Market Fund - Growth Option - Direct Plan,HDFC Mutual Fund
2019-10-25,4108.466,119092,HDFC Money Market Fund - Growth Option - Direct Plan,HDFC Mutual Fund
2019-10-29,4111.1441,119092,HDFC Money Market Fund - Growth Option - Direct Plan,HDFC Mutual Fund
2019-10-30,4113.437,119092,HDFC Money Market Fund - Growth Option - Direct Plan,HDFC Mutual Fund
2019-10-31,4114.4383,119092,HDFC Money Market Fund - Growth Option - Direct Plan,HDFC Mutual Fund
2019-11-01,4115.088,119092,HDFC Money Market Fund - Growth Option - Direct Plan,HDFC Mutual Fund
2019-11-04,4117.1046,119092,HDFC Money Market Fund - Growth Option - Direct Plan,HDFC Mutual Fund
2019-11-05,4117.7223,119092,HDFC Money Market Fund - Growth Option - Direct Plan,HDFC Mutual Fund
2019-11-06,4117.083,119092,HDFC Money Market Fund - Growth Option - Direct Plan,HDFC Mutual Fund
2019-11-07,4117.7945,119092,HDFC Money Market Fund - Growth Option - Direct Plan,HDFC Mutual Fund
2019-11-08,4118.4667,119092,HDFC Money Market Fund - Growth Option - Direct Plan,HDFC Mutual Fund
2019-11-11,4120.8564,119092,HDFC Money Market Fund - Growth Option - Direct Plan,HDFC Mutual Fund
2019-11-13,4122.6082,119092,HDFC Money Market Fund - Growth Option - Direct Plan,HDFC Mutual Fund
2019-11-14,4123.4278,119092,HDFC Money Market Fund - Growth Option - Direct Plan,HDFC Mutual Fund
2019-11-15,4124.4226,119092,HDFC Money Market Fund - Growth Option - Direct Plan,HDFC Mutual Fund
2019-11-18,4126.3854,119092,HDFC Money Market Fund - Growth Option - Direct Plan,HDFC Mutual Fund
2019-11-19,4127.0449,119092,HDFC Money Market Fund - Growth Option - Direct Plan,HDFC Mutual Fund
2019-11-20,4127.8978,119092,HDFC Money Market Fund - Growth Option - Direct Plan,HDFC Mutual Fund
2019-11-21,4128.5649,119092,HDFC Money Market Fund - Growth Option - Direct Plan,HDFC Mutual Fund
2019-11-22,4129.247,119092,HDFC Money Market Fund - Growth Option - Direct Plan,HDFC Mutual Fund
2019-11-25,4131.1444,119092,HDFC Money Market Fund - Growth Option - Direct Plan,HDFC Mutual Fund
2019-11-26,4131.7613,119092,HDFC Money Market Fund - Growth Option - Direct Plan,HDFC Mutual Fund
2019-11-27,4132.7466,119092,HDFC Money Market Fund - Growth Option - Direct Plan,HDFC Mutual Fund
2019-11-28,4133.5488,119092,HDFC Money Market Fund - Growth Option - Direct Plan,HDFC Mutual Fund
2019-11-29,4134.6499,119092,HDFC Money Market Fund - Growth Option - Direct Plan,HDFC Mutual Fund
2019-12-02,4136.7004,119092,HDFC Money Market Fund - Growth Option - Direct Plan,HDFC Mutual Fund
2019-12-03,4137.4286,119092,HDFC Money Market Fund - Growth Option - Direct Plan,HDFC Mutual Fund
2019-12-04,4138.0105,119092,HDFC Money Market Fund - Growth Option - Direct Plan,HDFC Mutual Fund
2019-12-05,4137.1591,119092,HDFC Money Market Fund - Growth Option - Direct Plan,HDFC Mutual Fund
2019-12-06,4137.8932,119092,HDFC Money Market Fund - Growth Option - Direct Plan,HDFC Mutual Fund
2019-12-09,4140.0144,119092,HDFC Money Market Fund - Growth Option - Direct Plan,HDFC Mutual Fund
2019-12-10,4140.8362,119092,HDFC Money Market Fund - Growth Option - Direct Plan,HDFC Mutual Fund
2019-12-11,4141.6075,119092,HDFC Money Market Fund - Growth Option - Direct Plan,HDFC Mutual Fund
2019-12-12,4142.2277,119092,HDFC Money Market Fund - Growth Option - Direct Plan,HDFC Mutual Fund
2019-12-13,4142.7981,119092,HDFC Money Market Fund - Growth Option - Direct Plan,HDFC Mutual Fund
2019-12-16,4144.5725,119092,HDFC Money Market Fund - Growth Option - Direct Plan,HDFC Mutual Fund
2019-12-17,4145.1513,119092,HDFC Money Market Fund - Growth Option - Direct Plan,HDFC Mutual Fund
2019-12-18,4145.708,119092,HDFC Money Market Fund - Growth Option - Direct Plan,HDFC Mutual Fund
2019-12-19,4146.3861,119092,HDFC Money Market Fund - Growth Option - Direct Plan,HDFC Mutual Fund
2019-12-20,4146.8586,119092,HDFC Money Market Fund - Growth Option - Direct Plan,HDFC Mutual Fund
2019-12-23,4148.6422,119092,HDFC Money Market Fund - Growth Option - Direct Plan,HDFC Mutual Fund
2019-12-24,4149.2295,119092,HDFC Money Market Fund - Growth Option - Direct Plan,HDFC Mutual Fund
2019-12-26,4150.4387,119092,HDFC Money Market Fund - Growth Option - Direct Plan,HDFC Mutual Fund
2019-12-27,4151.2058,119092,HDFC Money Market Fund - Growth Option - Direct Plan,HDFC Mutual Fund
2019-12-30,4152.9985,119092,HDFC Money Market Fund - Growth Option - Direct Plan,HDFC Mutual Fund
2019-12-31,4153.5751,119092,HDFC Money Market Fund - Growth Option - Direct Plan,HDFC Mutual Fund
2020-01-01,4154.2506,119092,HDFC Money Market Fund - Growth Option - Direct Plan,HDFC Mutual Fund
2020-01-02,4155.3529,119092,HDFC Money Market Fund - Growth Option - Direct Plan,HDFC Mutual Fund
2020-01-03,4155.873,119092,HDFC Money Market Fund - Growth Option - Direct Plan,HDFC Mutual Fund
2020-01-06,4157.6608,119092,HDFC Money Market Fund - Growth Option - Direct Plan,HDFC Mutual Fund
2020-01-07,4158.2403,119092,HDFC Money Market Fund - Growth Option - Direct Plan,HDFC Mutual Fund
2020-01-08,4158.7589,119092,HDFC Money Market Fund - Growth Option - Direct Plan,HDFC Mutual Fund
2020-01-09,4159.2962,119092,HDFC Money Market Fund - Growth Option - Direct Plan,HDFC Mutual Fund
2020-01-10,4159.6197,119092,HDFC Money Market Fund - Growth Option - Direct Plan,HDFC Mutual Fund
2020-01-13,4161.2805,119092,HDFC Money Market Fund - Growth Option - Direct Plan,HDFC Mutual Fund
2020-01-14,4161.7101,119092,HDFC Money Market Fund - Growth Option - Direct Plan,HDFC Mutual Fund
2020-01-15,4162.2102,119092,HDFC Money Market Fund - Growth Option - Direct Plan,HDFC Mutual Fund
2020-01-16,4162.7975,119092,HDFC Money Market Fund - Growth Option - Direct Plan,HDFC Mutual Fund
2020-01-17,4163.4425,119092,HDFC Money Market Fund - Growth Option - Direct Plan,HDFC Mutual Fund
2020-01-20,4165.2638,119092,HDFC Money Market Fund - Growth Option - Direct Plan,HDFC Mutual Fund
2020-01-21,4165.9471,119092,HDFC Money Market Fund - Growth Option - Direct Plan,HDFC Mutual Fund
2020-01-22,4166.5799,119092,HDFC Money Market Fund - Growth Option - Direct Plan,HDFC Mutual Fund
2020-01-23,4167.2712,119092,HDFC Money Market Fund - Growth Option - Direct Plan,HDFC Mutual Fund
2020-01-24,4168.047,119092,HDFC Money Market Fund - Growth Option - Direct Plan,HDFC Mutual Fund
2020-01-27,4169.8989,119092,HDFC Money Market Fund - Growth Option - Direct Plan,HDFC Mutual Fund
2020-01-28,4170.5021,119092,HDFC Money Market Fund - Growth Option - Direct Plan,HDFC Mutual Fund
2020-01-29,4171.1131,119092,HDFC Money Market Fund - Growth Option - Direct Plan,HDFC Mutual Fund
2020-01-30,4171.7595,119092,HDFC Money Market Fund - Growth Option - Direct Plan,HDFC Mutual Fund
2020-01-31,4172.3693,119092,HDFC Money Market Fund - Growth Option - Direct Plan,HDFC Mutual Fund
2020-02-03,4174.2552,119092,HDFC Money Market Fund - Growth Option - Direct Plan,HDFC Mutual Fund
2020-02-04,4174.93,119092,HDFC Money Market Fund - Growth Option - Direct Plan,HDFC Mutual Fund
2020-02-05,4175.5676,119092,HDFC Money Market Fund - Growth Option - Direct Plan,HDFC Mutual Fund
2020-02-06,4178.0239,119092,HDFC Money Market Fund - Growth Option - Direct Plan,HDFC Mutual Fund
2020-02-07,4178.8921,119092,HDFC Money Market Fund - Growth Option - Direct Plan,HDFC Mutual Fund
2020-02-10,4181.1499,119092,HDFC Money Market Fund - Growth Option - Direct Plan,HDFC Mutual Fund
2020-02-11,4182.0429,119092,HDFC Money Market Fund - Growth Option - Direct Plan,HDFC Mutual Fund
2020-02-12,4182.7922,119092,HDFC Money Market Fund - Growth Option - Direct Plan,HDFC Mutual Fund
2020-02-13,4184.0904,119092,HDFC Money Market Fund - Growth Option - Direct Plan,HDFC Mutual Fund
2020-02-14,4184.71,119092,HDFC Money Market Fund - Growth Option - Direct Plan,HDFC Mutual Fund
2020-02-17,4186.7668,119092,HDFC Money Market Fund - Growth Option - Direct Plan,HDFC Mutual Fund
2020-02-18,4187.2739,119092,HDFC Money Market Fund - Growth Option - Direct Plan,HDFC Mutual Fund
2020-02-20,4188.3871,119092,HDFC Money Market Fund - Growth Option - Direct Plan,HDFC Mutual Fund
2020-02-24,4190.8455,119092,HDFC Money Market Fund - Growth Option - Direct Plan,HDFC Mutual Fund
2020-02-25,4191.6676,119092,HDFC Money Market Fund - Growth Option - Direct Plan,HDFC Mutual Fund
2020-02-26,4192.2986,119092,HDFC Money Market Fund - Growth Option - Direct Plan,HDFC Mutual Fund
2020-02-27,4192.7871,119092,HDFC Money Market Fund - Growth Option - Direct Plan,HDFC Mutual Fund
2020-02-28,4192.8719,119092,HDFC Money Market Fund - Growth Option - Direct Plan,HDFC Mutual Fund
2020-03-02,4194.6776,119092,HDFC Money Market Fund - Growth Option - Direct Plan,HDFC Mutual Fund
2020-03-03,4195.0644,119092,HDFC Money Market Fund - Growth Option - Direct Plan,HDFC Mutual Fund
2020-03-04,4198.9729,119092,HDFC Money Market Fund - Growth Option - Direct Plan,HDFC Mutual Fund
2020-03-05,4200.1656,119092,HDFC Money Market Fund - Growth Option - Direct Plan,HDFC Mutual Fund
2020-03-06,4200.6749,119092,HDFC Money Market Fund - Growth Option - Direct Plan,HDFC Mutual Fund
2020-03-09,4202.7078,119092,HDFC Money Market Fund - Growth Option - Direct Plan,HDFC Mutual Fund
2020-03-11,4202.8702,119092,HDFC Money Market Fund - Growth Option - Direct Plan,HDFC Mutual Fund
2020-03-12,4199.1631,119092,HDFC Money Market Fund - Growth Option - Direct Plan,HDFC Mutual Fund
2020-03-13,4195.2449,119092,HDFC Money Market Fund - Growth Option - Direct Plan,HDFC Mutual Fund
2020-03-16,4195.5139,119092,HDFC Money Market Fund - Growth Option - Direct Plan,HDFC Mutual Fund
2020-03-17,4193.9895,119092,HDFC Money Market Fund - Growth Option - Direct Plan,HDFC Mutual Fund
2020-03-18,4186.9181,119092,HDFC Money Market Fund - Growth Option - Direct Plan,HDFC Mutual Fund
2020-03-19,4164.2442,119092,HDFC Money Market Fund - Growth Option - Direct Plan,HDFC Mutual Fund
2020-03-20,4163.0671,119092,HDFC Money Market Fund - Growth Option - Direct Plan,HDFC Mutual Fund
2020-03-23,4152.1616,119092,HDFC Money Market Fund - Growth Option - Direct Plan,HDFC Mutual Fund
2020-03-24,4144.3512,119092,HDFC Money Market Fund - Growth Option - Direct Plan,HDFC Mutual Fund
2020-03-26,4156.2809,119092,HDFC Money Market Fund - Growth Option - Direct Plan,HDFC Mutual Fund
2020-03-27,4212.5014,119092,HDFC Money Market Fund - Growth Option - Direct Plan,HDFC Mutual Fund
2020-03-30,4218.4355,119092,HDFC Money Market Fund - Growth Option - Direct Plan,HDFC Mutual Fund
2020-03-31,4219.8368,119092,HDFC Money Market Fund - Growth Option - Direct Plan,HDFC Mutual Fund
2020-04-03,4223.1814,119092,HDFC Money Market Fund - Growth Option - Direct Plan,HDFC Mutual Fund
2020-04-07,4228.7396,119092,HDFC Money Market Fund - Growth Option - Direct Plan,HDFC Mutual Fund
2020-04-08,4225.2022,119092,HDFC Money Market Fund - Growth Option - Direct Plan,HDFC Mutual Fund
2020-04-09,4221.4016,119092,HDFC Money Market Fund - Growth Option - Direct Plan,HDFC Mutual Fund
2020-04-13,4222.2748,119092,HDFC Money Market Fund - Growth Option - Direct Plan,HDFC Mutual Fund
2020-04-15,4223.0994,119092,HDFC Money Market Fund - Growth Option - Direct Plan,HDFC Mutual Fund
2020-04-16,4224.6042,119092,HDFC Money Market Fund - Growth Option - Direct Plan,HDFC Mutual Fund
2020-04-17,4235.9524,119092,HDFC Money Market Fund - Growth Option - Direct Plan,HDFC Mutual Fund
2020-04-20,4241.9107,119092,HDFC Money Market Fund - Growth Option - Direct Plan,HDFC Mutual Fund
2020-04-21,4248.4573,119092,HDFC Money Market Fund - Growth Option - Direct Plan,HDFC Mutual Fund
2020-04-22,4251.0201,119092,HDFC Money Market Fund - Growth Option - Direct Plan,HDFC Mutual Fund
2020-04-23,4257.8975,119092,HDFC Money Market Fund - Growth Option - Direct Plan,HDFC Mutual Fund
2020-04-24,4253.9022,119092,HDFC Money Market Fund - Growth Option - Direct Plan,HDFC Mutual Fund
2020-04-27,4250.8959,119092,HDFC Money Market Fund - Growth Option - Direct Plan,HDFC Mutual Fund
2020-04-28,4245.0076,119092,HDFC Money Market Fund - Growth Option - Direct Plan,HDFC Mutual Fund
2020-04-29,4246.2017,119092,HDFC Money Market Fund - Growth Option - Direct Plan,HDFC Mutual Fund
2020-04-30,4250.8578,119092,HDFC Money Market Fund - Growth Option - Direct Plan,HDFC Mutual Fund
2020-05-04,4254.1526,119092,HDFC Money Market Fund - Growth Option - Direct Plan,HDFC Mutual Fund
2020-05-05,4257.3671,119092,HDFC Money Market Fund - Growth Option - Direct Plan,HDFC Mutual Fund
2020-05-06,4260.1611,119092,HDFC Money Market Fund - Growth Option - Direct Plan,HDFC Mutual Fund
2020-05-08,4264.2386,119092,HDFC Money Market Fund - Growth Option - Direct Plan,HDFC Mutual Fund
2020-05-11,4265.7032,119092,HDFC Money Market Fund - Growth Option - Direct Plan,HDFC Mutual Fund
2020-05-12,4271.4274,119092,HDFC Money Market Fund - Growth Option - Direct Plan,HDFC Mutual Fund
2020-05-13,4270.8111,119092,HDFC Money Market Fund - Growth Option - Direct Plan,HDFC Mutual Fund
2020-05-14,4271.4229,119092,HDFC Money Market Fund - Growth Option - Direct Plan,HDFC Mutual Fund
2020-05-15,4275.9992,119092,HDFC Money Market Fund - Growth Option - Direct Plan,HDFC Mutual Fund
2020-05-18,4284.9352,119092,HDFC Money Market Fund - Growth Option - Direct Plan,HDFC Mutual Fund
2020-05-19,4288.6721,119092,HDFC Money Market Fund - Growth Option - Direct Plan,HDFC Mutual Fund
2020-05-20,4289.6827,119092,HDFC Money Market Fund - Growth Option - Direct Plan,HDFC Mutual Fund
2020-05-21,4294.3552,119092,HDFC Money Market Fund - Growth Option - Direct Plan,HDFC Mutual Fund
2020-05-22,4299.3833,119092,HDFC Money Market Fund - Growth Option - Direct Plan,HDFC Mutual Fund
2020-05-26,4306.032,119092,HDFC Money Market Fund - Growth Option - Direct Plan,HDFC Mutual Fund
2020-05-27,4306.1167,119092,HDFC Money Market Fund - Growth Option - Direct Plan,HDFC Mutual Fund
2020-05-28,4305.9734,119092,HDFC Money Market Fund - Growth Option - Direct Plan,HDFC Mutual Fund
2020-05-29,4301.7625,119092,HDFC Money Market Fund - Growth Option - Direct Plan,HDFC Mutual Fund
2020-06-01,4303.6551,119092,HDFC Money Market Fund - Growth Option - Direct Plan,HDFC Mutual Fund
2020-06-02,4303.0421,119092,HDFC Money Market Fund - Growth Option - Direct Plan,HDFC Mutual Fund
2020-06-03,4303.7694,119092,HDFC Money Market Fund - Growth Option - Direct Plan,HDFC Mutual Fund
2020-06-04,4302.9475,119092,HDFC Money Market Fund - Growth Option - Direct Plan,HDFC Mutual Fund
2020-06-05,4303.6425,119092,HDFC Money Market Fund - Growth Option - Direct Plan,HDFC Mutual Fund
2020-06-08,4305.6172,119092,HDFC Money Market Fund - Growth Option - Direct Plan,HDFC Mutual Fund
2020-06-09,4305.7632,119092,HDFC Money Market Fund - Growth Option - Direct Plan,HDFC Mutual Fund
2020-06-10,4307.0927,119092,HDFC Money Market Fund - Growth Option - Direct Plan,HDFC Mutual Fund
2020-06-11,4310.1565,119092,HDFC Money Market Fund - Growth Option - Direct Plan,HDFC Mutual Fund
2020-06-12,4311.2397,119092,HDFC Money Market Fund - Growth Option - Direct Plan,HDFC Mutual Fund
2020-06-15,4315.1713,119092,HDFC Money Market Fund - Growth Option - Direct Plan,HDFC Mutual Fund
2020-06-16,4317.8417,119092,HDFC Money Market Fund - Growth Option - Direct Plan,HDFC Mutual Fund
2020-06-17,4318.5464,119092,HDFC Money Market Fund - Growth Option - Direct Plan,HDFC Mutual Fund
2020-06-18,4324.4248,119092,HDFC Money Market Fund - Growth Option - Direct Plan,HDFC Mutual Fund
2020-06-19,4326.3408,119092,HDFC Money Market Fund - Growth Option - Direct Plan,HDFC Mutual Fund
2020-06-22,4325.789,119092,HDFC Money Market Fund - Growth Option - Direct Plan,HDFC Mutual Fund
2020-06-23,4327.428,119092,HDFC Money Market Fund - Growth Option - Direct Plan,HDFC Mutual Fund
2020-06-24,4327.9788,119092,HDFC Money Market Fund - Growth Option - Direct Plan,HDFC Mutual Fund
2020-06-25,4328.6429,119092,HDFC Money Market Fund - Growth Option - Direct Plan,HDFC Mutual Fund
2020-06-26,4329.9344,119092,HDFC Money Market Fund - Growth Option - Direct Plan,HDFC Mutual Fund
2020-06-29,4329.6449,119092,HDFC Money Market Fund - Growth Option - Direct Plan,HDFC Mutual Fund
2020-06-30,4330.1984,119092,HDFC Money Market Fund - Growth Option - Direct Plan,HDFC Mutual Fund
2020-07-01,4332.0976,119092,HDFC Money Market Fund - Growth Option - Direct Plan,HDFC Mutual Fund
2020-07-02,4333.5809,119092,HDFC Money Market Fund - Growth Option - Direct Plan,HDFC Mutual Fund
2020-07-03,4336.8755,119092,HDFC Money Market Fund - Growth Option - Direct Plan,HDFC Mutual Fund
2020-07-06,4339.2371,119092,HDFC Money Market Fund - Growth Option - Direct Plan,HDFC Mutual Fund
2020-07-07,4341.1793,119092,HDFC Money Market Fund - Growth Option - Direct Plan,HDFC Mutual Fund
2020-07-08,4343.2338,119092,HDFC Money Market Fund - Growth Option - Direct Plan,HDFC Mutual Fund
2020-07-09,4344.087,119092,HDFC Money Market Fund - Growth Option - Direct Plan,HDFC Mutual Fund
2020-07-10,4345.9608,119092,HDFC Money Market Fund - Growth Option - Direct Plan,HDFC Mutual Fund
2020-07-13,4348.2801,119092,HDFC Money Market Fund - Growth Option - Direct Plan,HDFC Mutual Fund
2020-07-14,4346.9559,119092,HDFC Money Market Fund - Growth Option - Direct Plan,HDFC Mutual Fund
2020-07-15,4347.4749,119092,HDFC Money Market Fund - Growth Option - Direct Plan,HDFC Mutual Fund
2020-07-16,4347.9358,119092,HDFC Money Market Fund - Growth Option - Direct Plan,HDFC Mutual Fund
2020-07-17,4348.386,119092,HDFC Money Market Fund - Growth Option - Direct Plan,HDFC Mutual Fund
2020-07-20,4349.7322,119092,HDFC Money Market Fund - Growth Option - Direct Plan,HDFC Mutual Fund
2020-07-21,4350.8257,119092,HDFC Money Market Fund - Growth Option - Direct Plan,HDFC Mutual Fund
2020-07-22,4351.1503,119092,HDFC Money Market Fund - Growth Option - Direct Plan,HDFC Mutual Fund
2020-07-23,4351.7062,119092,HDFC Money Market Fund - Growth Option - Direct Plan,HDFC Mutual Fund
2020-07-24,4351.8154,119092,HDFC Money Market Fund - Growth Option - Direct Plan,HDFC Mutual Fund
2020-07-27,4353.5207,119092,HDFC Money Market Fund - Growth Option - Direct Plan,HDFC Mutual Fund
2020-07-28,4353.6483,119092,HDFC Money Market Fund - Growth Option - Direct Plan,HDFC Mutual Fund
2020-07-29,4353.8404,119092,HDFC Money Market Fund - Growth Option - Direct Plan,HDFC Mutual Fund
2020-07-30,4354.5685,119092,HDFC Money Market Fund - Growth Option - Direct Plan,HDFC Mutual Fund
2020-07-31,4355.1666,119092,HDFC Money Market Fund - Growth Option - Direct Plan,HDFC Mutual Fund
2020-08-03,4356.3316,119092,HDFC Money Market Fund - Growth Option - Direct Plan,HDFC Mutual Fund
2020-08-04,4357.4592,119092,HDFC Money Market Fund - Growth Option - Direct Plan,HDFC Mutual Fund
2020-08-05,4358.5009,119092,HDFC Money Market Fund - Growth Option - Direct Plan,HDFC Mutual Fund
2020-08-06,4359.1377,119092,HDFC Money Market Fund - Growth Option - Direct Plan,HDFC Mutual Fund
2020-08-07,4358.6338,119092,HDFC Money Market Fund - Growth Option - Direct Plan,HDFC Mutual Fund
2020-08-10,4360.0294,119092,HDFC Money Market Fund - Growth Option - Direct Plan,HDFC Mutual Fund
2020-08-11,4360.7977,119092,HDFC Money Market Fund - Growth Option - Direct Plan,HDFC Mutual Fund
2020-08-12,4361.3494,119092,HDFC Money Market Fund - Growth Option - Direct Plan,HDFC Mutual Fund
2020-08-13,4361.8782,119092,HDFC Money Market Fund - Growth Option - Direct Plan,HDFC Mutual Fund
2020-08-14,4362.347,119092,HDFC Money Market Fund - Growth Option - Direct Plan,HDFC Mutual Fund
2020-08-17,4363.6971,119092,HDFC Money Market Fund - Growth Option - Direct Plan,HDFC Mutual Fund
2020-08-18,4365.6229,119092,HDFC Money Market Fund - Growth Option - Direct Plan,HDFC Mutual Fund
2020-08-19,4366.3028,119092,HDFC Money Market Fund - Growth Option - Direct Plan,HDFC Mutual Fund
2020-08-20,4367.337,119092,HDFC Money Market Fund - Growth Option - Direct Plan,HDFC Mutual Fund
2020-08-21,4368.2559,119092,HDFC Money Market Fund - Growth Option - Direct Plan,HDFC Mutual Fund
2020-08-24,4369.1162,119092,HDFC Money Market Fund - Growth Option - Direct Plan,HDFC Mutual Fund
2020-08-25,4369.0401,119092,HDFC Money Market Fund - Growth Option - Direct Plan,HDFC Mutual Fund
2020-08-26,4369.8086,119092,HDFC Money Market Fund - Growth Option - Direct Plan,HDFC Mutual Fund
2020-08-27,4370.2899,119092,HDFC Money Market Fund - Growth Option - Direct Plan,HDFC Mutual Fund
2020-08-28,4370.9404,119092,HDFC Money Market Fund - Growth Option - Direct Plan,HDFC Mutual Fund
2020-08-31,4372.3045,119092,HDFC Money Market Fund - Growth Option - Direct Plan,HDFC Mutual Fund
2020-09-01,4373.4455,119092,HDFC Money Market Fund - Growth Option - Direct Plan,HDFC Mutual Fund
2020-09-02,4373.5889,119092,HDFC Money Market Fund - Growth Option - Direct Plan,HDFC Mutual Fund
2020-09-03,4373.9936,119092,HDFC Money Market Fund - Growth Option - Direct Plan,HDFC Mutual Fund
2020-09-04,4374.4488,119092,HDFC Money Market Fund - Growth Option - Direct Plan,HDFC Mutual Fund
2020-09-07,4375.9053,119092,HDFC Money Market Fund - Growth Option - Direct Plan,HDFC Mutual Fund
2020-09-08,4376.2118,119092,HDFC Money Market Fund - Growth Option - Direct Plan,HDFC Mutual Fund
2020-09-09,4376.598,119092,HDFC Money Market Fund - Growth Option - Direct Plan,HDFC Mutual Fund
2020-09-10,4376.749,119092,HDFC Money Market Fund - Growth Option - Direct Plan,HDFC Mutual Fund
2020-09-11,4377.2109,119092,HDFC Money Market Fund - Growth Option - Direct Plan,HDFC Mutual Fund
2020-09-14,4378.5847,119092,HDFC Money Market Fund - Growth Option - Direct Plan,HDFC Mutual Fund
2020-09-15,4379.0681,119092,HDFC Money Market Fund - Growth Option - Direct Plan,HDFC Mutual Fund
2020-09-16,4379.3179,119092,HDFC Money Market Fund - Growth Option - Direct Plan,HDFC Mutual Fund
2020-09-17,4379.9396,119092,HDFC Money Market Fund - Growth Option - Direct Plan,HDFC Mutual Fund
2020-09-18,4380.2814,119092,HDFC Money Market Fund - Growth Option - Direct Plan,HDFC Mutual Fund
2020-09-21,4381.6926,119092,HDFC Money Market Fund - Growth Option - Direct Plan,HDFC Mutual Fund
2020-09-22,4382.1581,119092,HDFC Money Market Fund - Growth Option - Direct Plan,HDFC Mutual Fund
2020-09-23,4382.387,119092,HDFC Money Market Fund - Growth Option - Direct Plan,HDFC Mutual Fund
2020-09-24,4382.6886,119092,HDFC Money Market Fund - Growth Option - Direct Plan,HDFC Mutual Fund
2020-09-25,4383.1713,119092,HDFC Money Market Fund - Growth Option - Direct Plan,HDFC Mutual Fund
2020-09-28,4384.6086,119092,HDFC Money Market Fund - Growth Option - Direct Plan,HDFC Mutual Fund
2020-09-29,4385.4487,119092,HDFC Money Market Fund - Growth Option - Direct Plan,HDFC Mutual Fund
2020-09-30,4386.1231,119092,HDFC Money Market Fund - Growth Option - Direct Plan,HDFC Mutual Fund
2020-10-01,4386.904,119092,HDFC Money Market Fund - Growth Option - Direct Plan,HDFC Mutual Fund
2020-10-05,4389.4847,119092,HDFC Money Market Fund - Growth Option - Direct Plan,HDFC Mutual Fund
2020-10-06,4390.6895,119092,HDFC Money Market Fund - Growth Option - Direct Plan,HDFC Mutual Fund
2020-10-07,4392.2027,119092,HDFC Money Market Fund - Growth Option - Direct Plan,HDFC Mutual Fund
2020-10-08,4393.0146,119092,HDFC Money Market Fund - Growth Option - Direct Plan,HDFC Mutual Fund
2020-10-09,4393.6484,119092,HDFC Money Market Fund - Growth Option - Direct Plan,HDFC Mutual Fund
2020-10-12,4395.1137,119092,HDFC Money Market Fund - Growth Option - Direct Plan,HDFC Mutual Fund
2020-10-13,4395.391,119092,HDFC Money Market Fund - Growth Option - Direct Plan,HDFC Mutual Fund
2020-10-14,4396.2372,119092,HDFC Money Market Fund - Growth Option - Direct Plan,HDFC Mutual Fund
2020-10-15,4396.7317,119092,HDFC Money Market Fund - Growth Option - Direct Plan,HDFC Mutual Fund
2020-10-16,4397.261,119092,HDFC Money Market Fund - Growth Option - Direct Plan,HDFC Mutual Fund
2020-10-19,4398.6908,119092,HDFC Money Market Fund - Growth Option - Direct Plan,HDFC Mutual Fund
2020-10-20,4399.2865,119092,HDFC Money Market Fund - Growth Option - Direct Plan,HDFC Mutual Fund
2020-10-21,4399.7853,119092,HDFC Money Market Fund - Growth Option - Direct Plan,HDFC Mutual Fund
2020-10-22,4400.195,119092,HDFC Money Market Fund - Growth Option - Direct Plan,HDFC Mutual Fund
2020-10-23,4400.7309,119092,HDFC Money Market Fund - Growth Option - Direct Plan,HDFC Mutual Fund
2020-10-26,4402.2426,119092,HDFC Money Market Fund - Growth Option - Direct Plan,HDFC Mutual Fund
2020-10-27,4402.6028,119092,HDFC Money Market Fund - Growth Option - Direct Plan,HDFC Mutual Fund
2020-10-28,4403.2058,119092,HDFC Money Market Fund - Growth Option - Direct Plan,HDFC Mutual Fund
2020-10-29,4403.6062,119092,HDFC Money Market Fund - Growth Option - Direct Plan,HDFC Mutual Fund
2020-11-02,4405.1472,119092,HDFC Money Market Fund - Growth Option - Direct Plan,HDFC Mutual Fund
2020-11-03,4405.5861,119092,HDFC Money Market Fund - Growth Option - Direct Plan,HDFC Mutual Fund
2020-11-04,4406.2541,119092,HDFC Money Market Fund - Growth Option - Direct Plan,HDFC Mutual Fund
2020-11-05,4406.7614,119092,HDFC Money Market Fund - Growth Option - Direct Plan,HDFC Mutual Fund
2020-11-06,4407.199,119092,HDFC Money Market Fund - Growth Option - Direct Plan,HDFC Mutual Fund
2020-11-09,4408.6502,119092,HDFC Money Market Fund - Growth Option - Direct Plan,HDFC Mutual Fund
2020-11-10,4409.1968,119092,HDFC Money Market Fund - Growth Option - Direct Plan,HDFC Mutual Fund
2020-11-11,4409.8311,119092,HDFC Money Market Fund - Growth Option - Direct Plan,HDFC Mutual Fund
2020-11-12,4410.5149,119092,HDFC Money Market Fund - Growth Option - Direct Plan,HDFC Mutual Fund
2020-11-13,4411.2065,119092,HDFC Money Market Fund - Growth Option - Direct Plan,HDFC Mutual Fund
2020-11-17,4413.0101,119092,HDFC Money Market Fund - Growth Option - Direct Plan,HDFC Mutual Fund
2020-11-18,4413.7605,119092,HDFC Money Market Fund - Growth Option - Direct Plan,HDFC Mutual Fund
2020-11-19,4414.744,119092,HDFC Money Market Fund - Growth Option - Direct Plan,HDFC Mutual Fund
2020-11-20,4415.3233,119092,HDFC Money Market Fund - Growth Option - Direct Plan,HDFC Mutual Fund
2020-11-23,4416.5255,119092,HDFC Money Market Fund - Growth Option - Direct Plan,HDFC Mutual Fund
2020-11-24,4416.7467,119092,HDFC Money Market Fund - Growth Option - Direct Plan,HDFC Mutual Fund
2020-11-25,4417.2969,119092,HDFC Money Market Fund - Growth Option - Direct Plan,HDFC Mutual Fund
2020-11-26,4418.0768,119092,HDFC Money Market Fund - Growth Option - Direct Plan,HDFC Mutual Fund
2020-11-27,4418.6432,119092,HDFC Money Market Fund - Growth Option - Direct Plan,HDFC Mutual Fund
2020-12-01,4419.9359,119092,HDFC Money Market Fund - Growth Option - Direct Plan,HDFC Mutual Fund
2020-12-02,4419.5547,119092,HDFC Money Market Fund - Growth Option - Direct Plan,HDFC Mutual Fund
2020-12-03,4419.9119,119092,HDFC Money Market Fund - Growth Option - Direct Plan,HDFC Mutual Fund
2020-12-04,4420.5672,119092,HDFC Money Market Fund - Growth Option - Direct Plan,HDFC Mutual Fund
2020-12-07,4421.93,119092,HDFC Money Market Fund - Growth Option - Direct Plan,HDFC Mutual Fund
2020-12-08,4421.9973,119092,HDFC Money Market Fund - Growth Option - Direct Plan,HDFC Mutual Fund
2020-12-09,4422.082,119092,HDFC Money Market Fund - Growth Option - Direct Plan,HDFC Mutual Fund
2020-12-10,4422.6387,119092,HDFC Money Market Fund - Growth Option - Direct Plan,HDFC Mutual Fund
2020-12-11,4423.1467,119092,HDFC Money Market Fund - Growth Option - Direct Plan,HDFC Mutual Fund
2020-12-14,4424.3118,119092,HDFC Money Market Fund - Growth Option - Direct Plan,HDFC Mutual Fund
2020-12-15,4424.5835,119092,HDFC Money Market Fund - Growth Option - Direct Plan,HDFC Mutual Fund
2020-12-16,4424.8852,119092,HDFC Money Market Fund - Growth Option - Direct Plan,HDFC Mutual Fund
2020-12-17,4425.2074,119092,HDFC Money Market Fund - Growth Option - Direct Plan,HDFC Mutual Fund
2020-12-18,4425.6665,119092,HDFC Money Market Fund - Growth Option - Direct Plan,HDFC Mutual Fund
2020-12-21,4426.9505,119092,HDFC Money Market Fund - Growth Option - Direct Plan,HDFC Mutual Fund
2020-12-22,4427.3621,119092,HDFC Money Market Fund - Growth Option - Direct Plan,HDFC Mutual Fund
2020-12-23,4427.7459,119092,HDFC Money Market Fund - Growth Option - Direct Plan,HDFC Mutual Fund
2020-12-24,4428.2037,119092,HDFC Money Market Fund - Growth Option - Direct Plan,HDFC Mutual Fund
2020-12-28,4429.8268,119092,HDFC Money Market Fund - Growth Option - Direct Plan,HDFC Mutual Fund
2020-12-29,4430.3893,119092,HDFC Money Market Fund - Growth Option - Direct Plan,HDFC Mutual Fund
2020-12-30,4431.1016,119092,HDFC Money Market Fund - Growth Option - Direct Plan,HDFC Mutual Fund
2020-12-31,4431.6311,119092,HDFC Money Market Fund - Growth Option - Direct Plan,HDFC Mutual Fund
2021-01-01,4432.2723,119092,HDFC Money Market Fund - Growth Option - Direct Plan,HDFC Mutual Fund
2021-01-04,4433.6173,119092,HDFC Money Market Fund - Growth Option - Direct Plan,HDFC Mutual Fund
2021-01-05,4434.0473,119092,HDFC Money Market Fund - Growth Option - Direct Plan,HDFC Mutual Fund
2021-01-06,4434.2321,119092,HDFC Money Market Fund - Growth Option - Direct Plan,HDFC Mutual Fund
2021-01-07,4434.4073,119092,HDFC Money Market Fund - Growth Option - Direct Plan,HDFC Mutual Fund
2021-01-08,4434.766,119092,HDFC Money Market Fund - Growth Option - Direct Plan,HDFC Mutual Fund
2021-01-11,4435.3463,119092,HDFC Money Market Fund - Growth Option - Direct Plan,HDFC Mutual Fund
2021-01-12,4435.5524,119092,HDFC Money Market Fund - Growth Option - Direct Plan,HDFC Mutual Fund
2021-01-13,4436.0023,119092,HDFC Money Market Fund - Growth Option - Direct Plan,HDFC Mutual Fund
2021-01-14,4435.8973,119092,HDFC Money Market Fund - Growth Option - Direct Plan,HDFC Mutual Fund
2021-01-15,4436.2347,119092,HDFC Money Market Fund - Growth Option - Direct Plan,HDFC Mutual Fund
2021-01-18,4437.2077,119092,HDFC Money Market Fund - Growth Option - Direct Plan,HDFC Mutual Fund
2021-01-19,4437.2276,119092,HDFC Money Market Fund - Growth Option - Direct Plan,HDFC Mutual Fund
2021-01-20,4437.6557,119092,HDFC Money Market Fund - Growth Option - Direct Plan,HDFC Mutual Fund
2021-01-21,4438.1325,119092,HDFC Money Market Fund - Growth Option - Direct Plan,HDFC Mutual Fund
2021-01-22,4438.5359,119092,HDFC Money Market Fund - Growth Option - Direct Plan,HDFC Mutual Fund
2021-01-25,4439.8445,119092,HDFC Money Market Fund - Growth Option - Direct Plan,HDFC Mutual Fund
2021-01-27,4440.4967,119092,HDFC Money Market Fund - Growth Option - Direct Plan,HDFC Mutual Fund
2021-01-28,4440.9624,119092,HDFC Money Market Fund - Growth Option - Direct Plan,HDFC Mutual Fund
2021-01-29,4441.4099,119092,HDFC Money Market Fund - Growth Option - Direct Plan,HDFC Mutual Fund
2021-02-01,4442.5021,119092,HDFC Money Market Fund - Growth Option - Direct Plan,HDFC Mutual Fund
2021-02-02,4442.9783,119092,HDFC Money Market Fund - Growth Option - Direct Plan,HDFC Mutual Fund
2021-02-03,4443.0069,119092,HDFC Money Market Fund - Growth Option - Direct Plan,HDFC Mutual Fund
2021-02-04,4443.3787,119092,HDFC Money Market Fund - Growth Option - Direct Plan,HDFC Mutual Fund
2021-02-05,4443.9176,119092,HDFC Money Market Fund - Growth Option - Direct Plan,HDFC Mutual Fund
2021-02-08,4445.1846,119092,HDFC Money Market Fund - Growth Option - Direct Plan,HDFC Mutual Fund
2021-02-09,4445.4434,119092,HDFC Money Market Fund - Growth Option - Direct Plan,HDFC Mutual Fund
2021-02-10,4446.1385,119092,HDFC Money Market Fund - Growth Option - Direct Plan,HDFC Mutual Fund
2021-02-11,4446.5639,119092,HDFC Money Market Fund - Growth Option - Direct Plan,HDFC Mutual Fund
2021-02-12,4447.0261,119092,HDFC Money Market Fund - Growth Option - Direct Plan,HDFC Mutual Fund
2021-02-15,4448.4874,119092,HDFC Money Market Fund - Growth Option - Direct Plan,HDFC Mutual Fund
2021-02-16,4449.1908,119092,HDFC Money Market Fund - Growth Option - Direct Plan,HDFC Mutual Fund
2021-02-17,4449.9012,119092,HDFC Money Market Fund - Growth Option - Direct Plan,HDFC Mutual Fund
2021-02-18,4450.5729,119092,HDFC Money Market Fund - Growth Option - Direct Plan,HDFC Mutual Fund
2021-02-22,4451.8057,119092,HDFC Money Market Fund - Growth Option - Direct Plan,HDFC Mutual Fund
2021-02-23,4452.2577,119092,HDFC Money Market Fund - Growth Option - Direct Plan,HDFC Mutual Fund
2021-02-24,4452.953,119092,HDFC Money Market Fund - Growth Option - Direct Plan,HDFC Mutual Fund
2021-02-25,4453.3035,119092,HDFC Money Market Fund - Growth Option - Direct Plan,HDFC Mutual Fund
2021-02-26,4453.6563,119092,HDFC Money Market Fund - Growth Option - Direct Plan,HDFC Mutual Fund
2021-03-01,4454.8733,119092,HDFC Money Market Fund - Growth Option - Direct Plan,HDFC Mutual Fund
2021-03-02,4455.2571,119092,HDFC Money Market Fund - Growth Option - Direct Plan,HDFC Mutual Fund
2021-03-03,4455.677,119092,HDFC Money Market Fund - Growth Option - Direct Plan,HDFC Mutual Fund
2021-03-04,4456.1148,119092,HDFC Money Market Fund - Growth Option - Direct Plan,HDFC Mutual Fund
2021-03-05,4456.5838,119092,HDFC Money Market Fund - Growth Option - Direct Plan,HDFC Mutual Fund
2021-03-08,4457.7421,119092,HDFC Money Market Fund - Growth Option - Direct Plan,HDFC Mutual Fund
2021-03-09,4458.0172,119092,HDFC Money Market Fund - Growth Option - Direct Plan,HDFC Mutual Fund
2021-03-10,4458.656,119092,HDFC Money Market Fund - Growth Option - Direct Plan,HDFC Mutual Fund
2021-03-12,4459.6068,119092,HDFC Money Market Fund - Growth Option - Direct Plan,HDFC Mutual Fund
2021-03-15,4460.4413,119092,HDFC Money Market Fund - Growth Option - Direct Plan,HDFC Mutual Fund
2021-03-16,4461.0828,119092,HDFC Money Market Fund - Growth Option - Direct Plan,HDFC Mutual Fund
2021-03-17,4461.5584,119092,HDFC Money Market Fund - Growth Option - Direct Plan,HDFC Mutual Fund
2021-03-18,4462.2661,119092,HDFC Money Market Fund - Growth Option - Direct Plan,HDFC Mutual Fund
2021-03-19,4463.914,119092,HDFC Money Market Fund - Growth Option - Direct Plan,HDFC Mutual Fund
2021-03-22,4465.6383,119092,HDFC Money Market Fund - Growth Option - Direct Plan,HDFC Mutual Fund
2021-03-23,4466.5438,119092,HDFC Money Market Fund - Growth Option - Direct Plan,HDFC Mutual Fund
2021-03-24,4468.1462,119092,HDFC Money Market Fund - Growth Option - Direct Plan,HDFC Mutual Fund
2021-03-25,4468.9404,119092,HDFC Money Market Fund - Growth Option - Direct Plan,HDFC Mutual Fund
2021-03-26,4469.9225,119092,HDFC Money Market Fund - Growth Option - Direct Plan,HDFC Mutual Fund
2021-03-30,4472.8737,119092,HDFC Money Market Fund - Growth Option - Direct Plan,HDFC Mutual Fund
2021-03-31,4473.9244,119092,HDFC Money Market Fund - Growth Option - Direct Plan,HDFC Mutual Fund
2021-04-05,4476.1675,119092,HDFC Money Market Fund - Growth Option - Direct Plan,HDFC Mutual Fund
2021-04-06,4477.6359,119092,HDFC Money Market Fund - Growth Option - Direct Plan,HDFC Mutual Fund
2021-04-07,4478.1117,119092,HDFC Money Market Fund - Growth Option - Direct Plan,HDFC Mutual Fund
2021-04-08,4478.0318,119092,HDFC Money Market Fund - Growth Option - Direct Plan,HDFC Mutual Fund
2021-04-09,4478.2206,119092,HDFC Money Market Fund - Growth Option - Direct Plan,HDFC Mutual Fund
2021-04-12,4479.0713,119092,HDFC Money Market Fund - Growth Option - Direct Plan,HDFC Mutual Fund
2021-04-15,4480.5651,119092,HDFC Money Market Fund - Growth Option - Direct Plan,HDFC Mutual Fund
2021-04-16,4481.1175,119092,HDFC Money Market Fund - Growth Option - Direct Plan,HDFC Mutual Fund
2021-04-19,4482.8,119092,HDFC Money Market Fund - Growth Option - Direct Plan,HDFC Mutual Fund
2021-04-20,4483.5807,119092,HDFC Money Market Fund - Growth Option - Direct Plan,HDFC Mutual Fund
2021-04-22,4485.0802,119092,HDFC Money Market Fund - Growth Option - Direct Plan,HDFC Mutual Fund
2021-04-23,4485.6071,119092,HDFC Money Market Fund - Growth Option - Direct Plan,HDFC Mutual Fund
2021-04-26,4487.6174,119092,HDFC Money Market Fund - Growth Option - Direct Plan,HDFC Mutual Fund
2021-04-27,4488.2324,119092,HDFC Money Market Fund - Growth Option - Direct Plan,HDFC Mutual Fund
2021-04-28,4489.4762,119092,HDFC Money Market Fund - Growth Option - Direct Plan,HDFC Mutual Fund
2021-04-29,4489.9035,119092,HDFC Money Market Fund - Growth Option - Direct Plan,HDFC Mutual Fund
2021-04-30,4490.4089,119092,HDFC Money Market Fund - Growth Option - Direct Plan,HDFC Mutual Fund
2021-05-03,4492.0127,119092,HDFC Money Market Fund - Growth Option - Direct Plan,HDFC Mutual Fund
2021-05-04,4492.1951,119092,HDFC Money Market Fund - Growth Option - Direct Plan,HDFC Mutual Fund
2021-05-05,4492.6502,119092,HDFC Money Market Fund - Growth Option - Direct Plan,HDFC Mutual Fund
2021-05-06,4493.103,119092,HDFC Money Market Fund - Growth Option - Direct Plan,HDFC Mutual Fund
2021-05-07,4493.4725,119092,HDFC Money Market Fund - Growth Option - Direct Plan,HDFC Mutual Fund
2021-05-10,4494.3427,119092,HDFC Money Market Fund - Growth Option - Direct Plan,HDFC Mutual Fund
2021-05-11,4494.945,119092,HDFC Money Market Fund - Growth Option - Direct Plan,HDFC Mutual Fund
2021-05-12,4495.2501,119092,HDFC Money Market Fund - Growth Option - Direct Plan,HDFC Mutual Fund
2021-05-14,4496.1837,119092,HDFC Money Market Fund - Growth Option - Direct Plan,HDFC Mutual Fund
2021-05-17,4497.5124,119092,HDFC Money Market Fund - Growth Option - Direct Plan,HDFC Mutual Fund
2021-05-18,4498.0406,119092,HDFC Money Market Fund - Growth Option - Direct Plan,HDFC Mutual Fund
2021-05-19,4498.6005,119092,HDFC Money Market Fund - Growth Option - Direct Plan,HDFC Mutual Fund
2021-05-20,4499.0528,119092,HDFC Money Market Fund - Growth Option - Direct Plan,HDFC Mutual Fund
2021-05-21,4499.7996,119092,HDFC Money Market Fund - Growth Option - Direct Plan,HDFC Mutual Fund
2021-05-24,4501.066,119092,HDFC Money Market Fund - Growth Option - Direct Plan,HDFC Mutual Fund
2021-05-25,4501.4732,119092,HDFC Money Market Fund - Growth Option - Direct Plan,HDFC Mutual Fund
2021-05-27,4502.2382,119092,HDFC Money Market Fund - Growth Option - Direct Plan,HDFC Mutual Fund
2021-05-28,4502.9636,119092,HDFC Money Market Fund - Growth Option - Direct Plan,HDFC Mutual Fund
2021-05-31,4504.3495,119092,HDFC Money Market Fund - Growth Option - Direct Plan,HDFC Mutual Fund
2021-06-01,4504.7396,119092,HDFC Money Market Fund - Growth Option - Direct Plan,HDFC Mutual Fund
2021-06-02,4505.1471,119092,HDFC Money Market Fund - Growth Option - Direct Plan,HDFC Mutual Fund
2021-06-03,4505.6101,119092,HDFC Money Market Fund - Growth Option - Direct Plan,HDFC Mutual Fund
2021-06-04,4506.0013,119092,HDFC Money Market Fund - Growth Option - Direct Plan,HDFC Mutual Fund
2021-06-07,4507.6293,119092,HDFC Money Market Fund - Growth Option - Direct Plan,HDFC Mutual Fund
2021-06-08,4508.225,119092,HDFC Money Market Fund - Growth Option - Direct Plan,HDFC Mutual Fund
2021-06-09,4508.9667,119092,HDFC Money Market Fund - Growth Option - Direct Plan,HDFC Mutual Fund
2021-06-10,4509.6472,119092,HDFC Money Market Fund - Growth Option - Direct Plan,HDFC Mutual Fund
2021-06-11,4510.308,119092,HDFC Money Market Fund - Growth Option - Direct Plan,HDFC Mutual Fund
2021-06-14,4511.535,119092,HDFC Money Market Fund - Growth Option - Direct Plan,HDFC Mutual Fund
2021-06-15,4511.9268,119092,HDFC Money Market Fund - Growth Option - Direct Plan,HDFC Mutual Fund
2021-06-16,4511.8944,119092,HDFC Money Market Fund - Growth Option - Direct Plan,HDFC Mutual Fund
2021-06-17,4511.8824,119092,HDFC Money Market Fund - Growth Option - Direct Plan,HDFC Mutual Fund
2021-06-18,4512.2908,119092,HDFC Money Market Fund - Growth Option - Direct Plan,HDFC Mutual Fund
2021-06-21,4513.9233,119092,HDFC Money Market Fund - Growth Option - Direct Plan,HDFC Mutual Fund
2021-06-22,4514.3497,119092,HDFC Money Market Fund - Growth Option - Direct Plan,HDFC Mutual Fund
2021-06-23,4514.7703,119092,HDFC Money Market Fund - Growth Option - Direct Plan,HDFC Mutual Fund
2021-06-24,4515.3187,119092,HDFC Money Market Fund - Growth Option - Direct Plan,HDFC Mutual Fund
2021-06-25,4515.6842,119092,HDFC Money Market Fund - Growth Option - Direct Plan,HDFC Mutual Fund
2021-06-28,4517.0898,119092,HDFC Money Market Fund - Growth Option - Direct Plan,HDFC Mutual Fund
2021-06-29,4517.5694,119092,HDFC Money Market Fund - Growth Option - Direct Plan,HDFC Mutual Fund
2021-06-30,4518.1507,119092,HDFC Money Market Fund - Growth Option - Direct Plan,HDFC Mutual Fund
2021-07-01,4518.9259,119092,HDFC Money Market Fund - Growth Option - Direct Plan,HDFC Mutual Fund
2021-07-02,4519.4941,119092,HDFC Money Market Fund - Growth Option - Direct Plan,HDFC Mutual Fund
2021-07-05,4520.9592,119092,HDFC Money Market Fund - Growth Option - Direct Plan,HDFC Mutual Fund
2021-07-06,4521.2033,119092,HDFC Money Market Fund - Growth Option - Direct Plan,HDFC Mutual Fund
2021-07-07,4522.0571,119092,HDFC Money Market Fund - Growth Option - Direct Plan,HDFC Mutual Fund
2021-07-08,4522.7454,119092,HDFC Money Market Fund - Growth Option - Direct Plan,HDFC Mutual Fund
2021-07-09,4523.1592,119092,HDFC Money Market Fund - Growth Option - Direct Plan,HDFC Mutual Fund
2021-07-12,4524.9864,119092,HDFC Money Market Fund - Growth Option - Direct Plan,HDFC Mutual Fund
2021-07-13,4525.6012,119092,HDFC Money Market Fund - Growth Option - Direct Plan,HDFC Mutual Fund
2021-07-14,4526.2224,119092,HDFC Money Market Fund - Growth Option - Direct Plan,HDFC Mutual Fund
2021-07-15,4526.8605,119092,HDFC Money Market Fund - Growth Option - Direct Plan,HDFC Mutual Fund
2021-07-16,4527.471,119092,HDFC Money Market Fund - Growth Option - Direct Plan,HDFC Mutual Fund
2021-07-19,4528.742,119092,HDFC Money Market Fund - Growth Option - Direct Plan,HDFC Mutual Fund
2021-07-20,4529.3921,119092,HDFC Money Market Fund - Growth Option - Direct Plan,HDFC Mutual Fund
2021-07-22,4530.3651,119092,HDFC Money Market Fund - Growth Option - Direct Plan,HDFC Mutual Fund
2021-07-23,4531.0993,119092,HDFC Money Market Fund - Growth Option - Direct Plan,HDFC Mutual Fund
2021-07-26,4532.5506,119092,HDFC Money Market Fund - Growth Option - Direct Plan,HDFC Mutual Fund
2021-07-27,4533.1232,119092,HDFC Money Market Fund - Growth Option - Direct Plan,HDFC Mutual Fund
2021-07-28,4533.5097,119092,HDFC Money Market Fund - Growth Option - Direct Plan,HDFC Mutual Fund
2021-07-29,4533.9504,119092,HDFC Money Market Fund - Growth Option - Direct Plan,HDFC Mutual Fund
2021-07-30,4534.3983,119092,HDFC Money Market Fund - Growth Option - Direct Plan,HDFC Mutual Fund
2021-08-02,4535.6836,119092,HDFC Money Market Fund - Growth Option - Direct Plan,HDFC Mutual Fund
2021-08-03,4536.3556,119092,HDFC Money Market Fund - Growth Option - Direct Plan,HDFC Mutual Fund
2021-08-04,4536.662,119092,HDFC Money Market Fund - Growth Option - Direct Plan,HDFC Mutual Fund
2021-08-05,4537.1769,119092,HDFC Money Market Fund - Growth Option - Direct Plan,HDFC Mutual Fund
2021-08-06,4537.4717,119092,HDFC Money Market Fund - Growth Option - Direct Plan,HDFC Mutual Fund
2021-08-09,4538.8371,119092,HDFC Money Market Fund - Growth Option - Direct Plan,HDFC Mutual Fund
2021-08-10,4539.454,119092,HDFC Money Market Fund - Growth Option - Direct Plan,HDFC Mutual Fund
2021-08-11,4540.0409,119092,HDFC Money Market Fund - Growth Option - Direct Plan,HDFC Mutual Fund
2021-08-12,4540.6884,119092,HDFC Money Market Fund - Growth Option - Direct Plan,HDFC Mutual Fund
2021-08-13,4541.514,119092,HDFC Money Market Fund - Growth Option - Direct Plan,HDFC Mutual Fund
2021-08-17,4543.6675,119092,HDFC Money Market Fund - Growth Option - Direct Plan,HDFC Mutual Fund
2021-08-18,4544.369,119092,HDFC Money Market Fund - Growth Option - Direct Plan,HDFC Mutual Fund
2021-08-20,4545.6082,119092,HDFC Money Market Fund - Growth Option - Direct Plan,HDFC Mutual Fund
2021-08-23,4547.064,119092,HDFC Money Market Fund - Growth Option - Direct Plan,HDFC Mutual Fund
2021-08-24,4547.5631,119092,HDFC Money Market Fund - Growth Option - Direct Plan,HDFC Mutual Fund
2021-08-25,4548.137,119092,HDFC Money Market Fund - Growth Option - Direct Plan,HDFC Mutual Fund
2021-08-26,4548.8911,119092,HDFC Money Market Fund - Growth Option - Direct Plan,HDFC Mutual Fund
2021-08-27,4549.409,119092,HDFC Money Market Fund - Growth Option - Direct Plan,HDFC Mutual Fund
2021-08-30,4550.9194,119092,HDFC Money Market Fund - Growth Option - Direct Plan,HDFC Mutual Fund
2021-08-31,4551.4992,119092,HDFC Money Market Fund - Growth Option - Direct Plan,HDFC Mutual Fund
2021-09-01,4552.2255,119092,HDFC Money Market Fund - Growth Option - Direct Plan,HDFC Mutual Fund
2021-09-02,4552.8055,119092,HDFC Money Market Fund - Growth Option - Direct Plan,HDFC Mutual Fund
2021-09-03,4553.2738,119092,HDFC Money Market Fund - Growth Option - Direct Plan,HDFC Mutual Fund
2021-09-06,4554.5542,119092,HDFC Money Market Fund - Growth Option - Direct Plan,HDFC Mutual Fund
2021-09-07,4555.0241,119092,HDFC Money Market Fund - Growth Option - Direct Plan,HDFC Mutual Fund
2021-09-08,4555.4089,119092,HDFC Money Market Fund - Growth Option - Direct Plan,HDFC Mutual Fund
2021-09-09,4555.6384,119092,HDFC Money Market Fund - Growth Option - Direct Plan,HDFC Mutual Fund
2021-09-13,4557.4219,119092,HDFC Money Market Fund - Growth Option - Direct Plan,HDFC Mutual Fund
2021-09-14,4557.8197,119092,HDFC Money Market Fund - Growth Option - Direct Plan,HDFC Mutual Fund
2021-09-15,4558.2018,119092,HDFC Money Market Fund - Growth Option - Direct Plan,HDFC Mutual Fund
2021-09-16,4558.655,119092,HDFC Money Market Fund - Growth Option - Direct Plan,HDFC Mutual Fund
2021-09-17,4559.0493,119092,HDFC Money Market Fund - Growth Option - Direct Plan,HDFC Mutual Fund
2021-09-20,4560.2789,119092,HDFC Money Market Fund - Growth Option - Direct Plan,HDFC Mutual Fund
2021-09-21,4560.6421,119092,HDFC Money Market Fund - Growth Option - Direct Plan,HDFC Mutual Fund
2021-09-22,4560.91,119092,HDFC Money Market Fund - Growth Option - Direct Plan,HDFC Mutual Fund
2021-09-23,4561.2573,119092,HDFC Money Market Fund - Growth Option - Direct Plan,HDFC Mutual Fund
2021-09-24,4561.1966,119092,HDFC Money Market Fund - Growth Option - Direct Plan,HDFC Mutual Fund
2021-09-27,4562.3518,119092,HDFC Money Market Fund - Growth Option - Direct Plan,HDFC Mutual Fund
2021-09-28,4562.483,119092,HDFC Money Market Fund - Growth Option - Direct Plan,HDFC Mutual Fund
2021-09-29,4562.4166,119092,HDFC Money Market Fund - Growth Option - Direct Plan,HDFC Mutual Fund
2021-09-30,4563.0293,119092,HDFC Money Market Fund - Growth Option - Direct Plan,HDFC Mutual Fund
2021-10-01,4563.6192,119092,HDFC Money Market Fund - Growth Option - Direct Plan,HDFC Mutual Fund
2021-10-04,4564.9696,119092,HDFC Money Market Fund - Growth Option - Direct Plan,HDFC Mutual Fund
2021-10-05,4565.2211,119092,HDFC Money Market Fund - Growth Option - Direct Plan,HDFC Mutual Fund
2021-10-06,4565.1852,119092,HDFC Money Market Fund - Growth Option - Direct Plan,HDFC Mutual Fund
2021-10-07,4565.7022,119092,HDFC Money Market Fund - Growth Option - Direct Plan,HDFC Mutual Fund
2021-10-08,4566.5165,119092,HDFC Money Market Fund - Growth Option - Direct Plan,HDFC Mutual Fund
2021-10-11,4568.1669,119092,HDFC Money Market Fund - Growth Option - Direct Plan,HDFC Mutual Fund
2021-10-12,4568.8408,119092,HDFC Money Market Fund - Growth Option - Direct Plan,HDFC Mutual Fund
2021-10-13,4569.5195,119092,HDFC Money Market Fund - Growth Option - Direct Plan,HDFC Mutual Fund
2021-10-14,4569.9784,119092,HDFC Money Market Fund - Growth Option - Direct Plan,HDFC Mutual Fund
2021-10-18,4571.3598,119092,HDFC Money Market Fund - Growth Option - Direct Plan,HDFC Mutual Fund
2021-10-20,4571.9803,119092,HDFC Money Market Fund - Growth Option - Direct Plan,HDFC Mutual Fund
2021-10-21,4572.1817,119092,HDFC Money Market Fund - Growth Option - Direct Plan,HDFC Mutual Fund
2021-10-22,4572.6342,119092,HDFC Money Market Fund - Growth Option - Direct Plan,HDFC Mutual Fund
2021-10-25,4573.4961,119092,HDFC Money Market Fund - Growth Option - Direct Plan,HDFC Mutual Fund
2021-10-26,4573.5217,119092,HDFC Money Market Fund - Growth Option - Direct Plan,HDFC Mutual Fund
2021-10-27,4573.0305,119092,HDFC Money Market Fund - Growth Option - Direct Plan,HDFC Mutual Fund
2021-10-28,4573.4098,119092,HDFC Money Market Fund - Growth Option - Direct Plan,HDFC Mutual Fund
2021-10-29,4573.74,119092,HDFC Money Market Fund - Growth Option - Direct Plan,HDFC Mutual Fund
2021-11-01,4574.986,119092,HDFC Money Market Fund - Growth Option - Direct Plan,HDFC Mutual Fund
2021-11-02,4575.5992,119092,HDFC Money Market Fund - Growth Option - Direct Plan,HDFC Mutual Fund
2021-11-03,4576.4689,119092,HDFC Money Market Fund - Growth Option - Direct Plan,HDFC Mutual Fund
2021-11-08,4579.5727,119092,HDFC Money Market Fund - Growth Option - Direct Plan,HDFC Mutual Fund
2021-11-09,4580.4955,119092,HDFC Money Market Fund - Growth Option - Direct Plan,HDFC Mutual Fund
2021-11-10,4581.0272,119092,HDFC Money Market Fund - Growth Option - Direct Plan,HDFC Mutual Fund
2021-11-11,4581.6809,119092,HDFC Money Market Fund - Growth Option - Direct Plan,HDFC Mutual Fund
2021-11-12,4582.2852,119092,HDFC Money Market Fund - Growth Option - Direct Plan,HDFC Mutual Fund
2021-11-15,4583.8046,119092,HDFC Money Market Fund - Growth Option - Direct Plan,HDFC Mutual Fund
2021-11-16,4584.2467,119092,HDFC Money Market Fund - Growth Option - Direct Plan,HDFC Mutual Fund
2021-11-17,4584.6403,119092,HDFC Money Market Fund - Growth Option - Direct Plan,HDFC Mutual Fund
2021-11-18,4585.2098,119092,HDFC Money Market Fund - Growth Option - Direct Plan,HDFC Mutual Fund
2021-11-22,4586.9664,119092,HDFC Money Market Fund - Growth Option - Direct Plan,HDFC Mutual Fund
2021-11-23,4587.4715,119092,HDFC Money Market Fund - Growth Option - Direct Plan,HDFC Mutual Fund
2021-11-24,4587.9394,119092,HDFC Money Market Fund - Growth Option - Direct Plan,HDFC Mutual Fund
2021-11-25,4588.3537,119092,HDFC Money Market Fund - Growth Option - Direct Plan,HDFC Mutual Fund
2021-11-26,4588.7366,119092,HDFC Money Market Fund - Growth Option - Direct Plan,HDFC Mutual Fund
2021-11-29,4590.1587,119092,HDFC Money Market Fund - Growth Option - Direct Plan,HDFC Mutual Fund
2021-11-30,4590.8319,119092,HDFC Money Market Fund - Growth Option - Direct Plan,HDFC Mutual Fund
2021-12-01,4591.4405,119092,HDFC Money Market Fund - Growth Option - Direct Plan,HDFC Mutual Fund
2021-12-02,4591.9844,119092,HDFC Money Market Fund - Growth Option - Direct Plan,HDFC Mutual Fund
2021-12-03,4592.389,119092,HDFC Money Market Fund - Growth Option - Direct Plan,HDFC Mutual Fund
2021-12-06,4593.7536,119092,HDFC Money Market Fund - Growth Option - Direct Plan,HDFC Mutual Fund
2021-12-07,4594.1589,119092,HDFC Money Market Fund - Growth Option - Direct Plan,HDFC Mutual Fund
2021-12-08,4595.1205,119092,HDFC Money Market Fund - Growth Option - Direct Plan,HDFC Mutual Fund
2021-12-09,4595.4849,119092,HDFC Money Market Fund - Growth Option - Direct Plan,HDFC Mutual Fund
2021-12-10,4595.9446,119092,HDFC Money Market Fund - Growth Option - Direct Plan,HDFC Mutual Fund
2021-12-13,4597.4011,119092,HDFC Money Market Fund - Growth Option - Direct Plan,HDFC Mutual Fund
2021-12-14,4597.7966,119092,HDFC Money Market Fund - Growth Option - Direct Plan,HDFC Mutual Fund
2021-12-15,4598.1811,119092,HDFC Money Market Fund - Growth Option - Direct Plan,HDFC Mutual Fund
2021-12-16,4598.1818,119092,HDFC Money Market Fund - Growth Option - Direct Plan,HDFC Mutual Fund
2021-12-17,4598.6221,119092,HDFC Money Market Fund - Growth Option - Direct Plan,HDFC Mutual Fund
2021-12-20,4599.9703,119092,HDFC Money Market Fund - Growth Option - Direct Plan,HDFC Mutual Fund
2021-12-21,4600.15,119092,HDFC Money Market Fund - Growth Option - Direct Plan,HDFC Mutual Fund
2021-12-22,4600.4721,119092,HDFC Money Market Fund - Growth Option - Direct Plan,HDFC Mutual Fund
2021-12-23,4600.6583,119092,HDFC Money Market Fund - Growth Option - Direct Plan,HDFC Mutual Fund
2021-12-24,4601.4172,119092,HDFC Money Market Fund - Growth Option - Direct Plan,HDFC Mutual Fund
2021-12-27,4603.0952,119092,HDFC Money Market Fund - Growth Option - Direct Plan,HDFC Mutual Fund
2021-12-28,4603.583,119092,HDFC Money Market Fund - Growth Option - Direct Plan,HDFC Mutual Fund
2021-12-29,4604.2224,119092,HDFC Money Market Fund - Growth Option - Direct Plan,HDFC Mutual Fund
2021-12-30,4604.8427,119092,HDFC Money Market Fund - Growth Option - Direct Plan,HDFC Mutual Fund
2021-12-31,4605.4674,119092,HDFC Money Market Fund - Growth Option - Direct Plan,HDFC Mutual Fund
2022-01-03,4607.4503,119092,HDFC Money Market Fund - Growth Option - Direct Plan,HDFC Mutual Fund
2022-01-04,4607.9349,119092,HDFC Money Market Fund - Growth Option - Direct Plan,HDFC Mutual Fund
2022-01-05,4608.5927,119092,HDFC Money Market Fund - Growth Option - Direct Plan,HDFC Mutual Fund
2022-01-06,4609.1648,119092,HDFC Money Market Fund - Growth Option - Direct Plan,HDFC Mutual Fund
2022-01-07,4609.615,119092,HDFC Money Market Fund - Growth Option - Direct Plan,HDFC Mutual Fund
2022-01-10,4611.0181,119092,HDFC Money Market Fund - Growth Option - Direct Plan,HDFC Mutual Fund
2022-01-11,4611.553,119092,HDFC Money Market Fund - Growth Option - Direct Plan,HDFC Mutual Fund
2022-01-12,4612.1668,119092,HDFC Money Market Fund - Growth Option - Direct Plan,HDFC Mutual Fund
2022-01-13,4612.896,119092,HDFC Money Market Fund - Growth Option - Direct Plan,HDFC Mutual Fund
2022-01-14,4613.4875,119092,HDFC Money Market Fund - Growth Option - Direct Plan,HDFC Mutual Fund
2022-01-17,4614.8942,119092,HDFC Money Market Fund - Growth Option - Direct Plan,HDFC Mutual Fund
2022-01-18,4615.3083,119092,HDFC Money Market Fund - Growth Option - Direct Plan,HDFC Mutual Fund
2022-01-19,4615.2395,119092,HDFC Money Market Fund - Growth Option - Direct Plan,HDFC Mutual Fund
2022-01-20,4615.744,119092,HDFC Money Market Fund - Growth Option - Direct Plan,HDFC Mutual Fund
2022-01-21,4616.2092,119092,HDFC Money Market Fund - Growth Option - Direct Plan,HDFC Mutual Fund
2022-01-24,4617.7111,119092,HDFC Money Market Fund - Growth Option - Direct Plan,HDFC Mutual Fund
2022-01-25,4618.0168,119092,HDFC Money Market Fund - Growth Option - Direct Plan,HDFC Mutual Fund
2022-01-27,4618.7539,119092,HDFC Money Market Fund - Growth Option - Direct Plan,HDFC Mutual Fund
2022-01-28,4619.2857,119092,HDFC Money Market Fund - Growth Option - Direct Plan,HDFC Mutual Fund
2022-01-31,4620.7865,119092,HDFC Money Market Fund - Growth Option - Direct Plan,HDFC Mutual Fund
2022-02-01,4620.5663,119092,HDFC Money Market Fund - Growth Option - Direct Plan,HDFC Mutual Fund
2022-02-02,4619.9429,119092,HDFC Money Market Fund - Growth Option - Direct Plan,HDFC Mutual Fund
2022-02-03,4620.4475,119092,HDFC Money Market Fund - Growth Option - Direct Plan,HDFC Mutual Fund
2022-02-04,4620.8555,119092,HDFC Money Market Fund - Growth Option - Direct Plan,HDFC Mutual Fund
2022-02-08,4622.9825,119092,HDFC Money Market Fund - Growth Option - Direct Plan,HDFC Mutual Fund
2022-02-09,4623.3864,119092,HDFC Money Market Fund - Growth Option - Direct Plan,HDFC Mutual Fund
2022-02-10,4625.1949,119092,HDFC Money Market Fund - Growth Option - Direct Plan,HDFC Mutual Fund
2022-02-11,4625.8896,119092,HDFC Money Market Fund - Growth Option - Direct Plan,HDFC Mutual Fund
2022-02-14,4627.9324,119092,HDFC Money Market Fund - Growth Option - Direct Plan,HDFC Mutual Fund
2022-02-15,4628.7003,119092,HDFC Money Market Fund - Growth Option - Direct Plan,HDFC Mutual Fund
2022-02-16,4629.5429,119092,HDFC Money Market Fund - Growth Option - Direct Plan,HDFC Mutual Fund
2022-02-17,4630.1005,119092,HDFC Money Market Fund - Growth Option - Direct Plan,HDFC Mutual Fund
2022-02-18,4630.4697,119092,HDFC Money Market Fund - Growth Option - Direct Plan,HDFC Mutual Fund
2022-02-21,4631.8507,119092,HDFC Money Market Fund - Growth Option - Direct Plan,HDFC Mutual Fund
2022-02-22,4632.2755,119092,HDFC Money Market Fund - Growth Option - Direct Plan,HDFC Mutual Fund
2022-02-23,4632.8729,119092,HDFC Money Market Fund - Growth Option - Direct Plan,HDFC Mutual Fund
2022-02-24,4633.3979,119092,HDFC Money Market Fund - Growth Option - Direct Plan,HDFC Mutual Fund
2022-02-25,4633.8466,119092,HDFC Money Market Fund - Growth Option - Direct Plan,HDFC Mutual Fund
2022-02-28,4635.194,119092,HDFC Money Market Fund - Growth Option - Direct Plan,HDFC Mutual Fund
2022-03-02,4636.0196,119092,HDFC Money Market Fund - Growth Option - Direct Plan,HDFC Mutual Fund
2022-03-03,4635.5449,119092,HDFC Money Market Fund - Growth Option - Direct Plan,HDFC Mutual Fund
2022-03-04,4635.9975,119092,HDFC Money Market Fund - Growth Option - Direct Plan,HDFC Mutual Fund
2022-03-07,4637.2965,119092,HDFC Money Market Fund - Growth Option - Direct Plan,HDFC Mutual Fund
2022-03-08,4637.4429,119092,HDFC Money Market Fund - Growth Option - Direct Plan,HDFC Mutual Fund
2022-03-09,4637.9572,119092,HDFC Money Market Fund - Growth Option - Direct Plan,HDFC Mutual Fund
2022-03-10,4638.5529,119092,HDFC Money Market Fund - Growth Option - Direct Plan,HDFC Mutual Fund
2022-03-11,4639.5085,119092,HDFC Money Market Fund - Growth Option - Direct Plan,HDFC Mutual Fund
2022-03-14,4641.6497,119092,HDFC Money Market Fund - Growth Option - Direct Plan,HDFC Mutual Fund
2022-03-15,4642.8394,119092,HDFC Money Market Fund - Growth Option - Direct Plan,HDFC Mutual Fund
2022-03-16,4643.7689,119092,HDFC Money Market Fund - Growth Option - Direct Plan,HDFC Mutual Fund
2022-03-17,4644.4722,119092,HDFC Money Market Fund - Growth Option - Direct Plan,HDFC Mutual Fund
2022-03-21,4646.9229,119092,HDFC Money Market Fund - Growth Option - Direct Plan,HDFC Mutual Fund
2022-03-22,4647.284,119092,HDFC Money Market Fund - Growth Option - Direct Plan,HDFC Mutual Fund
2022-03-23,4648.1251,119092,HDFC Money Market Fund - Growth Option - Direct Plan,HDFC Mutual Fund
2022-03-24,4649.185,119092,HDFC Money Market Fund - Growth Option - Direct Plan,HDFC Mutual Fund
2022-03-25,4649.9585,119092,HDFC Money Market Fund - Growth Option - Direct Plan,HDFC Mutual Fund
2022-03-28,4651.7928,119092,HDFC Money Market Fund - Growth Option - Direct Plan,HDFC Mutual Fund
2022-03-29,4652.382,119092,HDFC Money Market Fund - Growth Option - Direct Plan,HDFC Mutual Fund
2022-03-30,4653.235,119092,HDFC Money Market Fund - Growth Option - Direct Plan,HDFC Mutual Fund
2022-03-31,4654.7981,119092,HDFC Money Market Fund - Growth Option - Direct Plan,HDFC Mutual Fund
2022-04-04,4657.4126,119092,HDFC Money Market Fund - Growth Option - Direct Plan,HDFC Mutual Fund
2022-04-05,4657.8426,119092,HDFC Money Market Fund - Growth Option - Direct Plan,HDFC Mutual Fund
2022-04-06,4658.9033,119092,HDFC Money Market Fund - Growth Option - Direct Plan,HDFC Mutual Fund
2022-04-07,4659.715,119092,HDFC Money Market Fund - Growth Option - Direct Plan,HDFC Mutual Fund
2022-04-08,4657.34,119092,HDFC Money Market Fund - Growth Option - Direct Plan,HDFC Mutual Fund
2022-04-11,4658.4514,119092,HDFC Money Market Fund - Growth Option - Direct Plan,HDFC Mutual Fund
2022-04-12,4659.2025,119092,HDFC Money Market Fund - Growth Option - Direct Plan,HDFC Mutual Fund
2022-04-13,4658.6761,119092,HDFC Money Market Fund - Growth Option - Direct Plan,HDFC Mutual Fund
2022-04-18,4661.7632,119092,HDFC Money Market Fund - Growth Option - Direct Plan,HDFC Mutual Fund
2022-04-19,4663.0264,119092,HDFC Money Market Fund - Growth Option - Direct Plan,HDFC Mutual Fund
2022-04-20,4664.1992,119092,HDFC Money Market Fund - Growth Option - Direct Plan,HDFC Mutual Fund
2022-04-21,4665.1007,119092,HDFC Money Market Fund - Growth Option - Direct Plan,HDFC Mutual Fund
2022-04-22,4665.5094,119092,HDFC Money Market Fund - Growth Option - Direct Plan,HDFC Mutual Fund
2022-04-25,4667.0374,119092,HDFC Money Market Fund - Growth Option - Direct Plan,HDFC Mutual Fund
2022-04-26,4667.5017,119092,HDFC Money Market Fund - Growth Option - Direct Plan,HDFC Mutual Fund
2022-04-27,4667.9813,119092,HDFC Money Market Fund - Growth Option - Direct Plan,HDFC Mutual Fund
2022-04-28,4668.3986,119092,HDFC Money Market Fund - Growth Option - Direct Plan,HDFC Mutual Fund
2022-04-29,4668.6368,119092,HDFC Money Market Fund - Growth Option - Direct Plan,HDFC Mutual Fund
2022-05-02,4670.3438,119092,HDFC Money Market Fund - Growth Option - Direct Plan,HDFC Mutual Fund
2022-05-04,4663.213,119092,HDFC Money Market Fund - Growth Option - Direct Plan,HDFC Mutual Fund
2022-05-05,4659.8157,119092,HDFC Money Market Fund - Growth Option - Direct Plan,HDFC Mutual Fund
2022-05-06,4659.6753,119092,HDFC Money Market Fund - Growth Option - Direct Plan,HDFC Mutual Fund
2022-05-09,4661.0231,119092,HDFC Money Market Fund - Growth Option - Direct Plan,HDFC Mutual Fund
2022-05-10,4661.6695,119092,HDFC Money Market Fund - Growth Option - Direct Plan,HDFC Mutual Fund
2022-05-11,4661.465,119092,HDFC Money Market Fund - Growth Option - Direct Plan,HDFC Mutual Fund
2022-05-12,4661.152,119092,HDFC Money Market Fund - Growth Option - Direct Plan,HDFC Mutual Fund
2022-05-13,4660.4211,119092,HDFC Money Market Fund - Growth Option - Direct Plan,HDFC Mutual Fund
2022-05-17,4663.1568,119092,HDFC Money Market Fund - Growth Option - Direct Plan,HDFC Mutual Fund
2022-05-18,4663.6769,119092,HDFC Money Market Fund - Growth Option - Direct Plan,HDFC Mutual Fund
2022-05-19,4663.7603,119092,HDFC Money Market Fund - Growth Option - Direct Plan,HDFC Mutual Fund
2022-05-20,4664.2514,119092,HDFC Money Market Fund - Growth Option - Direct Plan,HDFC Mutual Fund
2022-05-23,4666.596,119092,HDFC Money Market Fund - Growth Option - Direct Plan,HDFC Mutual Fund
2022-05-24,4667.5383,119092,HDFC Money Market Fund - Growth Option - Direct Plan,HDFC Mutual Fund
2022-05-25,4668.4291,119092,HDFC Money Market Fund - Growth Option - Direct Plan,HDFC Mutual Fund
2022-05-26,4669.0501,119092,HDFC Money Market Fund - Growth Option - Direct Plan,HDFC Mutual Fund
2022-05-27,4669.7316,119092,HDFC Money Market Fund - Growth Option - Direct Plan,HDFC Mutual Fund
2022-05-30,4671.509,119092,HDFC Money Market Fund - Growth Option - Direct Plan,HDFC Mutual Fund
2022-05-31,4672.3555,119092,HDFC Money Market Fund - Growth Option - Direct Plan,HDFC Mutual Fund
2022-06-01,4673.3433,119092,HDFC Money Market Fund - Growth Option - Direct Plan,HDFC Mutual Fund
2022-06-02,4673.7496,119092,HDFC Money Market Fund - Growth Option - Direct Plan,HDFC Mutual Fund
2022-06-03,4674.391,119092,HDFC Money Market Fund - Growth Option - Direct Plan,HDFC Mutual Fund
2022-06-06,4675.7967,119092,HDFC Money Market Fund - Growth Option - Direct Plan,HDFC Mutual Fund
2022-06-07,4674.5003,119092,HDFC Money Market Fund - Growth Option - Direct Plan,HDFC Mutual Fund
2022-06-08,4677.4139,119092,HDFC Money Market Fund - Growth Option - Direct Plan,HDFC Mutual Fund
2022-06-09,4678.2477,119092,HDFC Money Market Fund - Growth Option - Direct Plan,HDFC Mutual Fund
2022-06-10,4678.9235,119092,HDFC Money Market Fund - Growth Option - Direct Plan,HDFC Mutual Fund
2022-06-13,4680.1182,119092,HDFC Money Market Fund - Growth Option - Direct Plan,HDFC Mutual Fund
2022-06-14,4680.7705,119092,HDFC Money Market Fund - Growth Option - Direct Plan,HDFC Mutual Fund
2022-06-15,4681.0599,119092,HDFC Money Market Fund - Growth Option - Direct Plan,HDFC Mutual Fund
2022-06-16,4681.3669,119092,HDFC Money Market Fund - Growth Option - Direct Plan,HDFC Mutual Fund
2022-06-17,4681.5415,119092,HDFC Money Market Fund - Growth Option - Direct Plan,HDFC Mutual Fund
2022-06-20,4683.6357,119092,HDFC Money Market Fund - Growth Option - Direct Plan,HDFC Mutual Fund
2022-06-21,4684.3607,119092,HDFC Money Market Fund - Growth Option - Direct Plan,HDFC Mutual Fund
2022-06-22,4685.4043,119092,HDFC Money Market Fund - Growth Option - Direct Plan,HDFC Mutual Fund
2022-06-23,4686.3543,119092,HDFC Money Market Fund - Growth Option - Direct Plan,HDFC Mutual Fund
2022-06-24,4687.3746,119092,HDFC Money Market Fund - Growth Option - Direct Plan,HDFC Mutual Fund
2022-06-27,4689.5122,119092,HDFC Money Market Fund - Growth Option - Direct Plan,HDFC Mutual Fund
2022-06-28,4690.0126,119092,HDFC Money Market Fund - Growth Option - Direct Plan,HDFC Mutual Fund
2022-06-29,4690.6171,119092,HDFC Money Market Fund - Growth Option - Direct Plan,HDFC Mutual Fund
2022-06-30,4691.8689,119092,HDFC Money Market Fund - Growth Option - Direct Plan,HDFC Mutual Fund
2022-07-01,4693.1419,119092,HDFC Money Market Fund - Growth Option - Direct Plan,HDFC Mutual Fund
2022-07-04,4695.8615,119092,HDFC Money Market Fund - Growth Option - Direct Plan,HDFC Mutual Fund
2022-07-05,4697.1427,119092,HDFC Money Market Fund - Growth Option - Direct Plan,HDFC Mutual Fund
2022-07-06,4698.6958,119092,HDFC Money Market Fund - Growth Option - Direct Plan,HDFC Mutual Fund
2022-07-07,4699.4328,119092,HDFC Money Market Fund - Growth Option - Direct Plan,HDFC Mutual Fund
2022-07-08,4699.9447,119092,HDFC Money Market Fund - Growth Option - Direct Plan,HDFC Mutual Fund
2022-07-11,4701.8292,119092,HDFC Money Market Fund - Growth Option - Direct Plan,HDFC Mutual Fund
2022-07-12,4702.207,119092,HDFC Money Market Fund - Growth Option - Direct Plan,HDFC Mutual Fund
2022-07-13,4703.3254,119092,HDFC Money Market Fund - Growth Option - Direct Plan,HDFC Mutual Fund
2022-07-14,4703.9887,119092,HDFC Money Market Fund - Growth Option - Direct Plan,HDFC Mutual Fund
2022-07-15,4704.6836,119092,HDFC Money Market Fund - Growth Option - Direct Plan,HDFC Mutual Fund
2022-07-18,4706.4281,119092,HDFC Money Market Fund - Growth Option - Direct Plan,HDFC Mutual Fund
2022-07-19,4706.7889,119092,HDFC Money Market Fund - Growth Option - Direct Plan,HDFC Mutual Fund
2022-07-20,4707.0615,119092,HDFC Money Market Fund - Growth Option - Direct Plan,HDFC Mutual Fund
2022-07-21,4707.005,119092,HDFC Money Market Fund - Growth Option - Direct Plan,HDFC Mutual Fund
2022-07-22,4707.6646,119092,HDFC Money Market Fund - Growth Option - Direct Plan,HDFC Mutual Fund
2022-07-25,4709.8015,119092,HDFC Money Market Fund - Growth Option - Direct Plan,HDFC Mutual Fund
2022-07-26,4709.6138,119092,HDFC Money Market Fund - Growth Option - Direct Plan,HDFC Mutual Fund
2022-07-27,4709.4904,119092,HDFC Money Market Fund - Growth Option - Direct Plan,HDFC Mutual Fund
2022-07-28,4710.3011,119092,HDFC Money Market Fund - Growth Option - Direct Plan,HDFC Mutual Fund
2022-07-29,4711.2872,119092,HDFC Money Market Fund - Growth Option - Direct Plan,HDFC Mutual Fund
2022-08-01,4714.5361,119092,HDFC Money Market Fund - Growth Option - Direct Plan,HDFC Mutual Fund
2022-08-02,4715.8905,119092,HDFC Money Market Fund - Growth Option - Direct Plan,HDFC Mutual Fund
2022-08-03,4716.4678,119092,HDFC Money Market Fund - Growth Option - Direct Plan,HDFC Mutual Fund
2022-08-04,4717.3196,119092,HDFC Money Market Fund - Growth Option - Direct Plan,HDFC Mutual Fund
2022-08-05,4717.2189,119092,HDFC Money Market Fund - Growth Option - Direct Plan,HDFC Mutual Fund
2022-08-08,4719.2694,119092,HDFC Money Market Fund - Growth Option - Direct Plan,HDFC Mutual Fund
2022-08-10,4720.8499,119092,HDFC Money Market Fund - Growth Option - Direct Plan,HDFC Mutual Fund
2022-08-11,4721.6218,119092,HDFC Money Market Fund - Growth Option - Direct Plan,HDFC Mutual Fund
2022-08-12,4722.2678,119092,HDFC Money Market Fund - Growth Option - Direct Plan,HDFC Mutual Fund
2022-08-17,4726.2839,119092,HDFC Money Market Fund - Growth Option - Direct Plan,HDFC Mutual Fund
2022-08-18,4727.0674,119092,HDFC Money Market Fund - Growth Option - Direct Plan,HDFC Mutual Fund
2022-08-19,4727.9443,119092,HDFC Money Market Fund - Growth Option - Direct Plan,HDFC Mutual Fund
2022-08-22,4730.0494,119092,HDFC Money Market Fund - Growth Option - Direct Plan,HDFC Mutual Fund
2022-08-23,4730.9164,119092,HDFC Money Market Fund - Growth Option - Direct Plan,HDFC Mutual Fund
2022-08-24,4731.7676,119092,HDFC Money Market Fund - Growth Option - Direct Plan,HDFC Mutual Fund
2022-08-25,4732.2661,119092,HDFC Money Market Fund - Growth Option - Direct Plan,HDFC Mutual Fund
2022-08-26,4732.6881,119092,HDFC Money Market Fund - Growth Option - Direct Plan,HDFC Mutual Fund
2022-08-29,4734.7974,119092,HDFC Money Market Fund - Growth Option - Direct Plan,HDFC Mutual Fund
2022-08-30,4735.4654,119092,HDFC Money Market Fund - Growth Option - Direct Plan,HDFC Mutual Fund
2022-09-01,4737.0132,119092,HDFC Money Market Fund - Growth Option - Direct Plan,HDFC Mutual Fund
2022-09-02,4738.0271,119092,HDFC Money Market Fund - Growth Option - Direct Plan,HDFC Mutual Fund
2022-09-05,4740.6276,119092,HDFC Money Market Fund - Growth Option - Direct Plan,HDFC Mutual Fund
2022-09-06,4741.5332,119092,HDFC Money Market Fund - Growth Option - Direct Plan,HDFC Mutual Fund
2022-09-07,4742.3355,119092,HDFC Money Market Fund - Growth Option - Direct Plan,HDFC Mutual Fund
2022-09-08,4743.0082,119092,HDFC Money Market Fund - Growth Option - Direct Plan,HDFC Mutual Fund
2022-09-09,4743.7475,119092,HDFC Money Market Fund - Growth Option - Direct Plan,HDFC Mutual Fund
2022-09-12,4745.6667,119092,HDFC Money Market Fund - Growth Option - Direct Plan,HDFC Mutual Fund
2022-09-13,4746.1654,119092,HDFC Money Market Fund - Growth Option - Direct Plan,HDFC Mutual Fund
2022-09-14,4746.0148,119092,HDFC Money Market Fund - Growth Option - Direct Plan,HDFC Mutual Fund
2022-09-15,4746.1608,119092,HDFC Money Market Fund - Growth Option - Direct Plan,HDFC Mutual Fund
2022-09-16,4746.4594,119092,HDFC Money Market Fund - Growth Option - Direct Plan,HDFC Mutual Fund
2022-09-19,4748.6951,119092,HDFC Money Market Fund - Growth Option - Direct Plan,HDFC Mutual Fund
2022-09-20,4748.1787,119092,HDFC Money Market Fund - Growth Option - Direct Plan,HDFC Mutual Fund
2022-09-21,4748.1439,119092,HDFC Money Market Fund - Growth Option - Direct Plan,HDFC Mutual Fund
2022-09-22,4748.3794,119092,HDFC Money Market Fund - Growth Option - Direct Plan,HDFC Mutual Fund
2022-09-23,4748.4249,119092,HDFC Money Market Fund - Growth Option - Direct Plan,HDFC Mutual Fund
2022-09-26,4748.9929,119092,HDFC Money Market Fund - Growth Option - Direct Plan,HDFC Mutual Fund
2022-09-27,4747.9878,119092,HDFC Money Market Fund - Growth Option - Direct Plan,HDFC Mutual Fund
2022-09-28,4748.7921,119092,HDFC Money Market Fund - Growth Option - Direct Plan,HDFC Mutual Fund
2022-09-29,4751.0903,119092,HDFC Money Market Fund - Growth Option - Direct Plan,HDFC Mutual Fund
2022-09-30,4753.1669,119092,HDFC Money Market Fund - Growth Option - Direct Plan,HDFC Mutual Fund
2022-10-03,4756.8968,119092,HDFC Money Market Fund - Growth Option - Direct Plan,HDFC Mutual Fund
2022-10-04,4758.2177,119092,HDFC Money Market Fund - Growth Option - Direct Plan,HDFC Mutual Fund
2022-10-06,4759.7043,119092,HDFC Money Market Fund - Growth Option - Direct Plan,HDFC Mutual Fund
2022-10-07,4759.8123,119092,HDFC Money Market Fund - Growth Option - Direct Plan,HDFC Mutual Fund
2022-10-10,4760.9666,119092,HDFC Money Market Fund - Growth Option - Direct Plan,HDFC Mutual Fund
2022-10-11,4759.9544,119092,HDFC Money Market Fund - Growth Option - Direct Plan,HDFC Mutual Fund
2022-10-12,4760.2893,119092,HDFC Money Market Fund - Growth Option - Direct Plan,HDFC Mutual Fund
2022-10-13,4760.9857,119092,HDFC Money Market Fund - Growth Option - Direct Plan,HDFC Mutual Fund
2022-10-14,4761.2049,119092,HDFC Money Market Fund - Growth Option - Direct Plan,HDFC Mutual Fund
2022-10-17,4763.8856,119092,HDFC Money Market Fund - Growth Option - Direct Plan,HDFC Mutual Fund
2022-10-18,4764.8776,119092,HDFC Money Market Fund - Growth Option - Direct Plan,HDFC Mutual Fund
2022-10-19,4765.3101,119092,HDFC Money Market Fund - Growth Option - Direct Plan,HDFC Mutual Fund
2022-10-20,4765.9275,119092,HDFC Money Market Fund - Growth Option - Direct Plan,HDFC Mutual Fund
2022-10-21,4766.0779,119092,HDFC Money Market Fund - Growth Option - Direct Plan,HDFC Mutual Fund
2022-10-25,4769.6382,119092,HDFC Money Market Fund - Growth Option - Direct Plan,HDFC Mutual Fund
2022-10-27,4771.9116,119092,HDFC Money Market Fund - Growth Option - Direct Plan,HDFC Mutual Fund
2022-10-28,4772.4939,119092,HDFC Money Market Fund - Growth Option - Direct Plan,HDFC Mutual Fund
2022-10-31,4775.3215,119092,HDFC Money Market Fund - Growth Option - Direct Plan,HDFC Mutual Fund
2022-11-01,4776.3935,119092,HDFC Money Market Fund - Growth Option - Direct Plan,HDFC Mutual Fund
2022-11-02,4777.494,119092,HDFC Money Market Fund - Growth Option - Direct Plan,HDFC Mutual Fund
2022-11-03,4778.3629,119092,HDFC Money Market Fund - Growth Option - Direct Plan,HDFC Mutual Fund
2022-11-04,4779.3106,119092,HDFC Money Market Fund - Growth Option - Direct Plan,HDFC Mutual Fund
2022-11-07,4782.0135,119092,HDFC Money Market Fund - Growth Option - Direct Plan,HDFC Mutual Fund
2022-11-09,4783.6951,119092,HDFC Money Market Fund - Growth Option - Direct Plan,HDFC Mutual Fund
2022-11-10,4784.6486,119092,HDFC Money Market Fund - Growth Option - Direct Plan,HDFC Mutual Fund
2022-11-11,4785.9519,119092,HDFC Money Market Fund - Growth Option - Direct Plan,HDFC Mutual Fund
2022-11-14,4788.6422,119092,HDFC Money Market Fund - Growth Option - Direct Plan,HDFC Mutual Fund
2022-11-15,4789.6235,119092,HDFC Money Market Fund - Growth Option - Direct Plan,HDFC Mutual Fund
2022-11-16,4790.8597,119092,HDFC Money Market Fund - Growth Option - Direct Plan,HDFC Mutual Fund
2022-11-17,4792.1498,119092,HDFC Money Market Fund - Growth Option - Direct Plan,HDFC Mutual Fund
2022-11-18,4792.9297,119092,HDFC Money Market Fund - Growth Option - Direct Plan,HDFC Mutual Fund
2022-11-21,4795.592,119092,HDFC Money Market Fund - Growth Option - Direct Plan,HDFC Mutual Fund
2022-11-22,4796.1731,119092,HDFC Money Market Fund - Growth Option - Direct Plan,HDFC Mutual Fund
2022-11-23,4797.0432,119092,HDFC Money Market Fund - Growth Option - Direct Plan,HDFC Mutual Fund
2022-11-24,4797.8653,119092,HDFC Money Market Fund - Growth Option - Direct Plan,HDFC Mutual Fund
2022-11-25,4798.8306,119092,HDFC Money Market Fund - Growth Option - Direct Plan,HDFC Mutual Fund
2022-11-28,4801.6441,119092,HDFC Money Market Fund - Growth Option - Direct Plan,HDFC Mutual Fund
2022-11-29,4802.6233,119092,HDFC Money Market Fund - Growth Option - Direct Plan,HDFC Mutual Fund
2022-11-30,4803.702,119092,HDFC Money Market Fund - Growth Option - Direct Plan,HDFC Mutual Fund
2022-12-01,4804.6714,119092,HDFC Money Market Fund - Growth Option - Direct Plan,HDFC Mutual Fund
2022-12-02,4805.6153,119092,HDFC Money Market Fund - Growth Option - Direct Plan,HDFC Mutual Fund
2022-12-05,4808.5531,119092,HDFC Money Market Fund - Growth Option - Direct Plan,HDFC Mutual Fund
2022-12-06,4809.7359,119092,HDFC Money Market Fund - Growth Option - Direct Plan,HDFC Mutual Fund
2022-12-07,4809.8806,119092,HDFC Money Market Fund - Growth Option - Direct Plan,HDFC Mutual Fund
2022-12-08,4810.9594,119092,HDFC Money Market Fund - Growth Option - Direct Plan,HDFC Mutual Fund
2022-12-09,4812.0976,119092,HDFC Money Market Fund - Growth Option - Direct Plan,HDFC Mutual Fund
2022-12-12,4814.8064,119092,HDFC Money Market Fund - Growth Option - Direct Plan,HDFC Mutual Fund
2022-12-13,4815.7694,119092,HDFC Money Market Fund - Growth Option - Direct Plan,HDFC Mutual Fund
2022-12-14,4816.8856,119092,HDFC Money Market Fund - Growth Option - Direct Plan,HDFC Mutual Fund
2022-12-15,4817.6496,119092,HDFC Money Market Fund - Growth Option - Direct Plan,HDFC Mutual Fund
2022-12-16,4818.3944,119092,HDFC Money Market Fund - Growth Option - Direct Plan,HDFC Mutual Fund
2022-12-19,4821.0899,119092,HDFC Money Market Fund - Growth Option - Direct Plan,HDFC Mutual Fund
2022-12-20,4821.9236,119092,HDFC Money Market Fund - Growth Option - Direct Plan,HDFC Mutual Fund
2022-12-21,4822.8082,119092,HDFC Money Market Fund - Growth Option - Direct Plan,HDFC Mutual Fund
2022-12-22,4823.8607,119092,HDFC Money Market Fund - Growth Option - Direct Plan,HDFC Mutual Fund
2022-12-23,4824.8666,119092,HDFC Money Market Fund - Growth Option - Direct Plan,HDFC Mutual Fund
2022-12-26,4827.4361,119092,HDFC Money Market Fund - Growth Option - Direct Plan,HDFC Mutual Fund
2022-12-27,4828.4262,119092,HDFC Money Market Fund - Growth Option - Direct Plan,HDFC Mutual Fund
2022-12-28,4829.6393,119092,HDFC Money Market Fund - Growth Option - Direct Plan,HDFC Mutual Fund
2022-12-29,4830.6366,119092,HDFC Money Market Fund - Growth Option - Direct Plan,HDFC Mutual Fund
2022-12-30,4832.4416,119092,HDFC Money Market Fund - Growth Option - Direct Plan,HDFC Mutual Fund
2023-01-02,4835.6726,119092,HDFC Money Market Fund - Growth Option - Direct Plan,HDFC Mutual Fund
2023-01-03,4836.6654,119092,HDFC Money Market Fund - Growth Option - Direct Plan,HDFC Mutual Fund
2023-01-04,4837.2825,119092,HDFC Money Market Fund - Growth Option - Direct Plan,HDFC Mutual Fund
2023-01-05,4838.2055,119092,HDFC Money Market Fund - Growth Option - Direct Plan,HDFC Mutual Fund
2023-01-06,4839.1205,119092,HDFC Money Market Fund - Growth Option - Direct Plan,HDFC Mutual Fund
2023-01-09,4841.5665,119092,HDFC Money Market Fund - Growth Option - Direct Plan,HDFC Mutual Fund
2023-01-10,4842.2513,119092,HDFC Money Market Fund - Growth Option - Direct Plan,HDFC Mutual Fund
2023-01-11,4842.8852,119092,HDFC Money Market Fund - Growth Option - Direct Plan,HDFC Mutual Fund
2023-01-12,4843.8117,119092,HDFC Money Market Fund - Growth Option - Direct Plan,HDFC Mutual Fund
2023-01-13,4844.4447,119092,HDFC Money Market Fund - Growth Option - Direct Plan,HDFC Mutual Fund
2023-01-16,4846.8968,119092,HDFC Money Market Fund - Growth Option - Direct Plan,HDFC Mutual Fund
2023-01-17,4847.748,119092,HDFC Money Market Fund - Growth Option - Direct Plan,HDFC Mutual Fund
2023-01-18,4848.4779,119092,HDFC Money Market Fund - Growth Option - Direct Plan,HDFC Mutual Fund
2023-01-19,4849.4433,119092,HDFC Money Market Fund - Growth Option - Direct Plan,HDFC Mutual Fund
2023-01-20,4850.3717,119092,HDFC Money Market Fund - Growth Option - Direct Plan,HDFC Mutual Fund
2023-01-23,4852.3769,119092,HDFC Money Market Fund - Growth Option - Direct Plan,HDFC Mutual Fund
2023-01-24,4853.5428,119092,HDFC Money Market Fund - Growth Option - Direct Plan,HDFC Mutual Fund
2023-01-25,4854.3406,119092,HDFC Money Market Fund - Growth Option - Direct Plan,HDFC Mutual Fund
2023-01-27,4856.2499,119092,HDFC Money Market Fund - Growth Option - Direct Plan,HDFC Mutual Fund
2023-01-30,4858.6105,119092,HDFC Money Market Fund - Growth Option - Direct Plan,HDFC Mutual Fund
2023-01-31,4859.608,119092,HDFC Money Market Fund - Growth Option - Direct Plan,HDFC Mutual Fund
2023-02-01,4860.9087,119092,HDFC Money Market Fund - Growth Option - Direct Plan,HDFC Mutual Fund
2023-02-02,4862.0712,119092,HDFC Money Market Fund - Growth Option - Direct Plan,HDFC Mutual Fund
2023-02-03,4863.0655,119092,HDFC Money Market Fund - Growth Option - Direct Plan,HDFC Mutual Fund
2023-02-06,4865.8858,119092,HDFC Money Market Fund - Growth Option - Direct Plan,HDFC Mutual Fund
2023-02-07,4866.7645,119092,HDFC Money Market Fund - Growth Option - Direct Plan,HDFC Mutual Fund
2023-02-08,4867.0541,119092,HDFC Money Market Fund - Growth Option - Direct Plan,HDFC Mutual Fund
2023-02-09,4867.6435,119092,HDFC Money Market Fund - Growth Option - Direct Plan,HDFC Mutual Fund
2023-02-10,4868.889,119092,HDFC Money Market Fund - Growth Option - Direct Plan,HDFC Mutual Fund
2023-02-13,4871.84,119092,HDFC Money Market Fund - Growth Option - Direct Plan,HDFC Mutual Fund
2023-02-14,4872.3521,119092,HDFC Money Market Fund - Growth Option - Direct Plan,HDFC Mutual Fund
2023-02-15,4873.2698,119092,HDFC Money Market Fund - Growth Option - Direct Plan,HDFC Mutual Fund
2023-02-16,4874.1626,119092,HDFC Money Market Fund - Growth Option - Direct Plan,HDFC Mutual Fund
2023-02-17,4875.0045,119092,HDFC Money Market Fund - Growth Option - Direct Plan,HDFC Mutual Fund
2023-02-20,4877.4781,119092,HDFC Money Market Fund - Growth Option - Direct Plan,HDFC Mutual Fund
2023-02-21,4878.2092,119092,HDFC Money Market Fund - Growth Option - Direct Plan,HDFC Mutual Fund
2023-02-22,4878.6066,119092,HDFC Money Market Fund - Growth Option - Direct Plan,HDFC Mutual Fund
2023-02-23,4879.256,119092,HDFC Money Market Fund - Growth Option - Direct Plan,HDFC Mutual Fund
2023-02-24,4879.8682,119092,HDFC Money Market Fund - Growth Option - Direct Plan,HDFC Mutual Fund
2023-02-27,4881.9457,119092,HDFC Money Market Fund - Growth Option - Direct Plan,HDFC Mutual Fund
2023-02-28,4883.0447,119092,HDFC Money Market Fund - Growth Option - Direct Plan,HDFC Mutual Fund
2023-03-01,4883.7542,119092,HDFC Money Market Fund - Growth Option - Direct Plan,HDFC Mutual Fund
2023-03-02,4884.191,119092,HDFC Money Market Fund - Growth Option - Direct Plan,HDFC Mutual Fund
2023-03-03,4884.9987,119092,HDFC Money Market Fund - Growth Option - Direct Plan,HDFC Mutual Fund
2023-03-06,4887.7219,119092,HDFC Money Market Fund - Growth Option - Direct Plan,HDFC Mutual Fund
2023-03-08,4889.4136,119092,HDFC Money Market Fund - Growth Option - Direct Plan,HDFC Mutual Fund
2023-03-09,4890.7312,119092,HDFC Money Market Fund - Growth Option - Direct Plan,HDFC Mutual Fund
2023-03-10,4892.7144,119092,HDFC Money Market Fund - Growth Option - Direct Plan,HDFC Mutual Fund
2023-03-13,4897.8864,119092,HDFC Money Market Fund - Growth Option - Direct Plan,HDFC Mutual Fund
2023-03-14,4899.157,119092,HDFC Money Market Fund - Growth Option - Direct Plan,HDFC Mutual Fund
2023-03-15,4899.9024,119092,HDFC Money Market Fund - Growth Option - Direct Plan,HDFC Mutual Fund
2023-03-16,4900.3,119092,HDFC Money Market Fund - Growth Option - Direct Plan,HDFC Mutual Fund
2023-03-17,4900.9665,119092,HDFC Money Market Fund - Growth Option - Direct Plan,HDFC Mutual Fund
2023-03-20,4904.6736,119092,HDFC Money Market Fund - Growth Option - Direct Plan,HDFC Mutual Fund
2023-03-21,4906.6467,119092,HDFC Money Market Fund - Growth Option - Direct Plan,HDFC Mutual Fund
2023-03-23,4909.366,119092,HDFC Money Market Fund - Growth Option - Direct Plan,HDFC Mutual Fund
2023-03-24,4909.7777,119092,HDFC Money Market Fund - Growth Option - Direct Plan,HDFC Mutual Fund
2023-03-27,4911.3784,119092,HDFC Money Market Fund - Growth Option - Direct Plan,HDFC Mutual Fund
2023-03-28,4911.9693,119092,HDFC Money Market Fund - Growth Option - Direct Plan,HDFC Mutual Fund
2023-03-29,4915.7024,119092,HDFC Money Market Fund - Growth Option - Direct Plan,HDFC Mutual Fund
2023-03-31,4921.7155,119092,HDFC Money Market Fund - Growth Option - Direct Plan,HDFC Mutual Fund
2023-04-03,4924.5576,119092,HDFC Money Market Fund - Growth Option - Direct Plan,HDFC Mutual Fund
2023-04-05,4926.3066,119092,HDFC Money Market Fund - Growth Option - Direct Plan,HDFC Mutual Fund
2023-04-06,4930.1761,119092,HDFC Money Market Fund - Growth Option - Direct Plan,HDFC Mutual Fund
2023-04-10,4935.0426,119092,HDFC Money Market Fund - Growth Option - Direct Plan,HDFC Mutual Fund
2023-04-11,4935.9458,119092,HDFC Money Market Fund - Growth Option - Direct Plan,HDFC Mutual Fund
2023-04-12,4937.7767,119092,HDFC Money Market Fund - Growth Option - Direct Plan,HDFC Mutual Fund
2023-04-13,4938.9491,119092,HDFC Money Market Fund - Growth Option - Direct Plan,HDFC Mutual Fund
2023-04-17,4942.8765,119092,HDFC Money Market Fund - Growth Option - Direct Plan,HDFC Mutual Fund
2023-04-18,4944.4691,119092,HDFC Money Market Fund - Growth Option - Direct Plan,HDFC Mutual Fund
2023-04-19,4945.6851,119092,HDFC Money Market Fund - Growth Option - Direct Plan,HDFC Mutual Fund
2023-04-20,4946.6385,119092,HDFC Money Market Fund - Growth Option - Direct Plan,HDFC Mutual Fund
2023-04-21,4947.616,119092,HDFC Money Market Fund - Growth Option - Direct Plan,HDFC Mutual Fund
2023-04-24,4950.3,119092,HDFC Money Market Fund - Growth Option - Direct Plan,HDFC Mutual Fund
2023-04-25,4951.2321,119092,HDFC Money Market Fund - Growth Option - Direct Plan,HDFC Mutual Fund
2023-04-26,4952.2917,119092,HDFC Money Market Fund - Growth Option - Direct Plan,HDFC Mutual Fund
2023-04-27,4952.9107,119092,HDFC Money Market Fund - Growth Option - Direct Plan,HDFC Mutual Fund
2023-04-28,4953.5802,119092,HDFC Money Market Fund - Growth Option - Direct Plan,HDFC Mutual Fund
2023-05-02,4956.5376,119092,HDFC Money Market Fund - Growth Option - Direct Plan,HDFC Mutual Fund
2023-05-03,4957.8892,119092,HDFC Money Market Fund - Growth Option - Direct Plan,HDFC Mutual Fund
2023-05-04,4958.7909,119092,HDFC Money Market Fund - Growth Option - Direct Plan,HDFC Mutual Fund
2023-05-08,4962.7655,119092,HDFC Money Market Fund - Growth Option - Direct Plan,HDFC Mutual Fund
2023-05-09,4963.4563,119092,HDFC Money Market Fund - Growth Option - Direct Plan,HDFC Mutual Fund
2023-05-10,4964.5985,119092,HDFC Money Market Fund - Growth Option - Direct Plan,HDFC Mutual Fund
2023-05-11,4965.4888,119092,HDFC Money Market Fund - Growth Option - Direct Plan,HDFC Mutual Fund
2023-05-12,4966.2931,119092,HDFC Money Market Fund - Growth Option - Direct Plan,HDFC Mutual Fund
2023-05-15,4969.7348,119092,HDFC Money Market Fund - Growth Option - Direct Plan,HDFC Mutual Fund
2023-05-16,4971.8411,119092,HDFC Money Market Fund - Growth Option - Direct Plan,HDFC Mutual Fund
2023-05-17,4973.2457,119092,HDFC Money Market Fund - Growth Option - Direct Plan,HDFC Mutual Fund
2023-05-18,4974.5789,119092,HDFC Money Market Fund - Growth Option - Direct Plan,HDFC Mutual Fund
2023-05-19,4975.8054,119092,HDFC Money Market Fund - Growth Option - Direct Plan,HDFC Mutual Fund
2023-05-22,4981.3721,119092,HDFC Money Market Fund - Growth Option - Direct Plan,HDFC Mutual Fund
2023-05-23,4981.1777,119092,HDFC Money Market Fund - Growth Option - Direct Plan,HDFC Mutual Fund
2023-05-24,4981.7631,119092,HDFC Money Market Fund - Growth Option - Direct Plan,HDFC Mutual Fund
2023-05-25,4982.3941,119092,HDFC Money Market Fund - Growth Option - Direct Plan,HDFC Mutual Fund
2023-05-26,4983.2404,119092,HDFC Money Market Fund - Growth Option - Direct Plan,HDFC Mutual Fund
2023-05-29,4985.5343,119092,HDFC Money Market Fund - Growth Option - Direct Plan,HDFC Mutual Fund
2023-05-30,4986.4929,119092,HDFC Money Market Fund - Growth Option - Direct Plan,HDFC Mutual Fund
2023-05-31,4987.2829,119092,HDFC Money Market Fund - Growth Option - Direct Plan,HDFC Mutual Fund
2023-06-01,4988.8385,119092,HDFC Money Market Fund - Growth Option - Direct Plan,HDFC Mutual Fund
2023-06-02,4990.0511,119092,HDFC Money Market Fund - Growth Option - Direct Plan,HDFC Mutual Fund
2023-06-05,4993.0346,119092,HDFC Money Market Fund - Growth Option - Direct Plan,HDFC Mutual Fund
2023-06-06,4994.3002,119092,HDFC Money Market Fund - Growth Option - Direct Plan,HDFC Mutual Fund
2023-06-07,4995.4622,119092,HDFC Money Market Fund - Growth Option - Direct Plan,HDFC Mutual Fund
2023-06-08,4995.9409,119092,HDFC Money Market Fund - Growth Option - Direct Plan,HDFC Mutual Fund
2023-06-09,4996.2044,119092,HDFC Money Market Fund - Growth Option - Direct Plan,HDFC Mutual Fund
2023-06-12,4998.8233,119092,HDFC Money Market Fund - Growth Option - Direct Plan,HDFC Mutual Fund
2023-06-13,5000.2152,119092,HDFC Money Market Fund - Growth Option - Direct Plan,HDFC Mutual Fund
2023-06-14,5001.8616,119092,HDFC Money Market Fund - Growth Option - Direct Plan,HDFC Mutual Fund
2023-06-15,5002.8186,119092,HDFC Money Market Fund - Growth Option - Direct Plan,HDFC Mutual Fund
2023-06-16,5003.9814,119092,HDFC Money Market Fund - Growth Option - Direct Plan,HDFC Mutual Fund
2023-06-19,5006.9865,119092,HDFC Money Market Fund - Growth Option - Direct Plan,HDFC Mutual Fund
2023-06-20,5007.8745,119092,HDFC Money Market Fund - Growth Option - Direct Plan,HDFC Mutual Fund
2023-06-21,5008.6614,119092,HDFC Money Market Fund - Growth Option - Direct Plan,HDFC Mutual Fund
2023-06-22,5009.8954,119092,HDFC Money Market Fund - Growth Option - Direct Plan,HDFC Mutual Fund
2023-06-23,5010.3598,119092,HDFC Money Market Fund - Growth Option - Direct Plan,HDFC Mutual Fund
2023-06-26,5012.8809,119092,HDFC Money Market Fund - Growth Option - Direct Plan,HDFC Mutual Fund
2023-06-27,5013.5975,119092,HDFC Money Market Fund - Growth Option - Direct Plan,HDFC Mutual Fund
2023-06-28,5014.8176,119092,HDFC Money Market Fund - Growth Option - Direct Plan,HDFC Mutual Fund
2023-06-30,5016.9921,119092,HDFC Money Market Fund - Growth Option - Direct Plan,HDFC Mutual Fund
2023-07-03,5020.3836,119092,HDFC Money Market Fund - Growth Option - Direct Plan,HDFC Mutual Fund
2023-07-04,5022.0079,119092,HDFC Money Market Fund - Growth Option - Direct Plan,HDFC Mutual Fund
2023-07-05,5023.1911,119092,HDFC Money Market Fund - Growth Option - Direct Plan,HDFC Mutual Fund
2023-07-06,5024.0604,119092,HDFC Money Market Fund - Growth Option - Direct Plan,HDFC Mutual Fund
2023-07-07,5025.1711,119092,HDFC Money Market Fund - Growth Option - Direct Plan,HDFC Mutual Fund
2023-07-10,5027.7619,119092,HDFC Money Market Fund - Growth Option - Direct Plan,HDFC Mutual Fund
2023-07-11,5028.798,119092,HDFC Money Market Fund - Growth Option - Direct Plan,HDFC Mutual Fund
2023-07-12,5029.9035,119092,HDFC Money Market Fund - Growth Option - Direct Plan,HDFC Mutual Fund
2023-07-13,5031.2973,119092,HDFC Money Market Fund - Growth Option - Direct Plan,HDFC Mutual Fund
2023-07-14,5032.5397,119092,HDFC Money Market Fund - Growth Option - Direct Plan,HDFC Mutual Fund
2023-07-17,5035.2332,119092,HDFC Money Market Fund - Growth Option - Direct Plan,HDFC Mutual Fund
2023-07-18,5036.279,119092,HDFC Money Market Fund - Growth Option - Direct Plan,HDFC Mutual Fund
2023-07-19,5037.1063,119092,HDFC Money Market Fund - Growth Option - Direct Plan,HDFC Mutual Fund
2023-07-20,5038.5536,119092,HDFC Money Market Fund - Growth Option - Direct Plan,HDFC Mutual Fund
2023-07-21,5039.6374,119092,HDFC Money Market Fund - Growth Option - Direct Plan,HDFC Mutual Fund
2023-07-24,5042.5025,119092,HDFC Money Market Fund - Growth Option - Direct Plan,HDFC Mutual Fund
2023-07-25,5043.5119,119092,HDFC Money Market Fund - Growth Option - Direct Plan,HDFC Mutual Fund
2023-07-26,5044.5696,119092,HDFC Money Market Fund - Growth Option - Direct Plan,HDFC Mutual Fund
2023-07-27,5045.4077,119092,HDFC Money Market Fund - Growth Option - Direct Plan,HDFC Mutual Fund
2023-07-28,5046.2306,119092,HDFC Money Market Fund - Growth Option - Direct Plan,HDFC Mutual Fund
2023-07-31,5048.9266,119092,HDFC Money Market Fund - Growth Option - Direct Plan,HDFC Mutual Fund
2023-08-01,5049.9681,119092,HDFC Money Market Fund - Growth Option - Direct Plan,HDFC Mutual Fund
2023-08-02,5050.6815,119092,HDFC Money Market Fund - Growth Option - Direct Plan,HDFC Mutual Fund
2023-08-03,5051.485,119092,HDFC Money Market Fund - Growth Option - Direct Plan,HDFC Mutual Fund
2023-08-04,5052.3465,119092,HDFC Money Market Fund - Growth Option - Direct Plan,HDFC Mutual Fund
2023-08-07,5055.1632,119092,HDFC Money Market Fund - Growth Option - Direct Plan,HDFC Mutual Fund
2023-08-08,5056.1337,119092,HDFC Money Market Fund - Growth Option - Direct Plan,HDFC Mutual Fund
2023-08-09,5057.0763,119092,HDFC Money Market Fund - Growth Option - Direct Plan,HDFC Mutual Fund
2023-08-10,5057.6916,119092,HDFC Money Market Fund - Growth Option - Direct Plan,HDFC Mutual Fund
2023-08-11,5057.8363,119092,HDFC Money Market Fund - Growth Option - Direct Plan,HDFC Mutual Fund
2023-08-14,5060.4159,119092,HDFC Money Market Fund - Growth Option - Direct Plan,HDFC Mutual Fund
2023-08-17,5062.4447,119092,HDFC Money Market Fund - Growth Option - Direct Plan,HDFC Mutual Fund
2023-08-18,5063.5186,119092,HDFC Money Market Fund - Growth Option - Direct Plan,HDFC Mutual Fund
2023-08-21,5066.7137,119092,HDFC Money Market Fund - Growth Option - Direct Plan,HDFC Mutual Fund
2023-08-22,5067.7783,119092,HDFC Money Market Fund - Growth Option - Direct Plan,HDFC Mutual Fund
2023-08-23,5068.5481,119092,HDFC Money Market Fund - Growth Option - Direct Plan,HDFC Mutual Fund
2023-08-24,5069.6703,119092,HDFC Money Market Fund - Growth Option - Direct Plan,HDFC Mutual Fund
2023-08-25,5070.6754,119092,HDFC Money Market Fund - Growth Option - Direct Plan,HDFC Mutual Fund
2023-08-28,5073.6043,119092,HDFC Money Market Fund - Growth Option - Direct Plan,HDFC Mutual Fund
2023-08-29,5074.6012,119092,HDFC Money Market Fund - Growth Option - Direct Plan,HDFC Mutual Fund
2023-08-30,5075.8053,119092,HDFC Money Market Fund - Growth Option - Direct Plan,HDFC Mutual Fund
2023-08-31,5076.7648,119092,HDFC Money Market Fund - Growth Option - Direct Plan,HDFC Mutual Fund
2023-09-01,5077.8025,119092,HDFC Money Market Fund - Growth Option - Direct Plan,HDFC Mutual Fund
2023-09-04,5080.6577,119092,HDFC Money Market Fund - Growth Option - Direct Plan,HDFC Mutual Fund
2023-09-05,5081.8207,119092,HDFC Money Market Fund - Growth Option - Direct Plan,HDFC Mutual Fund
2023-09-06,5082.772,119092,HDFC Money Market Fund - Growth Option - Direct Plan,HDFC Mutual Fund
2023-09-07,5083.722,119092,HDFC Money Market Fund - Growth Option - Direct Plan,HDFC Mutual Fund
2023-09-08,5084.7079,119092,HDFC Money Market Fund - Growth Option - Direct Plan,HDFC Mutual Fund
2023-09-11,5087.4868,119092,HDFC Money Market Fund - Growth Option - Direct Plan,HDFC Mutual Fund
2023-09-12,5088.2771,119092,HDFC Money Market Fund - Growth Option - Direct Plan,HDFC Mutual Fund
2023-09-13,5089.1732,119092,HDFC Money Market Fund - Growth Option - Direct Plan,HDFC Mutual Fund
2023-09-14,5090.1453,119092,HDFC Money Market Fund - Growth Option - Direct Plan,HDFC Mutual Fund
2023-09-15,5091.1568,119092,HDFC Money Market Fund - Growth Option - Direct Plan,HDFC Mutual Fund
2023-09-18,5093.8039,119092,HDFC Money Market Fund - Growth Option - Direct Plan,HDFC Mutual Fund
2023-09-20,5095.7244,119092,HDFC Money Market Fund - Growth Option - Direct Plan,HDFC Mutual Fund
2023-09-21,5096.3256,119092,HDFC Money Market Fund - Growth Option - Direct Plan,HDFC Mutual Fund
2023-09-22,5097.3696,119092,HDFC Money Market Fund - Growth Option - Direct Plan,HDFC Mutual Fund
2023-09-25,5100.2951,119092,HDFC Money Market Fund - Growth Option - Direct Plan,HDFC Mutual Fund
2023-09-26,5100.8639,119092,HDFC Money Market Fund - Growth Option - Direct Plan,HDFC Mutual Fund
2023-09-27,5102.1423,119092,HDFC Money Market Fund - Growth Option - Direct Plan,HDFC Mutual Fund
2023-09-29,5104.5685,119092,HDFC Money Market Fund - Growth Option - Direct Plan,HDFC Mutual Fund
2023-09-30,5105.5501,119092,HDFC Money Market Fund - Growth Option - Direct Plan,HDFC Mutual Fund
2023-10-03,5108.6726,119092,HDFC Money Market Fund - Growth Option - Direct Plan,HDFC Mutual Fund
2023-10-04,5110.153,119092,HDFC Money Market Fund - Growth Option - Direct Plan,HDFC Mutual Fund
2023-10-05,5111.21,119092,HDFC Money Market Fund - Growth Option - Direct Plan,HDFC Mutual Fund
2023-10-06,5111.5197,119092,HDFC Money Market Fund - Growth Option - Direct Plan,HDFC Mutual Fund
2023-10-09,5114.2686,119092,HDFC Money Market Fund - Growth Option - Direct Plan,HDFC Mutual Fund
2023-10-10,5115.025,119092,HDFC Money Market Fund - Growth Option - Direct Plan,HDFC Mutual Fund
2023-10-11,5116.1458,119092,HDFC Money Market Fund - Growth Option - Direct Plan,HDFC Mutual Fund
2023-10-12,5117.0745,119092,HDFC Money Market Fund - Growth Option - Direct Plan,HDFC Mutual Fund
2023-10-13,5117.9674,119092,HDFC Money Market Fund - Growth Option - Direct Plan,HDFC Mutual Fund
2023-10-16,5120.5154,119092,HDFC Money Market Fund - Growth Option - Direct Plan,HDFC Mutual Fund
2023-10-17,5121.4613,119092,HDFC Money Market Fund - Growth Option - Direct Plan,HDFC Mutual Fund
2023-10-18,5122.5565,119092,HDFC Money Market Fund - Growth Option - Direct Plan,HDFC Mutual Fund
2023-10-19,5123.2239,119092,HDFC Money Market Fund - Growth Option - Direct Plan,HDFC Mutual Fund
2023-10-20,5124.0558,119092,HDFC Money Market Fund - Growth Option - Direct Plan,HDFC Mutual Fund
2023-10-23,5126.8681,119092,HDFC Money Market Fund - Growth Option - Direct Plan,HDFC Mutual Fund
2023-10-25,5128.7631,119092,HDFC Money Market Fund - Growth Option - Direct Plan,HDFC Mutual Fund
2023-10-26,5129.78,119092,HDFC Money Market Fund - Growth Option - Direct Plan,HDFC Mutual Fund
2023-10-27,5130.8988,119092,HDFC Money Market Fund - Growth Option - Direct Plan,HDFC Mutual Fund
2023-10-30,5133.2666,119092,HDFC Money Market Fund - Growth Option - Direct Plan,HDFC Mutual Fund
2023-10-31,5134.2875,119092,HDFC Money Market Fund - Growth Option - Direct Plan,HDFC Mutual Fund
2023-11-01,5135.4541,119092,HDFC Money Market Fund - Growth Option - Direct Plan,HDFC Mutual Fund
2023-11-02,5136.4273,119092,HDFC Money Market Fund - Growth Option - Direct Plan,HDFC Mutual Fund
2023-11-03,5137.6592,119092,HDFC Money Market Fund - Growth Option - Direct Plan,HDFC Mutual Fund
2023-11-06,5140.8425,119092,HDFC Money Market Fund - Growth Option - Direct Plan,HDFC Mutual Fund
2023-11-07,5141.9136,119092,HDFC Money Market Fund - Growth Option - Direct Plan,HDFC Mutual Fund
2023-11-08,5142.8513,119092,HDFC Money Market Fund - Growth Option - Direct Plan,HDFC Mutual Fund
2023-11-09,5143.6261,119092,HDFC Money Market Fund - Growth Option - Direct Plan,HDFC Mutual Fund
2023-11-10,5144.3649,119092,HDFC Money Market Fund - Growth Option - Direct Plan,HDFC Mutual Fund
2023-11-13,5147.5146,119092,HDFC Money Market Fund - Growth Option - Direct Plan,HDFC Mutual Fund
2023-11-15,5149.5885,119092,HDFC Money Market Fund - Growth Option - Direct Plan,HDFC Mutual Fund
2023-11-16,5150.4705,119092,HDFC Money Market Fund - Growth Option - Direct Plan,HDFC Mutual Fund
2023-11-17,5151.4842,119092,HDFC Money Market Fund - Growth Option - Direct Plan,HDFC Mutual Fund
2023-11-20,5154.4694,119092,HDFC Money Market Fund - Growth Option - Direct Plan,HDFC Mutual Fund
2023-11-21,5155.3252,119092,HDFC Money Market Fund - Growth Option - Direct Plan,HDFC Mutual Fund
2023-11-22,5156.2053,119092,HDFC Money Market Fund - Growth Option - Direct Plan,HDFC Mutual Fund
2023-11-23,5157.1238,119092,HDFC Money Market Fund - Growth Option - Direct Plan,HDFC Mutual Fund
2023-11-24,5158.0903,119092,HDFC Money Market Fund - Growth Option - Direct Plan,HDFC Mutual Fund
2023-11-28,5162.1408,119092,HDFC Money Market Fund - Growth Option - Direct Plan,HDFC Mutual Fund
2023-11-29,5163.0656,119092,HDFC Money Market Fund - Growth Option - Direct Plan,HDFC Mutual Fund
2023-11-30,5163.9629,119092,HDFC Money Market Fund - Growth Option - Direct Plan,HDFC Mutual Fund
2023-12-01,5164.7124,119092,HDFC Money Market Fund - Growth Option - Direct Plan,HDFC Mutual Fund
2023-12-04,5167.6094,119092,HDFC Money Market Fund - Growth Option - Direct Plan,HDFC Mutual Fund
2023-12-05,5168.7266,119092,HDFC Money Market Fund - Growth Option - Direct Plan,HDFC Mutual Fund
2023-12-06,5169.7717,119092,HDFC Money Market Fund - Growth Option - Direct Plan,HDFC Mutual Fund
2023-12-07,5170.8441,119092,HDFC Money Market Fund - Growth Option - Direct Plan,HDFC Mutual Fund
2023-12-08,5171.7529,119092,HDFC Money Market Fund - Growth Option - Direct Plan,HDFC Mutual Fund
2023-12-11,5174.6676,119092,HDFC Money Market Fund - Growth Option - Direct Plan,HDFC Mutual Fund
2023-12-12,5175.2278,119092,HDFC Money Market Fund - Growth Option - Direct Plan,HDFC Mutual Fund
2023-12-13,5176.1125,119092,HDFC Money Market Fund - Growth Option - Direct Plan,HDFC Mutual Fund
2023-12-14,5177.1524,119092,HDFC Money Market Fund - Growth Option - Direct Plan,HDFC Mutual Fund
2023-12-15,5178.0931,119092,HDFC Money Market Fund - Growth Option - Direct Plan,HDFC Mutual Fund
2023-12-18,5180.8939,119092,HDFC Money Market Fund - Growth Option - Direct Plan,HDFC Mutual Fund
2023-12-19,5182.0673,119092,HDFC Money Market Fund - Growth Option - Direct Plan,HDFC Mutual Fund
2023-12-20,5183.1792,119092,HDFC Money Market Fund - Growth Option - Direct Plan,HDFC Mutual Fund
2023-12-21,5184.3051,119092,HDFC Money Market Fund - Growth Option - Direct Plan,HDFC Mutual Fund
2023-12-22,5185.1321,119092,HDFC Money Market Fund - Growth Option - Direct Plan,HDFC Mutual Fund
2023-12-26,5189.3786,119092,HDFC Money Market Fund - Growth Option - Direct Plan,HDFC Mutual Fund
2023-12-27,5190.1856,119092,HDFC Money Market Fund - Growth Option - Direct Plan,HDFC Mutual Fund
2023-12-28,5191.4852,119092,HDFC Money Market Fund - Growth Option - Direct Plan,HDFC Mutual Fund
2023-12-29,5193.5766,119092,HDFC Money Market Fund - Growth Option - Direct Plan,HDFC Mutual Fund
2024-01-01,5197.2106,119092,HDFC Money Market Fund - Growth Option - Direct Plan,HDFC Mutual Fund
2024-01-02,5198.237,119092,HDFC Money Market Fund - Growth Option - Direct Plan,HDFC Mutual Fund
2024-01-03,5199.3473,119092,HDFC Money Market Fund - Growth Option - Direct Plan,HDFC Mutual Fund
2024-01-04,5200.3198,119092,HDFC Money Market Fund - Growth Option - Direct Plan,HDFC Mutual Fund
2024-01-05,5201.3986,119092,HDFC Money Market Fund - Growth Option - Direct Plan,HDFC Mutual Fund
2024-01-08,5204.44,119092,HDFC Money Market Fund - Growth Option - Direct Plan,HDFC Mutual Fund
2024-01-09,5205.5933,119092,HDFC Money Market Fund - Growth Option - Direct Plan,HDFC Mutual Fund
2024-01-10,5206.6308,119092,HDFC Money Market Fund - Growth Option - Direct Plan,HDFC Mutual Fund
2024-01-11,5207.6081,119092,HDFC Money Market Fund - Growth Option - Direct Plan,HDFC Mutual Fund
2024-01-12,5208.7335,119092,HDFC Money Market Fund - Growth Option - Direct Plan,HDFC Mutual Fund
2024-01-15,5211.8996,119092,HDFC Money Market Fund - Growth Option - Direct Plan,HDFC Mutual Fund
2024-01-16,5212.6448,119092,HDFC Money Market Fund - Growth Option - Direct Plan,HDFC Mutual Fund
2024-01-17,5213.6768,119092,HDFC Money Market Fund - Growth Option - Direct Plan,HDFC Mutual Fund
2024-01-18,5214.4832,119092,HDFC Money Market Fund - Growth Option - Direct Plan,HDFC Mutual Fund
2024-01-19,5215.4828,119092,HDFC Money Market Fund - Growth Option - Direct Plan,HDFC Mutual Fund
2024-01-23,5218.8964,119092,HDFC Money Market Fund - Growth Option - Direct Plan,HDFC Mutual Fund
2024-01-24,5219.4493,119092,HDFC Money Market Fund - Growth Option - Direct Plan,HDFC Mutual Fund
2024-01-25,5220.4806,119092,HDFC Money Market Fund - Growth Option - Direct Plan,HDFC Mutual Fund
2024-01-29,5224.7227,119092,HDFC Money Market Fund - Growth Option - Direct Plan,HDFC Mutual Fund
2024-01-30,5225.6473,119092,HDFC Money Market Fund - Growth Option - Direct Plan,HDFC Mutual Fund
2024-01-31,5226.6958,119092,HDFC Money Market Fund - Growth Option - Direct Plan,HDFC Mutual Fund
2024-02-01,5227.8426,119092,HDFC Money Market Fund - Growth Option - Direct Plan,HDFC Mutual Fund
2024-02-02,5228.987,119092,HDFC Money Market Fund - Growth Option - Direct Plan,HDFC Mutual Fund
2024-02-05,5232.0589,119092,HDFC Money Market Fund - Growth Option - Direct Plan,HDFC Mutual Fund
2024-02-06,5233.0702,119092,HDFC Money Market Fund - Growth Option - Direct Plan,HDFC Mutual Fund
2024-02-07,5234.3976,119092,HDFC Money Market Fund - Growth Option - Direct Plan,HDFC Mutual Fund
2024-02-08,5235.5175,119092,HDFC Money Market Fund - Growth Option - Direct Plan,HDFC Mutual Fund
2024-02-09,5236.1159,119092,HDFC Money Market Fund - Growth Option - Direct Plan,HDFC Mutual Fund
2024-02-12,5239.0724,119092,HDFC Money Market Fund - Growth Option - Direct Plan,HDFC Mutual Fund
2024-02-13,5240.0332,119092,HDFC Money Market Fund - Growth Option - Direct Plan,HDFC Mutual Fund
2024-02-14,5241.2555,119092,HDFC Money Market Fund - Growth Option - Direct Plan,HDFC Mutual Fund
2024-02-15,5242.6289,119092,HDFC Money Market Fund - Growth Option - Direct Plan,HDFC Mutual Fund
2024-02-16,5244.0761,119092,HDFC Money Market Fund - Growth Option - Direct Plan,HDFC Mutual Fund
2024-02-20,5248.6377,119092,HDFC Money Market Fund - Growth Option - Direct Plan,HDFC Mutual Fund
2024-02-21,5250.0855,119092,HDFC Money Market Fund - Growth Option - Direct Plan,HDFC Mutual Fund
2024-02-22,5252.4138,119092,HDFC Money Market Fund - Growth Option - Direct Plan,HDFC Mutual Fund
2024-02-23,5253.4712,119092,HDFC Money Market Fund - Growth Option - Direct Plan,HDFC Mutual Fund
2024-02-26,5256.6,119092,HDFC Money Market Fund - Growth Option - Direct Plan,HDFC Mutual Fund
2024-02-27,5257.5008,119092,HDFC Money Market Fund - Growth Option - Direct Plan,HDFC Mutual Fund
2024-02-28,5259.1081,119092,HDFC Money Market Fund - Growth Option - Direct Plan,HDFC Mutual Fund
2024-02-29,5260.251,119092,HDFC Money Market Fund - Growth Option - Direct Plan,HDFC Mutual Fund
2024-03-01,5261.5919,119092,HDFC Money Market Fund - Growth Option - Direct Plan,HDFC Mutual Fund
2024-03-04,5265.3638,119092,HDFC Money Market Fund - Growth Option - Direct Plan,HDFC Mutual Fund
2024-03-05,5266.8776,119092,HDFC Money Market Fund - Growth Option - Direct Plan,HDFC Mutual Fund
2024-03-06,5268.4947,119092,HDFC Money Market Fund - Growth Option - Direct Plan,HDFC Mutual Fund
2024-03-07,5269.8128,119092,HDFC Money Market Fund - Growth Option - Direct Plan,HDFC Mutual Fund
2024-03-11,5274.1498,119092,HDFC Money Market Fund - Growth Option - Direct Plan,HDFC Mutual Fund
2024-03-12,5275.5439,119092,HDFC Money Market Fund - Growth Option - Direct Plan,HDFC Mutual Fund
2024-03-13,5276.9295,119092,HDFC Money Market Fund - Growth Option - Direct Plan,HDFC Mutual Fund
2024-03-14,5277.4985,119092,HDFC Money Market Fund - Growth Option - Direct Plan,HDFC Mutual Fund
2024-03-15,5278.4609,119092,HDFC Money Market Fund - Growth Option - Direct Plan,HDFC Mutual Fund
2024-03-18,5282.1891,119092,HDFC Money Market Fund - Growth Option - Direct Plan,HDFC Mutual Fund
2024-03-19,5283.2986,119092,HDFC Money Market Fund - Growth Option - Direct Plan,HDFC Mutual Fund
2024-03-20,5284.6048,119092,HDFC Money Market Fund - Growth Option - Direct Plan,HDFC Mutual Fund
2024-03-21,5285.8535,119092,HDFC Money Market Fund - Growth Option - Direct Plan,HDFC Mutual Fund
2024-03-22,5286.4682,119092,HDFC Money Market Fund - Growth Option - Direct Plan,HDFC Mutual Fund
2024-03-26,5289.8511,119092,HDFC Money Market Fund - Growth Option - Direct Plan,HDFC Mutual Fund
2024-03-27,5290.4767,119092,HDFC Money Market Fund - Growth Option - Direct Plan,HDFC Mutual Fund
2024-03-28,5297.0087,119092,HDFC Money Market Fund - Growth Option - Direct Plan,HDFC Mutual Fund
2024-03-31,5300.0371,119092,HDFC Money Market Fund - Growth Option - Direct Plan,HDFC Mutual Fund
2024-04-02,5304.0112,119092,HDFC Money Market Fund - Growth Option - Direct Plan,HDFC Mutual Fund
2024-04-03,5304.7841,119092,HDFC Money Market Fund - Growth Option - Direct Plan,HDFC Mutual Fund
2024-04-04,5306.7555,119092,HDFC Money Market Fund - Growth Option - Direct Plan,HDFC Mutual Fund
2024-04-05,5308.5645,119092,HDFC Money Market Fund - Growth Option - Direct Plan,HDFC Mutual Fund
2024-04-08,5311.3856,119092,HDFC Money Market Fund - Growth Option - Direct Plan,HDFC Mutual Fund
2024-04-10,5315.0084,119092,HDFC Money Market Fund - Growth Option - Direct Plan,HDFC Mutual Fund
2024-04-12,5317.4247,119092,HDFC Money Market Fund - Growth Option - Direct Plan,HDFC Mutual Fund
2024-04-15,5320.2438,119092,HDFC Money Market Fund - Growth Option - Direct Plan,HDFC Mutual Fund
2024-04-16,5321.3584,119092,HDFC Money Market Fund - Growth Option - Direct Plan,HDFC Mutual Fund
2024-04-18,5322.9549,119092,HDFC Money Market Fund - Growth Option - Direct Plan,HDFC Mutual Fund
2024-04-19,5323.488,119092,HDFC Money Market Fund - Growth Option - Direct Plan,HDFC Mutual Fund
2024-04-22,5326.3075,119092,HDFC Money Market Fund - Growth Option - Direct Plan,HDFC Mutual Fund
2024-04-23,5327.986,119092,HDFC Money Market Fund - Growth Option - Direct Plan,HDFC Mutual Fund
2024-04-24,5328.1588,119092,HDFC Money Market Fund - Growth Option - Direct Plan,HDFC Mutual Fund
2024-04-25,5328.7384,119092,HDFC Money Market Fund - Growth Option - Direct Plan,HDFC Mutual Fund
2024-04-26,5329.7189,119092,HDFC Money Market Fund - Growth Option - Direct Plan,HDFC Mutual Fund
2024-04-29,5331.6499,119092,HDFC Money Market Fund - Growth Option - Direct Plan,HDFC Mutual Fund
2024-04-30,5332.5376,119092,HDFC Money Market Fund - Growth Option - Direct Plan,HDFC Mutual Fund
2024-05-02,5334.9028,119092,HDFC Money Market Fund - Growth Option - Direct Plan,HDFC Mutual Fund
2024-05-03,5336.1567,119092,HDFC Money Market Fund - Growth Option - Direct Plan,HDFC Mutual Fund
2024-05-06,5339.654,119092,HDFC Money Market Fund - Growth Option - Direct Plan,HDFC Mutual Fund
2024-05-07,5341.0415,119092,HDFC Money Market Fund - Growth Option - Direct Plan,HDFC Mutual Fund
2024-05-08,5341.9087,119092,HDFC Money Market Fund - Growth Option - Direct Plan,HDFC Mutual Fund
2024-05-09,5342.3428,119092,HDFC Money Market Fund - Growth Option - Direct Plan,HDFC Mutual Fund
2024-05-10,5342.7724,119092,HDFC Money Market Fund - Growth Option - Direct Plan,HDFC Mutual Fund
2024-05-13,5346.0212,119092,HDFC Money Market Fund - Growth Option - Direct Plan,HDFC Mutual Fund
2024-05-14,5347.522,119092,HDFC Money Market Fund - Growth Option - Direct Plan,HDFC Mutual Fund
2024-05-15,5348.7106,119092,HDFC Money Market Fund - Growth Option - Direct Plan,HDFC Mutual Fund
2024-05-16,5349.5038,119092,HDFC Money Market Fund - Growth Option - Direct Plan,HDFC Mutual Fund
2024-05-17,5350.4153,119092,HDFC Money Market Fund - Growth Option - Direct Plan,HDFC Mutual Fund
2024-05-21,5355.2502,119092,HDFC Money Market Fund - Growth Option - Direct Plan,HDFC Mutual Fund
2024-05-22,5356.3608,119092,HDFC Money Market Fund - Growth Option - Direct Plan,HDFC Mutual Fund
2024-05-24,5358.5147,119092,HDFC Money Market Fund - Growth Option - Direct Plan,HDFC Mutual Fund
2024-05-27,5361.4316,119092,HDFC Money Market Fund - Growth Option - Direct Plan,HDFC Mutual Fund
2024-05-28,5362.1042,119092,HDFC Money Market Fund - Growth Option - Direct Plan,HDFC Mutual Fund
2024-05-29,5363.2902,119092,HDFC Money Market Fund - Growth Option - Direct Plan,HDFC Mutual Fund
2024-05-30,5364.7137,119092,HDFC Money Market Fund - Growth Option - Direct Plan,HDFC Mutual Fund
2024-05-31,5365.8097,119092,HDFC Money Market Fund - Growth Option - Direct Plan,HDFC Mutual Fund
2024-06-03,5369.1209,119092,HDFC Money Market Fund - Growth Option - Direct Plan,HDFC Mutual Fund
2024-06-04,5369.0379,119092,HDFC Money Market Fund - Growth Option - Direct Plan,HDFC Mutual Fund
2024-06-05,5369.9555,119092,HDFC Money Market Fund - Growth Option - Direct Plan,HDFC Mutual Fund
2024-06-06,5371.2112,119092,HDFC Money Market Fund - Growth Option - Direct Plan,HDFC Mutual Fund
2024-06-07,5372.2291,119092,HDFC Money Market Fund - Growth Option - Direct Plan,HDFC Mutual Fund
2024-06-10,5375.5307,119092,HDFC Money Market Fund - Growth Option - Direct Plan,HDFC Mutual Fund
2024-06-11,5377.1007,119092,HDFC Money Market Fund - Growth Option - Direct Plan,HDFC Mutual Fund
2024-06-12,5378.4232,119092,HDFC Money Market Fund - Growth Option - Direct Plan,HDFC Mutual Fund
2024-06-13,5379.5388,119092,HDFC Money Market Fund - Growth Option - Direct Plan,HDFC Mutual Fund
2024-06-14,5380.5567,119092,HDFC Money Market Fund - Growth Option - Direct Plan,HDFC Mutual Fund
2024-06-18,5384.8341,119092,HDFC Money Market Fund - Growth Option - Direct Plan,HDFC Mutual Fund
2024-06-19,5386.0054,119092,HDFC Money Market Fund - Growth Option - Direct Plan,HDFC Mutual Fund
2024-06-20,5387.3667,119092,HDFC Money Market Fund - Growth Option - Direct Plan,HDFC Mutual Fund
2024-06-21,5388.5437,119092,HDFC Money Market Fund - Growth Option - Direct Plan,HDFC Mutual Fund
2024-06-24,5391.5451,119092,HDFC Money Market Fund - Growth Option - Direct Plan,HDFC Mutual Fund
2024-06-25,5392.2884,119092,HDFC Money Market Fund - Growth Option - Direct Plan,HDFC Mutual Fund
2024-06-26,5392.8702,119092,HDFC Money Market Fund - Growth Option - Direct Plan,HDFC Mutual Fund
2024-06-27,5393.747,119092,HDFC Money Market Fund - Growth Option - Direct Plan,HDFC Mutual Fund
2024-06-28,5395.8631,119092,HDFC Money Market Fund - Growth Option - Direct Plan,HDFC Mutual Fund
2024-07-01,5399.8431,119092,HDFC Money Market Fund - Growth Option - Direct Plan,HDFC Mutual Fund
2024-07-02,5402.0965,119092,HDFC Money Market Fund - Growth Option - Direct Plan,HDFC Mutual Fund
2024-07-03,5403.6893,119092,HDFC Money Market Fund - Growth Option - Direct Plan,HDFC Mutual Fund
2024-07-04,5404.8862,119092,HDFC Money Market Fund - Growth Option - Direct Plan,HDFC Mutual Fund
2024-07-05,5405.9933,119092,HDFC Money Market Fund - Growth Option - Direct Plan,HDFC Mutual Fund
2024-07-08,5408.9972,119092,HDFC Money Market Fund - Growth Option - Direct Plan,HDFC Mutual Fund
2024-07-09,5410.0477,119092,HDFC Money Market Fund - Growth Option - Direct Plan,HDFC Mutual Fund
2024-07-10,5411.1036,119092,HDFC Money Market Fund - Growth Option - Direct Plan,HDFC Mutual Fund
2024-07-11,5412.4014,119092,HDFC Money Market Fund - Growth Option - Direct Plan,HDFC Mutual Fund
2024-07-12,5413.3353,119092,HDFC Money Market Fund - Growth Option - Direct Plan,HDFC Mutual Fund
2024-07-15,5416.6718,119092,HDFC Money Market Fund - Growth Option - Direct Plan,HDFC Mutual Fund
2024-07-16,5417.6751,119092,HDFC Money Market Fund - Growth Option - Direct Plan,HDFC Mutual Fund
2024-07-18,5419.9047,119092,HDFC Money Market Fund - Growth Option - Direct Plan,HDFC Mutual Fund
2024-07-19,5421.0041,119092,HDFC Money Market Fund - Growth Option - Direct Plan,HDFC Mutual Fund
2024-07-22,5424.1728,119092,HDFC Money Market Fund - Growth Option - Direct Plan,HDFC Mutual Fund
2024-07-23,5425.4758,119092,HDFC Money Market Fund - Growth Option - Direct Plan,HDFC Mutual Fund
2024-07-24,5426.637,119092,HDFC Money Market Fund - Growth Option - Direct Plan,HDFC Mutual Fund
2024-07-25,5427.5873,119092,HDFC Money Market Fund - Growth Option - Direct Plan,HDFC Mutual Fund
2024-07-26,5428.5956,119092,HDFC Money Market Fund - Growth Option - Direct Plan,HDFC Mutual Fund
2024-07-29,5431.7904,119092,HDFC Money Market Fund - Growth Option - Direct Plan,HDFC Mutual Fund
2024-07-30,5432.772,119092,HDFC Money Market Fund - Growth Option - Direct Plan,HDFC Mutual Fund
2024-07-31,5433.6933,119092,HDFC Money Market Fund - Growth Option - Direct Plan,HDFC Mutual Fund
2024-08-01,5434.8589,119092,HDFC Money Market Fund - Growth Option - Direct Plan,HDFC Mutual Fund
2024-08-02,5435.8684,119092,HDFC Money Market Fund - Growth Option - Direct Plan,HDFC Mutual Fund
2024-08-05,5439.0651,119092,HDFC Money Market Fund - Growth Option - Direct Plan,HDFC Mutual Fund
2024-08-06,5439.9349,119092,HDFC Money Market Fund - Growth Option - Direct Plan,HDFC Mutual Fund
2024-08-07,5441.0345,119092,HDFC Money Market Fund - Growth Option - Direct Plan,HDFC Mutual Fund
2024-08-08,5441.9641,119092,HDFC Money Market Fund - Growth Option - Direct Plan,HDFC Mutual Fund
2024-08-09,5442.9315,119092,HDFC Money Market Fund - Growth Option - Direct Plan,HDFC Mutual Fund
2024-08-12,5445.8783,119092,HDFC Money Market Fund - Growth Option - Direct Plan,HDFC Mutual Fund
2024-08-13,5446.294,119092,HDFC Money Market Fund - Growth Option - Direct Plan,HDFC Mutual Fund
2024-08-14,5447.357,119092,HDFC Money Market Fund - Growth Option - Direct Plan,HDFC Mutual Fund
2024-08-16,5449.5862,119092,HDFC Money Market Fund - Growth Option - Direct Plan,HDFC Mutual Fund
2024-08-19,5452.8782,119092,HDFC Money Market Fund - Growth Option - Direct Plan,HDFC Mutual Fund
2024-08-20,5454.3508,119092,HDFC Money Market Fund - Growth Option - Direct Plan,HDFC Mutual Fund
2024-08-21,5455.8625,119092,HDFC Money Market Fund - Growth Option - Direct Plan,HDFC Mutual Fund
2024-08-22,5457.1012,119092,HDFC Money Market Fund - Growth Option - Direct Plan,HDFC Mutual Fund
2024-08-23,5458.18,119092,HDFC Money Market Fund - Growth Option - Direct Plan,HDFC Mutual Fund
2024-08-26,5461.0959,119092,HDFC Money Market Fund - Growth Option - Direct Plan,HDFC Mutual Fund
2024-08-27,5461.7292,119092,HDFC Money Market Fund - Growth Option - Direct Plan,HDFC Mutual Fund
2024-08-28,5462.7689,119092,HDFC Money Market Fund - Growth Option - Direct Plan,HDFC Mutual Fund
2024-08-29,5463.5324,119092,HDFC Money Market Fund - Growth Option - Direct Plan,HDFC Mutual Fund
2024-08-30,5464.4471,119092,HDFC Money Market Fund - Growth Option - Direct Plan,HDFC Mutual Fund
2024-09-02,5467.6346,119092,HDFC Money Market Fund - Growth Option - Direct Plan,HDFC Mutual Fund
2024-09-03,5468.8173,119092,HDFC Money Market Fund - Growth Option - Direct Plan,HDFC Mutual Fund
2024-09-04,5469.7871,119092,HDFC Money Market Fund - Growth Option - Direct Plan,HDFC Mutual Fund
2024-09-05,5470.9194,119092,HDFC Money Market Fund - Growth Option - Direct Plan,HDFC Mutual Fund
2024-09-06,5471.7431,119092,HDFC Money Market Fund - Growth Option - Direct Plan,HDFC Mutual Fund
2024-09-09,5475.0575,119092,HDFC Money Market Fund - Growth Option - Direct Plan,HDFC Mutual Fund
2024-09-10,5475.9756,119092,HDFC Money Market Fund - Growth Option - Direct Plan,HDFC Mutual Fund
2024-09-11,5477.0398,119092,HDFC Money Market Fund - Growth Option - Direct Plan,HDFC Mutual Fund
2024-09-12,5477.9222,119092,HDFC Money Market Fund - Growth Option - Direct Plan,HDFC Mutual Fund
2024-09-13,5479.344,119092,HDFC Money Market Fund - Growth Option - Direct Plan,HDFC Mutual Fund
2024-09-16,5482.4736,119092,HDFC Money Market Fund - Growth Option - Direct Plan,HDFC Mutual Fund
2024-09-17,5483.7926,119092,HDFC Money Market Fund - Growth Option - Direct Plan,HDFC Mutual Fund
2024-09-19,5486.1019,119092,HDFC Money Market Fund - Growth Option - Direct Plan,HDFC Mutual Fund
2024-09-20,5487.3347,119092,HDFC Money Market Fund - Growth Option - Direct Plan,HDFC Mutual Fund
2024-09-23,5490.5892,119092,HDFC Money Market Fund - Growth Option - Direct Plan,HDFC Mutual Fund
2024-09-24,5491.7099,119092,HDFC Money Market Fund - Growth Option - Direct Plan,HDFC Mutual Fund
2024-09-25,5492.655,119092,HDFC Money Market Fund - Growth Option - Direct Plan,HDFC Mutual Fund
2024-09-26,5493.8571,119092,HDFC Money Market Fund - Growth Option - Direct Plan,HDFC Mutual Fund
2024-09-27,5495.2936,119092,HDFC Money Market Fund - Growth Option - Direct Plan,HDFC Mutual Fund
2024-09-30,5500.7013,119092,HDFC Money Market Fund - Growth Option - Direct Plan,HDFC Mutual Fund
2024-10-01,5501.9906,119092,HDFC Money Market Fund - Growth Option - Direct Plan,HDFC Mutual Fund
2024-10-03,5504.5299,119092,HDFC Money Market Fund - Growth Option - Direct Plan,HDFC Mutual Fund
2024-10-04,5506.0251,119092,HDFC Money Market Fund - Growth Option - Direct Plan,HDFC Mutual Fund
2024-10-07,5509.299,119092,HDFC Money Market Fund - Growth Option - Direct Plan,HDFC Mutual Fund
2024-10-08,5510.3208,119092,HDFC Money Market Fund - Growth Option - Direct Plan,HDFC Mutual Fund
2024-10-09,5511.8431,119092,HDFC Money Market Fund - Growth Option - Direct Plan,HDFC Mutual Fund
2024-10-10,5512.9468,119092,HDFC Money Market Fund - Growth Option - Direct Plan,HDFC Mutual Fund
2024-10-11,5514.3907,119092,HDFC Money Market Fund - Growth Option - Direct Plan,HDFC Mutual Fund
2024-10-14,5517.3612,119092,HDFC Money Market Fund - Growth Option - Direct Plan,HDFC Mutual Fund
2024-10-15,5518.1759,119092,HDFC Money Market Fund - Growth Option - Direct Plan,HDFC Mutual Fund
2024-10-16,5519.2375,119092,HDFC Money Market Fund - Growth Option - Direct Plan,HDFC Mutual Fund
2024-10-17,5520.2522,119092,HDFC Money Market Fund - Growth Option - Direct Plan,HDFC Mutual Fund
2024-10-18,5521.333,119092,HDFC Money Market Fund - Growth Option - Direct Plan,HDFC Mutual Fund
2024-10-21,5524.1631,119092,HDFC Money Market Fund - Growth Option - Direct Plan,HDFC Mutual Fund
2024-10-22,5525.1776,119092,HDFC Money Market Fund - Growth Option - Direct Plan,HDFC Mutual Fund
2024-10-23,5526.2009,119092,HDFC Money Market Fund - Growth Option - Direct Plan,HDFC Mutual Fund
2024-10-24,5527.3884,119092,HDFC Money Market Fund - Growth Option - Direct Plan,HDFC Mutual Fund
2024-10-25,5528.4234,119092,HDFC Money Market Fund - Growth Option - Direct Plan,HDFC Mutual Fund
2024-10-28,5531.4854,119092,HDFC Money Market Fund - Growth Option - Direct Plan,HDFC Mutual Fund
2024-10-29,5532.5972,119092,HDFC Money Market Fund - Growth Option - Direct Plan,HDFC Mutual Fund
2024-10-30,5533.6549,119092,HDFC Money Market Fund - Growth Option - Direct Plan,HDFC Mutual Fund
2024-10-31,5535.049,119092,HDFC Money Market Fund - Growth Option - Direct Plan,HDFC Mutual Fund
2024-11-04,5539.5214,119092,HDFC Money Market Fund - Growth Option - Direct Plan,HDFC Mutual Fund
2024-11-05,5540.8795,119092,HDFC Money Market Fund - Growth Option - Direct Plan,HDFC Mutual Fund
2024-11-06,5541.99,119092,HDFC Money Market Fund - Growth Option - Direct Plan,HDFC Mutual Fund
2024-11-07,5543.2316,119092,HDFC Money Market Fund - Growth Option - Direct Plan,HDFC Mutual Fund
2024-11-08,5544.3048,119092,HDFC Money Market Fund - Growth Option - Direct Plan,HDFC Mutual Fund
2024-11-11,5547.5341,119092,HDFC Money Market Fund - Growth Option - Direct Plan,HDFC Mutual Fund
2024-11-12,5548.5622,119092,HDFC Money Market Fund - Growth Option - Direct Plan,HDFC Mutual Fund
2024-11-13,5549.7643,119092,HDFC Money Market Fund - Growth Option - Direct Plan,HDFC Mutual Fund
2024-11-14,5550.9097,119092,HDFC Money Market Fund - Growth Option - Direct Plan,HDFC Mutual Fund
2024-11-18,5555.0635,119092,HDFC Money Market Fund - Growth Option - Direct Plan,HDFC Mutual Fund
2024-11-19,5556.1305,119092,HDFC Money Market Fund - Growth Option - Direct Plan,HDFC Mutual Fund
2024-11-21,5557.9843,119092,HDFC Money Market Fund - Growth Option - Direct Plan,HDFC Mutual Fund
2024-11-22,5559.0282,119092,HDFC Money Market Fund - Growth Option - Direct Plan,HDFC Mutual Fund
2024-11-25,5562.2563,119092,HDFC Money Market Fund - Growth Option - Direct Plan,HDFC Mutual Fund
2024-11-26,5563.3251,119092,HDFC Money Market Fund - Growth Option - Direct Plan,HDFC Mutual Fund
2024-11-27,5564.3652,119092,HDFC Money Market Fund - Growth Option - Direct Plan,HDFC Mutual Fund
2024-11-28,5565.3431,119092,HDFC Money Market Fund - Growth Option - Direct Plan,HDFC Mutual Fund
2024-11-29,5566.4874,119092,HDFC Money Market Fund - Growth Option - Direct Plan,HDFC Mutual Fund
2024-12-02,5569.9305,119092,HDFC Money Market Fund - Growth Option - Direct Plan,HDFC Mutual Fund
2024-12-03,5570.896,119092,HDFC Money Market Fund - Growth Option - Direct Plan,HDFC Mutual Fund
2024-12-04,5572.0927,119092,HDFC Money Market Fund - Growth Option - Direct Plan,HDFC Mutual Fund
2024-12-05,5573.6012,119092,HDFC Money Market Fund - Growth Option - Direct Plan,HDFC Mutual Fund
2024-12-06,5575.0097,119092,HDFC Money Market Fund - Growth Option - Direct Plan,HDFC Mutual Fund
2024-12-09,5578.25,119092,HDFC Money Market Fund - Growth Option - Direct Plan,HDFC Mutual Fund
2024-12-10,5579.1651,119092,HDFC Money Market Fund - Growth Option - Direct Plan,HDFC Mutual Fund
2024-12-11,5580.1419,119092,HDFC Money Market Fund - Growth Option - Direct Plan,HDFC Mutual Fund
2024-12-12,5580.6696,119092,HDFC Money Market Fund - Growth Option - Direct Plan,HDFC Mutual Fund
2024-12-13,5580.9232,119092,HDFC Money Market Fund - Growth Option - Direct Plan,HDFC Mutual Fund
2024-12-16,5584.4671,119092,HDFC Money Market Fund - Growth Option - Direct Plan,HDFC Mutual Fund
2024-12-17,5585.572,119092,HDFC Money Market Fund - Growth Option - Direct Plan,HDFC Mutual Fund
2024-12-18,5586.4179,119092,HDFC Money Market Fund - Growth Option - Direct Plan,HDFC Mutual Fund
2024-12-19,5587.01,119092,HDFC Money Market Fund - Growth Option - Direct Plan,HDFC Mutual Fund
2024-12-20,5588.072,119092,HDFC Money Market Fund - Growth Option - Direct Plan,HDFC Mutual Fund
2024-12-23,5590.4471,119092,HDFC Money Market Fund - Growth Option - Direct Plan,HDFC Mutual Fund
2024-12-24,5590.9435,119092,HDFC Money Market Fund - Growth Option - Direct Plan,HDFC Mutual Fund
2024-12-26,5592.9244,119092,HDFC Money Market Fund - Growth Option - Direct Plan,HDFC Mutual Fund
2024-12-27,5594.0951,119092,HDFC Money Market Fund - Growth Option - Direct Plan,HDFC Mutual Fund
2024-12-30,5597.3384,119092,HDFC Money Market Fund - Growth Option - Direct Plan,HDFC Mutual Fund
2024-12-31,5600.5771,119092,HDFC Money Market Fund - Growth Option - Direct Plan,HDFC Mutual Fund
2025-01-01,5602.0594,119092,HDFC Money Market Fund - Growth Option - Direct Plan,HDFC Mutual Fund
2025-01-02,5603.5453,119092,HDFC Money Market Fund - Growth Option - Direct Plan,HDFC Mutual Fund
2025-01-03,5604.3724,119092,HDFC Money Market Fund - Growth Option - Direct Plan,HDFC Mutual Fund
2025-01-06,5607.5187,119092,HDFC Money Market Fund - Growth Option - Direct Plan,HDFC Mutual Fund
2025-01-07,5608.3364,119092,HDFC Money Market Fund - Growth Option - Direct Plan,HDFC Mutual Fund
2025-01-08,5608.6713,119092,HDFC Money Market Fund - Growth Option - Direct Plan,HDFC Mutual Fund
2025-01-09,5608.9131,119092,HDFC Money Market Fund - Growth Option - Direct Plan,HDFC Mutual Fund
2025-01-10,5610.3063,119092,HDFC Money Market Fund - Growth Option - Direct Plan,HDFC Mutual Fund
2025-01-13,5613.1264,119092,HDFC Money Market Fund - Growth Option - Direct Plan,HDFC Mutual Fund
2025-01-14,5613.9876,119092,HDFC Money Market Fund - Growth Option - Direct Plan,HDFC Mutual Fund
2025-01-15,5615.6509,119092,HDFC Money Market Fund - Growth Option - Direct Plan,HDFC Mutual Fund
2025-01-16,5617.329,119092,HDFC Money Market Fund - Growth Option - Direct Plan,HDFC Mutual Fund
2025-01-17,5618.584,119092,HDFC Money Market Fund - Growth Option - Direct Plan,HDFC Mutual Fund
2025-01-20,5621.8468,119092,HDFC Money Market Fund - Growth Option - Direct Plan,HDFC Mutual Fund
2025-01-21,5622.9541,119092,HDFC Money Market Fund - Growth Option - Direct Plan,HDFC Mutual Fund
2025-01-22,5623.6568,119092,HDFC Money Market Fund - Growth Option - Direct Plan,HDFC Mutual Fund
2025-01-23,5624.5255,119092,HDFC Money Market Fund - Growth Option - Direct Plan,HDFC Mutual Fund
2025-01-24,5625.5281,119092,HDFC Money Market Fund - Growth Option - Direct Plan,HDFC Mutual Fund
2025-01-27,5629.0101,119092,HDFC Money Market Fund - Growth Option - Direct Plan,HDFC Mutual Fund
2025-01-28,5630.4184,119092,HDFC Money Market Fund - Growth Option - Direct Plan,HDFC Mutual Fund
2025-01-29,5632.2632,119092,HDFC Money Market Fund - Growth Option - Direct Plan,HDFC Mutual Fund
2025-01-30,5633.6602,119092,HDFC Money Market Fund - Growth Option - Direct Plan,HDFC Mutual Fund
2025-01-31,5634.8733,119092,HDFC Money Market Fund - Growth Option - Direct Plan,HDFC Mutual Fund
2025-02-03,5638.0374,119092,HDFC Money Market Fund - Growth Option - Direct Plan,HDFC Mutual Fund
2025-02-04,5639.5493,119092,HDFC Money Market Fund - Growth Option - Direct Plan,HDFC Mutual Fund
2025-02-05,5641.2929,119092,HDFC Money Market Fund - Growth Option - Direct Plan,HDFC Mutual Fund
2025-02-06,5644.1449,119092,HDFC Money Market Fund - Growth Option - Direct Plan,HDFC Mutual Fund
2025-02-07,5644.185,119092,HDFC Money Market Fund - Growth Option - Direct Plan,HDFC Mutual Fund
2025-02-10,5646.022,119092,HDFC Money Market Fund - Growth Option - Direct Plan,HDFC Mutual Fund
2025-02-11,5647.2714,119092,HDFC Money Market Fund - Growth Option - Direct Plan,HDFC Mutual Fund
2025-02-12,5648.4814,119092,HDFC Money Market Fund - Growth Option - Direct Plan,HDFC Mutual Fund
2025-02-13,5650.1659,119092,HDFC Money Market Fund - Growth Option - Direct Plan,HDFC Mutual Fund
2025-02-14,5651.0746,119092,HDFC Money Market Fund - Growth Option - Direct Plan,HDFC Mutual Fund
2025-02-17,5654.1189,119092,HDFC Money Market Fund - Growth Option - Direct Plan,HDFC Mutual Fund
2025-02-18,5655.0607,119092,HDFC Money Market Fund - Growth Option - Direct Plan,HDFC Mutual Fund
2025-02-20,5657.2867,119092,HDFC Money Market Fund - Growth Option - Direct Plan,HDFC Mutual Fund
2025-02-21,5658.526,119092,HDFC Money Market Fund - Growth Option - Direct Plan,HDFC Mutual Fund
2025-02-24,5662.8036,119092,HDFC Money Market Fund - Growth Option - Direct Plan,HDFC Mutual Fund
2025-02-25,5663.4085,119092,HDFC Money Market Fund - Growth Option - Direct Plan,HDFC Mutual Fund
2025-02-27,5665.5035,119092,HDFC Money Market Fund - Growth Option - Direct Plan,HDFC Mutual Fund
2025-02-28,5666.3039,119092,HDFC Money Market Fund - Growth Option - Direct Plan,HDFC Mutual Fund
2025-03-03,5668.836,119092,HDFC Money Market Fund - Growth Option - Direct Plan,HDFC Mutual Fund
2025-03-04,5669.5153,119092,HDFC Money Market Fund - Growth Option - Direct Plan,HDFC Mutual Fund
2025-03-05,5669.8421,119092,HDFC Money Market Fund - Growth Option - Direct Plan,HDFC Mutual Fund
2025-03-06,5670.7057,119092,HDFC Money Market Fund - Growth Option - Direct Plan,HDFC Mutual Fund
2025-03-07,5671.5,119092,HDFC Money Market Fund - Growth Option - Direct Plan,HDFC Mutual Fund
2025-03-10,5675.2614,119092,HDFC Money Market Fund - Growth Option - Direct Plan,HDFC Mutual Fund
2025-03-11,5676.1432,119092,HDFC Money Market Fund - Growth Option - Direct Plan,HDFC Mutual Fund
2025-03-12,5677.2615,119092,HDFC Money Market Fund - Growth Option - Direct Plan,HDFC Mutual Fund
2025-03-13,5679.1086,119092,HDFC Money Market Fund - Growth Option - Direct Plan,HDFC Mutual Fund
2025-03-17,5683.8145,119092,HDFC Money Market Fund - Growth Option - Direct Plan,HDFC Mutual Fund
2025-03-18,5685.3043,119092,HDFC Money Market Fund - Growth Option - Direct Plan,HDFC Mutual Fund
2025-03-19,5687.3531,119092,HDFC Money Market Fund - Growth Option - Direct Plan,HDFC Mutual Fund
2025-03-20,5689.694,119092,HDFC Money Market Fund - Growth Option - Direct Plan,HDFC Mutual Fund
2025-03-21,5693.8851,119092,HDFC Money Market Fund - Growth Option - Direct Plan,HDFC Mutual Fund
2025-03-24,5700.1857,119092,HDFC Money Market Fund - Growth Option - Direct Plan,HDFC Mutual Fund
2025-03-25,5701.1631,119092,HDFC Money Market Fund - Growth Option - Direct Plan,HDFC Mutual Fund
2025-03-26,5704.2365,119092,HDFC Money Market Fund - Growth Option - Direct Plan,HDFC Mutual Fund
2025-03-27,5705.1533,119092,HDFC Money Market Fund - Growth Option - Direct Plan,HDFC Mutual Fund
2025-03-28,5713.7697,119092,HDFC Money Market Fund - Growth Option - Direct Plan,HDFC Mutual Fund
2025-03-31,5716.824,119092,HDFC Money Market Fund - Growth Option - Direct Plan,HDFC Mutual Fund
2025-04-02,5726.3244,119092,HDFC Money Market Fund - Growth Option - Direct Plan,HDFC Mutual Fund
2025-04-03,5730.5444,119092,HDFC Money Market Fund - Growth Option - Direct Plan,HDFC Mutual Fund
2025-04-04,5732.122,119092,HDFC Money Market Fund - Growth Option - Direct Plan,HDFC Mutual Fund
2025-04-07,5735.1937,119092,HDFC Money Market Fund - Growth Option - Direct Plan,HDFC Mutual Fund
2025-04-08,5736.6882,119092,HDFC Money Market Fund - Growth Option - Direct Plan,HDFC Mutual Fund
2025-04-09,5740.7071,119092,HDFC Money Market Fund - Growth Option - Direct Plan,HDFC Mutual Fund
2025-04-11,5744.5695,119092,HDFC Money Market Fund - Growth Option - Direct Plan,HDFC Mutual Fund
2025-04-15,5749.0705,119092,HDFC Money Market Fund - Growth Option - Direct Plan,HDFC Mutual Fund
2025-04-16,5750.2512,119092,HDFC Money Market Fund - Growth Option - Direct Plan,HDFC Mutual Fund
2025-04-17,5751.9598,119092,HDFC Money Market Fund - Growth Option - Direct Plan,HDFC Mutual Fund
2025-04-21,5758.0083,119092,HDFC Money Market Fund - Growth Option - Direct Plan,HDFC Mutual Fund
2025-04-22,5759.3888,119092,HDFC Money Market Fund - Growth Option - Direct Plan,HDFC Mutual Fund
2025-04-23,5760.6599,119092,HDFC Money Market Fund - Growth Option - Direct Plan,HDFC Mutual Fund
2025-04-24,5762.4655,119092,HDFC Money Market Fund - Growth Option - Direct Plan,HDFC Mutual Fund
2025-04-25,5762.4356,119092,HDFC Money Market Fund - Growth Option - Direct Plan,HDFC Mutual Fund
2025-04-28,5765.5012,119092,HDFC Money Market Fund - Growth Option - Direct Plan,HDFC Mutual Fund
2025-04-29,5766.6546,119092,HDFC Money Market Fund - Growth Option - Direct Plan,HDFC Mutual Fund
2025-04-30,5767.1752,119092,HDFC Money Market Fund - Growth Option - Direct Plan,HDFC Mutual Fund
2025-05-02,5769.7362,119092,HDFC Money Market Fund - Growth Option - Direct Plan,HDFC Mutual Fund
2025-05-05,5773.1211,119092,HDFC Money Market Fund - Growth Option - Direct Plan,HDFC Mutual Fund
2025-05-06,5774.9972,119092,HDFC Money Market Fund - Growth Option - Direct Plan,HDFC Mutual Fund
2025-05-07,5776.0155,119092,HDFC Money Market Fund - Growth Option - Direct Plan,HDFC Mutual Fund
2025-05-08,5774.8342,119092,HDFC Money Market Fund - Growth Option - Direct Plan,HDFC Mutual Fund
2025-05-09,5773.3156,119092,HDFC Money Market Fund - Growth Option - Direct Plan,HDFC Mutual Fund
2025-05-13,5780.0491,119092,HDFC Money Market Fund - Growth Option - Direct Plan,HDFC Mutual Fund
2025-05-14,5783.7466,119092,HDFC Money Market Fund - Growth Option - Direct Plan,HDFC Mutual Fund
2025-05-15,5784.8317,119092,HDFC Money Market Fund - Growth Option - Direct Plan,HDFC Mutual Fund
2025-05-16,5787.4816,119092,HDFC Money Market Fund - Growth Option - Direct Plan,HDFC Mutual Fund
2025-05-19,5791.2421,119092,HDFC Money Market Fund - Growth Option - Direct Plan,HDFC Mutual Fund
2025-05-20,5793.6894,119092,HDFC Money Market Fund - Growth Option - Direct Plan,HDFC Mutual Fund
2025-05-21,5795.4048,119092,HDFC Money Market Fund - Growth Option - Direct Plan,HDFC Mutual Fund
2025-05-22,5795.8073,119092,HDFC Money Market Fund - Growth Option - Direct Plan,HDFC Mutual Fund
2025-05-23,5797.5783,119092,HDFC Money Market Fund - Growth Option - Direct Plan,HDFC Mutual Fund
2025-05-26,5800.4584,119092,HDFC Money Market Fund - Growth Option - Direct Plan,HDFC Mutual Fund
2025-05-27,5801.7666,119092,HDFC Money Market Fund - Growth Option - Direct Plan,HDFC Mutual Fund
2025-05-28,5803.8799,119092,HDFC Money Market Fund - Growth Option - Direct Plan,HDFC Mutual Fund
2025-05-29,5805.6326,119092,HDFC Money Market Fund - Growth Option - Direct Plan,HDFC Mutual Fund
2025-05-30,5806.6169,119092,HDFC Money Market Fund - Growth Option - Direct Plan,HDFC Mutual Fund
2025-06-02,5810.056,119092,HDFC Money Market Fund - Growth Option - Direct Plan,HDFC Mutual Fund
2025-06-03,5812.5765,119092,HDFC Money Market Fund - Growth Option - Direct Plan,HDFC Mutual Fund
2025-06-04,5814.4359,119092,HDFC Money Market Fund - Growth Option - Direct Plan,HDFC Mutual Fund
2025-06-05,5816.4301,119092,HDFC Money Market Fund - Growth Option - Direct Plan,HDFC Mutual Fund
2025-06-06,5825.1945,119092,HDFC Money Market Fund - Growth Option - Direct Plan,HDFC Mutual Fund
2025-06-09,5829.1614,119092,HDFC Money Market Fund - Growth Option - Direct Plan,HDFC Mutual Fund
2025-06-10,5827.1891,119092,HDFC Money Market Fund - Growth Option - Direct Plan,HDFC Mutual Fund
2025-06-11,5825.4478,119092,HDFC Money Market Fund - Growth Option - Direct Plan,HDFC Mutual Fund
2025-06-12,5826.0507,119092,HDFC Money Market Fund - Growth Option - Direct Plan,HDFC Mutual Fund
2025-06-13,5826.4969,119092,HDFC Money Market Fund - Growth Option - Direct Plan,HDFC Mutual Fund
2025-06-16,5829.3242,119092,HDFC Money Market Fund - Growth Option - Direct Plan,HDFC Mutual Fund
2025-06-17,5830.1383,119092,HDFC Money Market Fund - Growth Option - Direct Plan,HDFC Mutual Fund
2025-06-18,5831.6321,119092,HDFC Money Market Fund - Growth Option - Direct Plan,HDFC Mutual Fund
2025-06-19,5832.8313,119092,HDFC Money Market Fund - Growth Option - Direct Plan,HDFC Mutual Fund
2025-06-20,5833.9386,119092,HDFC Money Market Fund - Growth Option - Direct Plan,HDFC Mutual Fund
2025-06-23,5837.2267,119092,HDFC Money Market Fund - Growth Option - Direct Plan,HDFC Mutual Fund
2025-06-24,5838.486,119092,HDFC Money Market Fund - Growth Option - Direct Plan,HDFC Mutual Fund
2025-06-25,5838.0925,119092,HDFC Money Market Fund - Growth Option - Direct Plan,HDFC Mutual Fund
2025-06-26,5839.2453,119092,HDFC Money Market Fund - Growth Option - Direct Plan,HDFC Mutual Fund
2025-06-27,5840.5596,119092,HDFC Money Market Fund - Growth Option - Direct Plan,HDFC Mutual Fund
2025-06-30,5843.7929,119092,HDFC Money Market Fund - Growth Option - Direct Plan,HDFC Mutual Fund
2025-07-01,5847.481,119092,HDFC Money Market Fund - Growth Option - Direct Plan,HDFC Mutual Fund
2025-07-02,5851.0981,119092,HDFC Money Market Fund - Growth Option - Direct Plan,HDFC Mutual Fund
2025-07-03,5852.4845,119092,HDFC Money Market Fund - Growth Option - Direct Plan,HDFC Mutual Fund
2025-07-04,5853.3606,119092,HDFC Money Market Fund - Growth Option - Direct Plan,HDFC Mutual Fund
2025-07-07,5856.2977,119092,HDFC Money Market Fund - Growth Option - Direct Plan,HDFC Mutual Fund
2025-07-08,5856.9332,119092,HDFC Money Market Fund - Growth Option - Direct Plan,HDFC Mutual Fund
2025-07-09,5857.2164,119092,HDFC Money Market Fund - Growth Option - Direct Plan,HDFC Mutual Fund
2025-07-10,5858.4766,119092,HDFC Money Market Fund - Growth Option - Direct Plan,HDFC Mutual Fund
2025-07-11,5858.9296,119092,HDFC Money Market Fund - Growth Option - Direct Plan,HDFC Mutual Fund
2025-07-14,5862.5908,119092,HDFC Money Market Fund - Growth Option - Direct Plan,HDFC Mutual Fund
2025-07-15,5863.6201,119092,HDFC Money Market Fund - Growth Option - Direct Plan,HDFC Mutual Fund
2025-07-16,5864.3753,119092,HDFC Money Market Fund - Growth Option - Direct Plan,HDFC Mutual Fund
2025-07-17,5865.3853,119092,HDFC Money Market Fund - Growth Option - Direct Plan,HDFC Mutual Fund
2025-07-18,5866.4951,119092,HDFC Money Market Fund - Growth Option - Direct Plan,HDFC Mutual Fund
2025-07-21,5869.1171,119092,HDFC Money Market Fund - Growth Option - Direct Plan,HDFC Mutual Fund
2025-07-22,5869.8417,119092,HDFC Money Market Fund - Growth Option - Direct Plan,HDFC Mutual Fund
2025-07-23,5871.1828,119092,HDFC Money Market Fund - Growth Option - Direct Plan,HDFC Mutual Fund
2025-07-24,5872.0366,119092,HDFC Money Market Fund - Growth Option - Direct Plan,HDFC Mutual Fund
2025-07-25,5872.8052,119092,HDFC Money Market Fund - Growth Option - Direct Plan,HDFC Mutual Fund
2025-07-28,5875.1043,119092,HDFC Money Market Fund - Growth Option - Direct Plan,HDFC Mutual Fund
2025-07-29,5875.6626,119092,HDFC Money Market Fund - Growth Option - Direct Plan,HDFC Mutual Fund
2025-07-30,5876.5092,119092,HDFC Money Market Fund - Growth Option - Direct Plan,HDFC Mutual Fund
2025-07-31,5877.5109,119092,HDFC Money Market Fund - Growth Option - Direct Plan,HDFC Mutual Fund
2025-08-01,5878.7932,119092,HDFC Money Market Fund - Growth Option - Direct Plan,HDFC Mutual Fund
2025-08-04,5882.1589,119092,HDFC Money Market Fund - Growth Option - Direct Plan,HDFC Mutual Fund
2025-08-05,5883.4482,119092,HDFC Money Market Fund - Growth Option - Direct Plan,HDFC Mutual Fund
2025-08-06,5883.3045,119092,HDFC Money Market Fund - Growth Option - Direct Plan,HDFC Mutual Fund
2025-08-07,5884.0837,119092,HDFC Money Market Fund - Growth Option - Direct Plan,HDFC Mutual Fund
2025-08-08,5884.8484,119092,HDFC Money Market Fund - Growth Option - Direct Plan,HDFC Mutual Fund
2025-08-11,5887.2286,119092,HDFC Money Market Fund - Growth Option - Direct Plan,HDFC Mutual Fund
2025-08-12,5887.3908,119092,HDFC Money Market Fund - Growth Option - Direct Plan,HDFC Mutual Fund
2025-08-13,5888.1247,119092,HDFC Money Market Fund - Growth Option - Direct Plan,HDFC Mutual Fund
2025-08-14,5889.2636,119092,HDFC Money Market Fund - Growth Option - Direct Plan,HDFC Mutual Fund
2025-08-18,5892.9896,119092,HDFC Money Market Fund - Growth Option - Direct Plan,HDFC Mutual Fund
2025-08-19,5894.2742,119092,HDFC Money Market Fund - Growth Option - Direct Plan,HDFC Mutual Fund
2025-08-20,5895.2164,119092,HDFC Money Market Fund - Growth Option - Direct Plan,HDFC Mutual Fund
2025-08-21,5896.2147,119092,HDFC Money Market Fund - Growth Option - Direct Plan,HDFC Mutual Fund
2025-08-22,5897.2374,119092,HDFC Money Market Fund - Growth Option - Direct Plan,HDFC Mutual Fund
2025-08-25,5899.9888,119092,HDFC Money Market Fund - Growth Option - Direct Plan,HDFC Mutual Fund
2025-08-26,5900.7107,119092,HDFC Money Market Fund - Growth Option - Direct Plan,HDFC Mutual Fund
2025-08-28,5902.4099,119092,HDFC Money Market Fund - Growth Option - Direct Plan,HDFC Mutual Fund
2025-08-29,5902.9876,119092,HDFC Money Market Fund - Growth Option - Direct Plan,HDFC Mutual Fund
2025-09-01,5905.5718,119092,HDFC Money Market Fund - Growth Option - Direct Plan,HDFC Mutual Fund
2025-09-02,5905.9868,119092,HDFC Money Market Fund - Growth Option - Direct Plan,HDFC Mutual Fund
2025-09-03,5906.7644,119092,HDFC Money Market Fund - Growth Option - Direct Plan,HDFC Mutual Fund
2025-09-04,5907.6123,119092,HDFC Money Market Fund - Growth Option - Direct Plan,HDFC Mutual Fund
2025-09-05,5908.5683,119092,HDFC Money Market Fund - Growth Option - Direct Plan,HDFC Mutual Fund
2025-09-09,5911.3924,119092,HDFC Money Market Fund - Growth Option - Direct Plan,HDFC Mutual Fund
2025-09-10,5912.0041,119092,HDFC Money Market Fund - Growth Option - Direct Plan,HDFC Mutual Fund
2025-09-11,5913.2938,119092,HDFC Money Market Fund - Growth Option - Direct Plan,HDFC Mutual Fund
2025-09-12,5913.8365,119092,HDFC Money Market Fund - Growth Option - Direct Plan,HDFC Mutual Fund
2025-09-15,5916.611,119092,HDFC Money Market Fund - Growth Option - Direct Plan,HDFC Mutual Fund
2025-09-16,5918.118,119092,HDFC Money Market Fund - Growth Option - Direct Plan,HDFC Mutual Fund
2025-09-17,5919.7048,119092,HDFC Money Market Fund - Growth Option - Direct Plan,HDFC Mutual Fund
2025-09-18,5921.2244,119092,HDFC Money Market Fund - Growth Option - Direct Plan,HDFC Mutual Fund
2025-09-19,5922.1357,119092,HDFC Money Market Fund - Growth Option - Direct Plan,HDFC Mutual Fund
2025-09-22,5924.9723,119092,HDFC Money Market Fund - Growth Option - Direct Plan,HDFC Mutual Fund
2025-09-23,5925.9531,119092,HDFC Money Market Fund - Growth Option - Direct Plan,HDFC Mutual Fund
2025-09-24,5926.6741,119092,HDFC Money Market Fund - Growth Option - Direct Plan,HDFC Mutual Fund
2025-09-25,5927.3108,119092,HDFC Money Market Fund - Growth Option - Direct Plan,HDFC Mutual Fund
2025-09-26,5928.0474,119092,HDFC Money Market Fund - Growth Option - Direct Plan,HDFC Mutual Fund
2025-09-30,5933.5373,119092,HDFC Money Market Fund - Growth Option - Direct Plan,HDFC Mutual Fund
2025-10-01,5935.6,119092,HDFC Money Market Fund - Growth Option - Direct Plan,HDFC Mutual Fund
2025-10-03,5938.4748,119092,HDFC Money Market Fund - Growth Option - Direct Plan,HDFC Mutual Fund
2025-10-06,5941.7936,119092,HDFC Money Market Fund - Growth Option - Direct Plan,HDFC Mutual Fund
2025-10-07,5942.4446,119092,HDFC Money Market Fund - Growth Option - Direct Plan,HDFC Mutual Fund
2025-10-08,5943.1699,119092,HDFC Money Market Fund - Growth Option - Direct Plan,HDFC Mutual Fund
2025-10-09,5943.9808,119092,HDFC Money Market Fund - Growth Option - Direct Plan,HDFC Mutual Fund
2025-10-10,5944.8495,119092,HDFC Money Market Fund - Growth Option - Direct Plan,HDFC Mutual Fund
2025-10-13,5947.7955,119092,HDFC Money Market Fund - Growth Option - Direct Plan,HDFC Mutual Fund
2025-10-14,5948.725,119092,HDFC Money Market Fund - Growth Option - Direct Plan,HDFC Mutual Fund
2025-10-15,5949.6158,119092,HDFC Money Market Fund - Growth Option - Direct Plan,HDFC Mutual Fund
2025-10-16,5949.9941,119092,HDFC Money Market Fund - Growth Option - Direct Plan,HDFC Mutual Fund
2025-10-17,5950.679,119092,HDFC Money Market Fund - Growth Option - Direct Plan,HDFC Mutual Fund
2025-10-20,5953.5542,119092,HDFC Money Market Fund - Growth Option - Direct Plan,HDFC Mutual Fund
2025-10-23,5956.2661,119092,HDFC Money Market Fund - Growth Option - Direct Plan,HDFC Mutual Fund
2025-10-24,5957.0133,119092,HDFC Money Market Fund - Growth Option - Direct Plan,HDFC Mutual Fund
2025-10-27,5959.9594,119092,HDFC Money Market Fund - Growth Option - Direct Plan,HDFC Mutual Fund
2025-10-28,5961.2816,119092,HDFC Money Market Fund - Growth Option - Direct Plan,HDFC Mutual Fund
2025-10-29,5962.2436,119092,HDFC Money Market Fund - Growth Option - Direct Plan,HDFC Mutual Fund
2025-10-30,5962.9105,119092,HDFC Money Market Fund - Growth Option - Direct Plan,HDFC Mutual Fund
2025-10-31,5963.9425,119092,HDFC Money Market Fund - Growth Option - Direct Plan,HDFC Mutual Fund
2025-11-03,5966.9646,119092,HDFC Money Market Fund - Growth Option - Direct Plan,HDFC Mutual Fund
2025-11-04,5967.9587,119092,HDFC Money Market Fund - Growth Option - Direct Plan,HDFC Mutual Fund
2025-11-06,5969.9256,119092,HDFC Money Market Fund - Growth Option - Direct Plan,HDFC Mutual Fund
2025-11-07,5971.0247,119092,HDFC Money Market Fund - Growth Option - Direct Plan,HDFC Mutual Fund
2025-11-10,5973.9734,119092,HDFC Money Market Fund - Growth Option - Direct Plan,HDFC Mutual Fund
2025-11-11,5975.0374,119092,HDFC Money Market Fund - Growth Option - Direct Plan,HDFC Mutual Fund
2025-11-12,5976.3688,119092,HDFC Money Market Fund - Growth Option - Direct Plan,HDFC Mutual Fund
2025-11-13,5977.4171,119092,HDFC Money Market Fund - Growth Option - Direct Plan,HDFC Mutual Fund
2025-11-14,5978.3518,119092,HDFC Money Market Fund - Growth Option - Direct Plan,HDFC Mutual Fund
2025-11-17,5981.2066,119092,HDFC Money Market Fund - Growth Option - Direct Plan,HDFC Mutual Fund
2025-11-18,5982.3808,119092,HDFC Money Market Fund - Growth Option - Direct Plan,HDFC Mutual Fund
2025-11-19,5983.4016,119092,HDFC Money Market Fund - Growth Option - Direct Plan,HDFC Mutual Fund
2025-11-20,5984.2663,119092,HDFC Money Market Fund - Growth Option - Direct Plan,HDFC Mutual Fund
2025-11-21,5985.1789,119092,HDFC Money Market Fund - Growth Option - Direct Plan,HDFC Mutual Fund
2025-11-24,5988.0799,119092,HDFC Money Market Fund - Growth Option - Direct Plan,HDFC Mutual Fund
2025-11-25,5989.3488,119092,HDFC Money Market Fund - Growth Option - Direct Plan,HDFC Mutual Fund
2025-11-26,5990.4554,119092,HDFC Money Market Fund - Growth Option - Direct Plan,HDFC Mutual Fund
2025-11-27,5991.5695,119092,HDFC Money Market Fund - Growth Option - Direct Plan,HDFC Mutual Fund
2025-11-28,5992.5375,119092,HDFC Money Market Fund - Growth Option - Direct Plan,HDFC Mutual Fund
2025-12-01,5994.9936,119092,HDFC Money Market Fund - Growth Option - Direct Plan,HDFC Mutual Fund
2025-12-02,5995.7798,119092,HDFC Money Market Fund - Growth Option - Direct Plan,HDFC Mutual Fund
2025-12-03,5996.3511,119092,HDFC Money Market Fund - Growth Option - Direct Plan,HDFC Mutual Fund
2025-12-04,5996.9391,119092,HDFC Money Market Fund - Growth Option - Direct Plan,HDFC Mutual Fund
2025-12-05,5999.0953,119092,HDFC Money Market Fund - Growth Option - Direct Plan,HDFC Mutual Fund
2025-12-08,6002.0388,119092,HDFC Money Market Fund - Growth Option - Direct Plan,HDFC Mutual Fund
2025-12-09,6002.302,119092,HDFC Money Market Fund - Growth Option - Direct Plan,HDFC Mutual Fund
2025-12-10,6002.278,119092,HDFC Money Market Fund - Growth Option - Direct Plan,HDFC Mutual Fund
2025-12-11,6003.0596,119092,HDFC Money Market Fund - Growth Option - Direct Plan,HDFC Mutual Fund
2025-12-12,6004.0068,119092,HDFC Money Market Fund - Growth Option - Direct Plan,HDFC Mutual Fund
2025-12-15,6006.304,119092,HDFC Money Market Fund - Growth Option - Direct Plan,HDFC Mutual Fund
2025-12-16,6007.2035,119092,HDFC Money Market Fund - Growth Option - Direct Plan,HDFC Mutual Fund
2025-12-17,6007.8902,119092,HDFC Money Market Fund - Growth Option - Direct Plan,HDFC Mutual Fund
2025-12-18,6008.9502,119092,HDFC Money Market Fund - Growth Option - Direct Plan,HDFC Mutual Fund
2025-12-19,6009.9347,119092,HDFC Money Market Fund - Growth Option - Direct Plan,HDFC Mutual Fund
2025-12-22,6012.9635,119092,HDFC Money Market Fund - Growth Option - Direct Plan,HDFC Mutual Fund
2025-12-23,6013.8267,119092,HDFC Money Market Fund - Growth Option - Direct Plan,HDFC Mutual Fund
2025-12-24,6015.9944,119092,HDFC Money Market Fund - Growth Option - Direct Plan,HDFC Mutual Fund
2025-12-26,6017.7227,119092,HDFC Money Market Fund - Growth Option - Direct Plan,HDFC Mutual Fund
2025-12-29,6020.5172,119092,HDFC Money Market Fund - Growth Option - Direct Plan,HDFC Mutual Fund
2025-12-30,6020.3988,119092,HDFC Money Market Fund - Growth Option - Direct Plan,HDFC Mutual Fund
2025-12-31,6023.5454,119092,HDFC Money Market Fund - Growth Option - Direct Plan,HDFC Mutual Fund
2026-01-01,6024.7187,119092,HDFC Money Market Fund - Growth Option - Direct Plan,HDFC Mutual Fund
2026-01-02,6025.268,119092,HDFC Money Market Fund - Growth Option - Direct Plan,HDFC Mutual Fund
2026-01-05,6027.6905,119092,HDFC Money Market Fund - Growth Option - Direct Plan,HDFC Mutual Fund
2026-01-06,6028.7271,119092,HDFC Money Market Fund - Growth Option - Direct Plan,HDFC Mutual Fund
2026-01-07,6028.3846,119092,HDFC Money Market Fund - Growth Option - Direct Plan,HDFC Mutual Fund
2026-01-08,6028.086,119092,HDFC Money Market Fund - Growth Option - Direct Plan,HDFC Mutual Fund
2026-01-09,6028.4591,119092,HDFC Money Market Fund - Growth Option - Direct Plan,HDFC Mutual Fund
2026-01-12,6031.2329,119092,HDFC Money Market Fund - Growth Option - Direct Plan,HDFC Mutual Fund
2026-01-13,6030.9953,119092,HDFC Money Market Fund - Growth Option - Direct Plan,HDFC Mutual Fund
2026-01-14,6031.499,119092,HDFC Money Market Fund - Growth Option - Direct Plan,HDFC Mutual Fund
2026-01-16,6031.7639,119092,HDFC Money Market Fund - Growth Option - Direct Plan,HDFC Mutual Fund
2026-01-19,6033.5639,119092,HDFC Money Market Fund - Growth Option - Direct Plan,HDFC Mutual Fund
2026-01-20,6033.4329,119092,HDFC Money Market Fund - Growth Option - Direct Plan,HDFC Mutual Fund
2026-01-21,6034.6246,119092,HDFC Money Market Fund - Growth Option - Direct Plan,HDFC Mutual Fund
2026-01-22,6037.506,119092,HDFC Money Market Fund - Growth Option - Direct Plan,HDFC Mutual Fund
2026-01-23,6037.6453,119092,HDFC Money Market Fund - Growth Option - Direct Plan,HDFC Mutual Fund
2026-01-27,6041.4977,119092,HDFC Money Market Fund - Growth Option - Direct Plan,HDFC Mutual Fund
2026-01-28,6040.7842,119092,HDFC Money Market Fund - Growth Option - Direct Plan,HDFC Mutual Fund
2026-01-29,6041.3173,119092,HDFC Money Market Fund - Growth Option - Direct Plan,HDFC Mutual Fund
2026-01-30,6043.7838,119092,HDFC Money Market Fund - Growth Option - Direct Plan,HDFC Mutual Fund
2026-02-02,6047.2159,119092,HDFC Money Market Fund - Growth Option - Direct Plan,HDFC Mutual Fund
2026-02-03,6050.7733,119092,HDFC Money Market Fund - Growth Option - Direct Plan,HDFC Mutual Fund
2026-02-04,6053.3313,119092,HDFC Money Market Fund - Growth Option - Direct Plan,HDFC Mutual Fund
2026-02-05,6055.7449,119092,HDFC Money Market Fund - Growth Option - Direct Plan,HDFC Mutual Fund
2026-02-06,6054.9686,119092,HDFC Money Market Fund - Growth Option - Direct Plan,HDFC Mutual Fund
2026-02-09,6057.5032,119092,HDFC Money Market Fund - Growth Option - Direct Plan,HDFC Mutual Fund
2026-02-10,6058.8643,119092,HDFC Money Market Fund - Growth Option - Direct Plan,HDFC Mutual Fund
2026-02-11,6061.1204,119092,HDFC Money Market Fund - Growth Option - Direct Plan,HDFC Mutual Fund
2026-02-12,6063.705,119092,HDFC Money Market Fund - Growth Option - Direct Plan,HDFC Mutual Fund
2026-02-13,6066.864,119092,HDFC Money Market Fund - Growth Option - Direct Plan,HDFC Mutual Fund
2026-02-16,6069.3783,119092,HDFC Money Market Fund - Growth Option - Direct Plan,HDFC Mutual Fund
2026-02-17,6069.7063,119092,HDFC Money Market Fund - Growth Option - Direct Plan,HDFC Mutual Fund
2026-02-18,6069.767,119092,HDFC Money Market Fund - Growth Option - Direct Plan,HDFC Mutual Fund
2026-02-20,6071.6571,119092,HDFC Money Market Fund - Growth Option - Direct Plan,HDFC Mutual Fund
2026-02-23,6074.6388,119092,HDFC Money Market Fund - Growth Option - Direct Plan,HDFC Mutual Fund
2026-02-24,6076.1758,119092,HDFC Money Market Fund - Growth Option - Direct Plan,HDFC Mutual Fund
2026-02-25,6077.5886,119092,HDFC Money Market Fund - Growth Option - Direct Plan,HDFC Mutual Fund
2026-02-26,6078.8123,119092,HDFC Money Market Fund - Growth Option - Direct Plan,HDFC Mutual Fund
2026-02-27,6079.9195,119092,HDFC Money Market Fund - Growth Option - Direct Plan,HDFC Mutual Fund
2026-03-02,6081.764,119092,HDFC Money Market Fund - Growth Option - Direct Plan,HDFC Mutual Fund
2026-03-04,6081.0589,119092,HDFC Money Market Fund - Growth Option - Direct Plan,HDFC Mutual Fund
2026-03-05,6082.3927,119092,HDFC Money Market Fund - Growth Option - Direct Plan,HDFC Mutual Fund
2026-03-06,6084.2962,119092,HDFC Money Market Fund - Growth Option - Direct Plan,HDFC Mutual Fund
2026-03-09,6085.2288,119092,HDFC Money Market Fund - Growth Option - Direct Plan,HDFC Mutual Fund
2026-03-10,6086.6516,119092,HDFC Money Market Fund - Growth Option - Direct Plan,HDFC Mutual Fund
2026-03-11,6088.3404,119092,HDFC Money Market Fund - Growth Option - Direct Plan,HDFC Mutual Fund
2026-03-12,6087.112,119092,HDFC Money Market Fund - Growth Option - Direct Plan,HDFC Mutual Fund
2026-03-13,6083.6197,119092,HDFC Money Market Fund - Growth Option - Direct Plan,HDFC Mutual Fund
2026-03-16,6086.3434,119092,HDFC Money Market Fund - Growth Option - Direct Plan,HDFC Mutual Fund
2026-03-17,6089.0993,119092,HDFC Money Market Fund - Growth Option - Direct Plan,HDFC Mutual Fund
2026-03-18,6093.8586,119092,HDFC Money Market Fund - Growth Option - Direct Plan,HDFC Mutual Fund
2026-03-20,6093.5261,119092,HDFC Money Market Fund - Growth Option - Direct Plan,HDFC Mutual Fund
2026-03-23,6090.1601,119092,HDFC Money Market Fund - Growth Option - Direct Plan,HDFC Mutual Fund
2026-03-24,6089.2045,119092,HDFC Money Market Fund - Growth Option - Direct Plan,HDFC Mutual Fund
2026-03-25,6090.541,119092,HDFC Money Market Fund - Growth Option - Direct Plan,HDFC Mutual Fund
2026-03-27,6095.1859,119092,HDFC Money Market Fund - Growth Option - Direct Plan,HDFC Mutual Fund
2026-03-30,6101.3858,119092,HDFC Money Market Fund - Growth Option - Direct Plan,HDFC Mutual Fund
2026-03-31,6102.5131,119092,HDFC Money Market Fund - Growth Option - Direct Plan,HDFC Mutual Fund
2026-04-02,6104.7264,119092,HDFC Money Market Fund - Growth Option - Direct Plan,HDFC Mutual Fund
2026-04-06,6107.3346,119092,HDFC Money Market Fund - Growth Option - Direct Plan,HDFC Mutual Fund
2026-04-07,6110.1834,119092,HDFC Money Market Fund - Growth Option - Direct Plan,HDFC Mutual Fund
2026-04-08,6119.1243,119092,HDFC Money Market Fund - Growth Option - Direct Plan,HDFC Mutual Fund
2026-04-09,6126.1544,119092,HDFC Money Market Fund - Growth Option - Direct Plan,HDFC Mutual Fund
2026-04-10,6129.7674,119092,HDFC Money Market Fund - Growth Option - Direct Plan,HDFC Mutual Fund
2026-04-13,6133.4071,119092,HDFC Money Market Fund - Growth Option - Direct Plan,HDFC Mutual Fund
2026-04-15,6137.6962,119092,HDFC Money Market Fund - Growth Option - Direct Plan,HDFC Mutual Fund
2026-04-16,6139.7004,119092,HDFC Money Market Fund - Growth Option - Direct Plan,HDFC Mutual Fund
2026-04-17,6139.2351,119092,HDFC Money Market Fund - Growth Option - Direct Plan,HDFC Mutual Fund
2026-04-20,6142.2537,119092,HDFC Money Market Fund - Growth Option - Direct Plan,HDFC Mutual Fund
2026-04-21,6142.9601,119092,HDFC Money Market Fund - Growth Option - Direct Plan,HDFC Mutual Fund
2026-04-22,6143.3663,119092,HDFC Money Market Fund - Growth Option - Direct Plan,HDFC Mutual Fund
2026-04-23,6141.9603,119092,HDFC Money Market Fund - Growth Option - Direct Plan,HDFC Mutual Fund
2026-04-24,6142.2018,119092,HDFC Money Market Fund - Growth Option - Direct Plan,HDFC Mutual Fund
2026-04-27,6142.5902,119092,HDFC Money Market Fund - Growth Option - Direct Plan,HDFC Mutual Fund
2026-04-28,6143.001,119092,HDFC Money Market Fund - Growth Option - Direct Plan,HDFC Mutual Fund
2026-04-29,6141.8799,119092,HDFC Money Market Fund - Growth Option - Direct Plan,HDFC Mutual Fund
2026-04-30,6140.1614,119092,HDFC Money Market Fund - Growth Option - Direct Plan,HDFC Mutual Fund
2026-05-04,6145.7049,119092,HDFC Money Market Fund - Growth Option - Direct Plan,HDFC Mutual Fund
2026-05-05,6146.0001,119092,HDFC Money Market Fund - Growth Option - Direct Plan,HDFC Mutual Fund
2026-05-06,6149.0307,119092,HDFC Money Market Fund - Growth Option - Direct Plan,HDFC Mutual Fund
2026-05-07,6149.9098,119092,HDFC Money Market Fund - Growth Option - Direct Plan,HDFC Mutual Fund
2026-05-08,6151.3707,119092,HDFC Money Market Fund - Growth Option - Direct Plan,HDFC Mutual Fund
2026-05-11,6151.8671,119092,HDFC Money Market Fund - Growth Option - Direct Plan,HDFC Mutual Fund
2026-05-12,6150.5076,119092,HDFC Money Market Fund - Growth Option - Direct Plan,HDFC Mutual Fund
2026-05-13,6150.1257,119092,HDFC Money Market Fund - Growth Option - Direct Plan,HDFC Mutual Fund
2026-05-14,6148.9361,119092,HDFC Money Market Fund - Growth Option - Direct Plan,HDFC Mutual Fund
2026-05-15,6148.3016,119092,HDFC Money Market Fund - Growth Option - Direct Plan,HDFC Mutual Fund
2026-05-18,6148.4847,119092,HDFC Money Market Fund - Growth Option - Direct Plan,HDFC Mutual Fund
2026-05-19,6149.7598,119092,HDFC Money Market Fund - Growth Option - Direct Plan,HDFC Mutual Fund
2026-05-20,6147.5856,119092,HDFC Money Market Fund - Growth Option - Direct Plan,HDFC Mutual Fund
2026-05-21,6142.8808,119092,HDFC Money Market Fund - Growth Option - Direct Plan,HDFC Mutual Fund
2026-05-22,6142.638,119092,HDFC Money Market Fund - Growth Option - Direct Plan,HDFC Mutual Fund
2026-05-25,6144.8478,119092,HDFC Money Market Fund - Growth Option - Direct Plan,HDFC Mutual Fund
2026-05-26,6144.0004,119092,HDFC Money Market Fund - Growth Option - Direct Plan,HDFC Mutual Fund
2026-05-27,6146.6118,119092,HDFC Money Market Fund - Growth Option - Direct Plan,HDFC Mutual Fund
2026-05-29,6151.1139,119092,HDFC Money Market Fund - Growth Option - Direct Plan,HDFC Mutual Fund
2026-06-01,6156.7532,119092,HDFC Money Market Fund - Growth Option - Direct Plan,HDFC Mutual Fund
2026-06-02,6158.9665,119092,HDFC Money Market Fund - Growth Option - Direct Plan,HDFC Mutual Fund
2026-06-03,6159.9626,119092,HDFC Money Market Fund - Growth Option - Direct Plan,HDFC Mutual Fund
2026-06-04,6160.9434,119092,HDFC Money Market Fund - Growth Option - Direct Plan,HDFC Mutual Fund
2026-06-05,6168.4755,119092,HDFC Money Market Fund - Growth Option - Direct Plan,HDFC Mutual Fund
2026-06-08,6174.2084,119092,HDFC Money Market Fund - Growth Option - Direct Plan,HDFC Mutual Fund
2026-06-09,6180.6685,119092,HDFC Money Market Fund - Growth Option - Direct Plan,HDFC Mutual Fund
2026-06-10,6181.7967,119092,HDFC Money Market Fund - Growth Option - Direct Plan,HDFC Mutual Fund
2026-06-11,6179.1996,119092,HDFC Money Market Fund - Growth Option - Direct Plan,HDFC Mutual Fund
2026-06-12,6181.8148,119092,HDFC Money Market Fund - Growth Option - Direct Plan,HDFC Mutual Fund
2026-06-15,6187.8223,119092,HDFC Money Market Fund - Growth Option - Direct Plan,HDFC Mutual Fund
2026-06-16,6191.812,119092,HDFC Money Market Fund - Growth Option - Direct Plan,HDFC Mutual Fund
2026-06-17,6193.3504,119092,HDFC Money Market Fund - Growth Option - Direct Plan,HDFC Mutual Fund
2026-06-18,6194.652,119092,HDFC Money Market Fund - Growth Option - Direct Plan,HDFC Mutual Fund
2026-06-19,6195.7815,119092,HDFC Money Market Fund - Growth Option - Direct Plan,HDFC Mutual Fund
2026-06-22,6199.4871,119092,HDFC Money Market Fund - Growth Option - Direct Plan,HDFC Mutual Fund
2026-06-23,6200.8511,119092,HDFC Money Market Fund - Growth Option - Direct Plan,HDFC Mutual Fund
