date,nav,scheme_code,scheme_name,fund_house
2013-01-07,30.6076,120841,quant Mid Cap Fund - Growth Option - Direct Plan,quant Mutual Fund
2013-01-08,30.6239,120841,quant Mid Cap Fund - Growth Option - Direct Plan,quant Mutual Fund
2013-01-09,30.6492,120841,quant Mid Cap Fund - Growth Option - Direct Plan,quant Mutual Fund
2013-01-10,30.6784,120841,quant Mid Cap Fund - Growth Option - Direct Plan,quant Mutual Fund
2013-01-11,30.6305,120841,quant Mid Cap Fund - Growth Option - Direct Plan,quant Mutual Fund
2013-01-14,30.6862,120841,quant Mid Cap Fund - Growth Option - Direct Plan,quant Mutual Fund
2013-01-15,30.6993,120841,quant Mid Cap Fund - Growth Option - Direct Plan,quant Mutual Fund
2013-01-16,30.6804,120841,quant Mid Cap Fund - Growth Option - Direct Plan,quant Mutual Fund
2013-01-17,30.6565,120841,quant Mid Cap Fund - Growth Option - Direct Plan,quant Mutual Fund
2013-01-18,30.658,120841,quant Mid Cap Fund - Growth Option - Direct Plan,quant Mutual Fund
2013-01-21,30.6574,120841,quant Mid Cap Fund - Growth Option - Direct Plan,quant Mutual Fund
2013-01-22,30.6627,120841,quant Mid Cap Fund - Growth Option - Direct Plan,quant Mutual Fund
2013-01-23,30.6688,120841,quant Mid Cap Fund - Growth Option - Direct Plan,quant Mutual Fund
2013-01-24,30.6574,120841,quant Mid Cap Fund - Growth Option - Direct Plan,quant Mutual Fund
2013-01-25,30.6611,120841,quant Mid Cap Fund - Growth Option - Direct Plan,quant Mutual Fund
2013-01-28,30.6878,120841,quant Mid Cap Fund - Growth Option - Direct Plan,quant Mutual Fund
2013-01-29,30.674,120841,quant Mid Cap Fund - Growth Option - Direct Plan,quant Mutual Fund
2013-01-30,30.6441,120841,quant Mid Cap Fund - Growth Option - Direct Plan,quant Mutual Fund
2013-01-31,30.6763,120841,quant Mid Cap Fund - Growth Option - Direct Plan,quant Mutual Fund
2013-02-01,30.7201,120841,quant Mid Cap Fund - Growth Option - Direct Plan,quant Mutual Fund
2013-02-04,30.7231,120841,quant Mid Cap Fund - Growth Option - Direct Plan,quant Mutual Fund
2013-02-05,30.6673,120841,quant Mid Cap Fund - Growth Option - Direct Plan,quant Mutual Fund
2013-02-06,30.7067,120841,quant Mid Cap Fund - Growth Option - Direct Plan,quant Mutual Fund
2013-02-07,30.6882,120841,quant Mid Cap Fund - Growth Option - Direct Plan,quant Mutual Fund
2013-02-08,30.6813,120841,quant Mid Cap Fund - Growth Option - Direct Plan,quant Mutual Fund
2013-02-11,30.5643,120841,quant Mid Cap Fund - Growth Option - Direct Plan,quant Mutual Fund
2013-02-12,30.6846,120841,quant Mid Cap Fund - Growth Option - Direct Plan,quant Mutual Fund
2013-02-13,30.693,120841,quant Mid Cap Fund - Growth Option - Direct Plan,quant Mutual Fund
2013-02-14,30.648,120841,quant Mid Cap Fund - Growth Option - Direct Plan,quant Mutual Fund
2013-02-15,30.6442,120841,quant Mid Cap Fund - Growth Option - Direct Plan,quant Mutual Fund
2013-02-18,30.6588,120841,quant Mid Cap Fund - Growth Option - Direct Plan,quant Mutual Fund
2013-02-19,30.6778,120841,quant Mid Cap Fund - Growth Option - Direct Plan,quant Mutual Fund
2013-02-20,30.7038,120841,quant Mid Cap Fund - Growth Option - Direct Plan,quant Mutual Fund
2013-02-21,30.6841,120841,quant Mid Cap Fund - Growth Option - Direct Plan,quant Mutual Fund
2013-02-22,30.6784,120841,quant Mid Cap Fund - Growth Option - Direct Plan,quant Mutual Fund
2013-02-25,30.8655,120841,quant Mid Cap Fund - Growth Option - Direct Plan,quant Mutual Fund
2013-02-26,30.8517,120841,quant Mid Cap Fund - Growth Option - Direct Plan,quant Mutual Fund
2013-02-27,30.8692,120841,quant Mid Cap Fund - Growth Option - Direct Plan,quant Mutual Fund
2013-02-28,30.8823,120841,quant Mid Cap Fund - Growth Option - Direct Plan,quant Mutual Fund
2013-03-01,30.8771,120841,quant Mid Cap Fund - Growth Option - Direct Plan,quant Mutual Fund
2013-03-04,30.9006,120841,quant Mid Cap Fund - Growth Option - Direct Plan,quant Mutual Fund
2013-03-05,30.9255,120841,quant Mid Cap Fund - Growth Option - Direct Plan,quant Mutual Fund
2013-03-06,30.9339,120841,quant Mid Cap Fund - Growth Option - Direct Plan,quant Mutual Fund
2013-03-07,30.9351,120841,quant Mid Cap Fund - Growth Option - Direct Plan,quant Mutual Fund
2013-03-08,30.9455,120841,quant Mid Cap Fund - Growth Option - Direct Plan,quant Mutual Fund
2013-03-11,30.9535,120841,quant Mid Cap Fund - Growth Option - Direct Plan,quant Mutual Fund
2013-03-12,30.9494,120841,quant Mid Cap Fund - Growth Option - Direct Plan,quant Mutual Fund
2013-03-13,30.9439,120841,quant Mid Cap Fund - Growth Option - Direct Plan,quant Mutual Fund
2013-03-14,30.9591,120841,quant Mid Cap Fund - Growth Option - Direct Plan,quant Mutual Fund
2013-03-15,30.9911,120841,quant Mid Cap Fund - Growth Option - Direct Plan,quant Mutual Fund
2013-03-18,30.9884,120841,quant Mid Cap Fund - Growth Option - Direct Plan,quant Mutual Fund
2013-03-19,30.9834,120841,quant Mid Cap Fund - Growth Option - Direct Plan,quant Mutual Fund
2013-03-20,30.9819,120841,quant Mid Cap Fund - Growth Option - Direct Plan,quant Mutual Fund
2013-03-21,30.9869,120841,quant Mid Cap Fund - Growth Option - Direct Plan,quant Mutual Fund
2013-03-22,30.9812,120841,quant Mid Cap Fund - Growth Option - Direct Plan,quant Mutual Fund
2013-03-25,30.9981,120841,quant Mid Cap Fund - Growth Option - Direct Plan,quant Mutual Fund
2013-03-26,30.9902,120841,quant Mid Cap Fund - Growth Option - Direct Plan,quant Mutual Fund
2013-03-28,31.0136,120841,quant Mid Cap Fund - Growth Option - Direct Plan,quant Mutual Fund
2013-03-29,31.0185,120841,quant Mid Cap Fund - Growth Option - Direct Plan,quant Mutual Fund
2013-04-01,31.055,120841,quant Mid Cap Fund - Growth Option - Direct Plan,quant Mutual Fund
2013-04-02,31.0775,120841,quant Mid Cap Fund - Growth Option - Direct Plan,quant Mutual Fund
2013-04-03,31.0919,120841,quant Mid Cap Fund - Growth Option - Direct Plan,quant Mutual Fund
2013-04-04,31.0996,120841,quant Mid Cap Fund - Growth Option - Direct Plan,quant Mutual Fund
2013-04-05,31.0949,120841,quant Mid Cap Fund - Growth Option - Direct Plan,quant Mutual Fund
2013-04-08,31.1187,120841,quant Mid Cap Fund - Growth Option - Direct Plan,quant Mutual Fund
2013-04-09,31.1389,120841,quant Mid Cap Fund - Growth Option - Direct Plan,quant Mutual Fund
2013-04-10,31.1225,120841,quant Mid Cap Fund - Growth Option - Direct Plan,quant Mutual Fund
2013-04-11,31.1374,120841,quant Mid Cap Fund - Growth Option - Direct Plan,quant Mutual Fund
2013-04-12,31.1464,120841,quant Mid Cap Fund - Growth Option - Direct Plan,quant Mutual Fund
2013-04-15,31.1685,120841,quant Mid Cap Fund - Growth Option - Direct Plan,quant Mutual Fund
2013-04-16,31.1787,120841,quant Mid Cap Fund - Growth Option - Direct Plan,quant Mutual Fund
2013-04-17,31.1958,120841,quant Mid Cap Fund - Growth Option - Direct Plan,quant Mutual Fund
2013-04-18,31.2408,120841,quant Mid Cap Fund - Growth Option - Direct Plan,quant Mutual Fund
2013-04-19,31.2458,120841,quant Mid Cap Fund - Growth Option - Direct Plan,quant Mutual Fund
2013-04-22,31.2718,120841,quant Mid Cap Fund - Growth Option - Direct Plan,quant Mutual Fund
2013-04-23,31.2609,120841,quant Mid Cap Fund - Growth Option - Direct Plan,quant Mutual Fund
2013-04-24,31.2657,120841,quant Mid Cap Fund - Growth Option - Direct Plan,quant Mutual Fund
2013-04-25,31.3033,120841,quant Mid Cap Fund - Growth Option - Direct Plan,quant Mutual Fund
2013-04-26,31.3278,120841,quant Mid Cap Fund - Growth Option - Direct Plan,quant Mutual Fund
2013-04-29,31.3398,120841,quant Mid Cap Fund - Growth Option - Direct Plan,quant Mutual Fund
2013-04-30,31.3503,120841,quant Mid Cap Fund - Growth Option - Direct Plan,quant Mutual Fund
2013-05-02,31.3834,120841,quant Mid Cap Fund - Growth Option - Direct Plan,quant Mutual Fund
2013-05-03,31.3656,120841,quant Mid Cap Fund - Growth Option - Direct Plan,quant Mutual Fund
2013-05-06,31.3995,120841,quant Mid Cap Fund - Growth Option - Direct Plan,quant Mutual Fund
2013-05-07,31.4319,120841,quant Mid Cap Fund - Growth Option - Direct Plan,quant Mutual Fund
2013-05-08,31.4751,120841,quant Mid Cap Fund - Growth Option - Direct Plan,quant Mutual Fund
2013-05-09,31.4968,120841,quant Mid Cap Fund - Growth Option - Direct Plan,quant Mutual Fund
2013-05-10,31.4982,120841,quant Mid Cap Fund - Growth Option - Direct Plan,quant Mutual Fund
2013-05-13,31.4879,120841,quant Mid Cap Fund - Growth Option - Direct Plan,quant Mutual Fund
2013-05-14,31.5705,120841,quant Mid Cap Fund - Growth Option - Direct Plan,quant Mutual Fund
2013-05-15,31.5899,120841,quant Mid Cap Fund - Growth Option - Direct Plan,quant Mutual Fund
2013-05-16,31.5827,120841,quant Mid Cap Fund - Growth Option - Direct Plan,quant Mutual Fund
2013-05-17,31.5851,120841,quant Mid Cap Fund - Growth Option - Direct Plan,quant Mutual Fund
2013-05-20,31.5989,120841,quant Mid Cap Fund - Growth Option - Direct Plan,quant Mutual Fund
2013-05-21,31.5881,120841,quant Mid Cap Fund - Growth Option - Direct Plan,quant Mutual Fund
2013-05-22,31.5981,120841,quant Mid Cap Fund - Growth Option - Direct Plan,quant Mutual Fund
2013-05-23,31.6113,120841,quant Mid Cap Fund - Growth Option - Direct Plan,quant Mutual Fund
2013-05-24,31.6135,120841,quant Mid Cap Fund - Growth Option - Direct Plan,quant Mutual Fund
2013-05-27,31.6336,120841,quant Mid Cap Fund - Growth Option - Direct Plan,quant Mutual Fund
2013-05-28,31.6184,120841,quant Mid Cap Fund - Growth Option - Direct Plan,quant Mutual Fund
2013-05-29,31.6166,120841,quant Mid Cap Fund - Growth Option - Direct Plan,quant Mutual Fund
2013-05-30,31.6382,120841,quant Mid Cap Fund - Growth Option - Direct Plan,quant Mutual Fund
2013-05-31,31.6046,120841,quant Mid Cap Fund - Growth Option - Direct Plan,quant Mutual Fund
2013-06-03,31.5998,120841,quant Mid Cap Fund - Growth Option - Direct Plan,quant Mutual Fund
2013-06-04,31.6364,120841,quant Mid Cap Fund - Growth Option - Direct Plan,quant Mutual Fund
2013-06-05,31.6295,120841,quant Mid Cap Fund - Growth Option - Direct Plan,quant Mutual Fund
2013-06-06,31.6568,120841,quant Mid Cap Fund - Growth Option - Direct Plan,quant Mutual Fund
2013-06-07,31.6497,120841,quant Mid Cap Fund - Growth Option - Direct Plan,quant Mutual Fund
2013-06-10,31.6326,120841,quant Mid Cap Fund - Growth Option - Direct Plan,quant Mutual Fund
2013-06-11,31.5828,120841,quant Mid Cap Fund - Growth Option - Direct Plan,quant Mutual Fund
2013-06-12,31.5693,120841,quant Mid Cap Fund - Growth Option - Direct Plan,quant Mutual Fund
2013-06-13,31.5726,120841,quant Mid Cap Fund - Growth Option - Direct Plan,quant Mutual Fund
2013-06-14,31.5823,120841,quant Mid Cap Fund - Growth Option - Direct Plan,quant Mutual Fund
2013-06-17,31.6026,120841,quant Mid Cap Fund - Growth Option - Direct Plan,quant Mutual Fund
2013-06-18,31.6199,120841,quant Mid Cap Fund - Growth Option - Direct Plan,quant Mutual Fund
2013-06-19,31.6167,120841,quant Mid Cap Fund - Growth Option - Direct Plan,quant Mutual Fund
2013-06-20,30.9819,120841,quant Mid Cap Fund - Growth Option - Direct Plan,quant Mutual Fund
2013-06-21,31.5604,120841,quant Mid Cap Fund - Growth Option - Direct Plan,quant Mutual Fund
2013-06-24,31.5935,120841,quant Mid Cap Fund - Growth Option - Direct Plan,quant Mutual Fund
2013-06-25,31.5983,120841,quant Mid Cap Fund - Growth Option - Direct Plan,quant Mutual Fund
2013-06-26,31.5682,120841,quant Mid Cap Fund - Growth Option - Direct Plan,quant Mutual Fund
2013-06-27,31.551,120841,quant Mid Cap Fund - Growth Option - Direct Plan,quant Mutual Fund
2013-06-28,31.6061,120841,quant Mid Cap Fund - Growth Option - Direct Plan,quant Mutual Fund
2013-07-01,31.6354,120841,quant Mid Cap Fund - Growth Option - Direct Plan,quant Mutual Fund
2013-07-02,31.6447,120841,quant Mid Cap Fund - Growth Option - Direct Plan,quant Mutual Fund
2013-07-03,31.6149,120841,quant Mid Cap Fund - Growth Option - Direct Plan,quant Mutual Fund
2013-07-04,31.7005,120841,quant Mid Cap Fund - Growth Option - Direct Plan,quant Mutual Fund
2013-07-05,31.7308,120841,quant Mid Cap Fund - Growth Option - Direct Plan,quant Mutual Fund
2013-07-08,31.6958,120841,quant Mid Cap Fund - Growth Option - Direct Plan,quant Mutual Fund
2013-07-09,31.7138,120841,quant Mid Cap Fund - Growth Option - Direct Plan,quant Mutual Fund
2013-07-10,31.7128,120841,quant Mid Cap Fund - Growth Option - Direct Plan,quant Mutual Fund
2013-07-11,31.757,120841,quant Mid Cap Fund - Growth Option - Direct Plan,quant Mutual Fund
2013-07-12,31.8051,120841,quant Mid Cap Fund - Growth Option - Direct Plan,quant Mutual Fund
2013-07-15,31.8193,120841,quant Mid Cap Fund - Growth Option - Direct Plan,quant Mutual Fund
2013-07-16,31.5549,120841,quant Mid Cap Fund - Growth Option - Direct Plan,quant Mutual Fund
2013-07-17,31.5346,120841,quant Mid Cap Fund - Growth Option - Direct Plan,quant Mutual Fund
2013-07-18,31.6192,120841,quant Mid Cap Fund - Growth Option - Direct Plan,quant Mutual Fund
2013-07-19,31.6159,120841,quant Mid Cap Fund - Growth Option - Direct Plan,quant Mutual Fund
2013-07-22,31.5924,120841,quant Mid Cap Fund - Growth Option - Direct Plan,quant Mutual Fund
2013-07-23,31.5579,120841,quant Mid Cap Fund - Growth Option - Direct Plan,quant Mutual Fund
2013-07-24,31.3712,120841,quant Mid Cap Fund - Growth Option - Direct Plan,quant Mutual Fund
2013-07-25,31.5939,120841,quant Mid Cap Fund - Growth Option - Direct Plan,quant Mutual Fund
2013-07-26,31.591,120841,quant Mid Cap Fund - Growth Option - Direct Plan,quant Mutual Fund
2013-07-29,31.5584,120841,quant Mid Cap Fund - Growth Option - Direct Plan,quant Mutual Fund
2013-07-30,31.5287,120841,quant Mid Cap Fund - Growth Option - Direct Plan,quant Mutual Fund
2013-07-31,31.463,120841,quant Mid Cap Fund - Growth Option - Direct Plan,quant Mutual Fund
2013-08-01,31.5515,120841,quant Mid Cap Fund - Growth Option - Direct Plan,quant Mutual Fund
2013-08-02,31.5368,120841,quant Mid Cap Fund - Growth Option - Direct Plan,quant Mutual Fund
2013-08-05,31.5483,120841,quant Mid Cap Fund - Growth Option - Direct Plan,quant Mutual Fund
2013-08-06,31.5344,120841,quant Mid Cap Fund - Growth Option - Direct Plan,quant Mutual Fund
2013-08-07,31.5634,120841,quant Mid Cap Fund - Growth Option - Direct Plan,quant Mutual Fund
2013-08-08,31.6269,120841,quant Mid Cap Fund - Growth Option - Direct Plan,quant Mutual Fund
2013-08-12,31.6104,120841,quant Mid Cap Fund - Growth Option - Direct Plan,quant Mutual Fund
2013-08-13,31.6179,120841,quant Mid Cap Fund - Growth Option - Direct Plan,quant Mutual Fund
2013-08-14,31.5721,120841,quant Mid Cap Fund - Growth Option - Direct Plan,quant Mutual Fund
2013-08-16,31.4561,120841,quant Mid Cap Fund - Growth Option - Direct Plan,quant Mutual Fund
2013-08-19,31.2745,120841,quant Mid Cap Fund - Growth Option - Direct Plan,quant Mutual Fund
2013-08-20,31.2916,120841,quant Mid Cap Fund - Growth Option - Direct Plan,quant Mutual Fund
2013-08-21,31.4778,120841,quant Mid Cap Fund - Growth Option - Direct Plan,quant Mutual Fund
2013-08-22,31.477,120841,quant Mid Cap Fund - Growth Option - Direct Plan,quant Mutual Fund
2013-08-23,31.5853,120841,quant Mid Cap Fund - Growth Option - Direct Plan,quant Mutual Fund
2013-08-26,31.5711,120841,quant Mid Cap Fund - Growth Option - Direct Plan,quant Mutual Fund
2013-08-27,31.403,120841,quant Mid Cap Fund - Growth Option - Direct Plan,quant Mutual Fund
2013-08-28,31.3056,120841,quant Mid Cap Fund - Growth Option - Direct Plan,quant Mutual Fund
2013-08-29,31.3412,120841,quant Mid Cap Fund - Growth Option - Direct Plan,quant Mutual Fund
2013-08-30,31.4007,120841,quant Mid Cap Fund - Growth Option - Direct Plan,quant Mutual Fund
2013-09-02,31.5122,120841,quant Mid Cap Fund - Growth Option - Direct Plan,quant Mutual Fund
2013-09-03,31.4503,120841,quant Mid Cap Fund - Growth Option - Direct Plan,quant Mutual Fund
2013-09-04,31.5182,120841,quant Mid Cap Fund - Growth Option - Direct Plan,quant Mutual Fund
2013-09-05,31.6593,120841,quant Mid Cap Fund - Growth Option - Direct Plan,quant Mutual Fund
2013-09-06,31.6505,120841,quant Mid Cap Fund - Growth Option - Direct Plan,quant Mutual Fund
2013-09-10,31.733,120841,quant Mid Cap Fund - Growth Option - Direct Plan,quant Mutual Fund
2013-09-11,31.7662,120841,quant Mid Cap Fund - Growth Option - Direct Plan,quant Mutual Fund
2013-09-12,31.7783,120841,quant Mid Cap Fund - Growth Option - Direct Plan,quant Mutual Fund
2013-09-13,31.8004,120841,quant Mid Cap Fund - Growth Option - Direct Plan,quant Mutual Fund
2013-09-16,31.8692,120841,quant Mid Cap Fund - Growth Option - Direct Plan,quant Mutual Fund
2013-09-17,31.8351,120841,quant Mid Cap Fund - Growth Option - Direct Plan,quant Mutual Fund
2013-09-18,31.8899,120841,quant Mid Cap Fund - Growth Option - Direct Plan,quant Mutual Fund
2013-09-19,32.0075,120841,quant Mid Cap Fund - Growth Option - Direct Plan,quant Mutual Fund
2013-09-20,31.934,120841,quant Mid Cap Fund - Growth Option - Direct Plan,quant Mutual Fund
2013-09-23,31.8585,120841,quant Mid Cap Fund - Growth Option - Direct Plan,quant Mutual Fund
2013-09-24,31.8426,120841,quant Mid Cap Fund - Growth Option - Direct Plan,quant Mutual Fund
2013-09-25,31.8851,120841,quant Mid Cap Fund - Growth Option - Direct Plan,quant Mutual Fund
2013-09-26,31.916,120841,quant Mid Cap Fund - Growth Option - Direct Plan,quant Mutual Fund
2013-09-27,31.9532,120841,quant Mid Cap Fund - Growth Option - Direct Plan,quant Mutual Fund
2013-09-30,31.9301,120841,quant Mid Cap Fund - Growth Option - Direct Plan,quant Mutual Fund
2013-10-01,31.9686,120841,quant Mid Cap Fund - Growth Option - Direct Plan,quant Mutual Fund
2013-10-02,31.974,120841,quant Mid Cap Fund - Growth Option - Direct Plan,quant Mutual Fund
2013-10-03,32.0673,120841,quant Mid Cap Fund - Growth Option - Direct Plan,quant Mutual Fund
2013-10-04,32.0989,120841,quant Mid Cap Fund - Growth Option - Direct Plan,quant Mutual Fund
2013-10-07,32.1285,120841,quant Mid Cap Fund - Growth Option - Direct Plan,quant Mutual Fund
2013-10-08,32.2513,120841,quant Mid Cap Fund - Growth Option - Direct Plan,quant Mutual Fund
2013-10-09,32.3213,120841,quant Mid Cap Fund - Growth Option - Direct Plan,quant Mutual Fund
2013-10-10,32.301,120841,quant Mid Cap Fund - Growth Option - Direct Plan,quant Mutual Fund
2013-10-11,32.3317,120841,quant Mid Cap Fund - Growth Option - Direct Plan,quant Mutual Fund
2013-10-14,32.3093,120841,quant Mid Cap Fund - Growth Option - Direct Plan,quant Mutual Fund
2013-10-15,32.2883,120841,quant Mid Cap Fund - Growth Option - Direct Plan,quant Mutual Fund
2013-10-16,32.2938,120841,quant Mid Cap Fund - Growth Option - Direct Plan,quant Mutual Fund
2013-10-17,32.3189,120841,quant Mid Cap Fund - Growth Option - Direct Plan,quant Mutual Fund
2013-10-18,32.4268,120841,quant Mid Cap Fund - Growth Option - Direct Plan,quant Mutual Fund
2013-10-21,32.4775,120841,quant Mid Cap Fund - Growth Option - Direct Plan,quant Mutual Fund
2013-10-22,32.4872,120841,quant Mid Cap Fund - Growth Option - Direct Plan,quant Mutual Fund
2013-10-23,32.5233,120841,quant Mid Cap Fund - Growth Option - Direct Plan,quant Mutual Fund
2013-10-24,32.5346,120841,quant Mid Cap Fund - Growth Option - Direct Plan,quant Mutual Fund
2013-10-25,32.5173,120841,quant Mid Cap Fund - Growth Option - Direct Plan,quant Mutual Fund
2013-10-28,32.5484,120841,quant Mid Cap Fund - Growth Option - Direct Plan,quant Mutual Fund
2013-10-29,32.6515,120841,quant Mid Cap Fund - Growth Option - Direct Plan,quant Mutual Fund
2013-10-30,32.6125,120841,quant Mid Cap Fund - Growth Option - Direct Plan,quant Mutual Fund
2013-10-31,32.6518,120841,quant Mid Cap Fund - Growth Option - Direct Plan,quant Mutual Fund
2013-11-01,32.6454,120841,quant Mid Cap Fund - Growth Option - Direct Plan,quant Mutual Fund
2013-11-04,32.6618,120841,quant Mid Cap Fund - Growth Option - Direct Plan,quant Mutual Fund
2013-11-05,32.7174,120841,quant Mid Cap Fund - Growth Option - Direct Plan,quant Mutual Fund
2013-11-06,32.6265,120841,quant Mid Cap Fund - Growth Option - Direct Plan,quant Mutual Fund
2013-11-07,32.5983,120841,quant Mid Cap Fund - Growth Option - Direct Plan,quant Mutual Fund
2013-11-08,32.5316,120841,quant Mid Cap Fund - Growth Option - Direct Plan,quant Mutual Fund
2013-11-11,32.4955,120841,quant Mid Cap Fund - Growth Option - Direct Plan,quant Mutual Fund
2013-11-12,32.3947,120841,quant Mid Cap Fund - Growth Option - Direct Plan,quant Mutual Fund
2013-11-13,32.4322,120841,quant Mid Cap Fund - Growth Option - Direct Plan,quant Mutual Fund
2013-11-14,32.4418,120841,quant Mid Cap Fund - Growth Option - Direct Plan,quant Mutual Fund
2013-11-15,32.4474,120841,quant Mid Cap Fund - Growth Option - Direct Plan,quant Mutual Fund
2013-11-18,32.4751,120841,quant Mid Cap Fund - Growth Option - Direct Plan,quant Mutual Fund
2013-11-19,32.5017,120841,quant Mid Cap Fund - Growth Option - Direct Plan,quant Mutual Fund
2013-11-20,32.5391,120841,quant Mid Cap Fund - Growth Option - Direct Plan,quant Mutual Fund
2013-11-21,32.488,120841,quant Mid Cap Fund - Growth Option - Direct Plan,quant Mutual Fund
2013-11-22,32.5096,120841,quant Mid Cap Fund - Growth Option - Direct Plan,quant Mutual Fund
2013-11-25,32.5583,120841,quant Mid Cap Fund - Growth Option - Direct Plan,quant Mutual Fund
2013-11-26,32.5796,120841,quant Mid Cap Fund - Growth Option - Direct Plan,quant Mutual Fund
2013-11-27,32.6643,120841,quant Mid Cap Fund - Growth Option - Direct Plan,quant Mutual Fund
2013-11-28,32.7085,120841,quant Mid Cap Fund - Growth Option - Direct Plan,quant Mutual Fund
2013-11-29,32.7537,120841,quant Mid Cap Fund - Growth Option - Direct Plan,quant Mutual Fund
2013-12-02,32.7932,120841,quant Mid Cap Fund - Growth Option - Direct Plan,quant Mutual Fund
2013-12-03,32.7924,120841,quant Mid Cap Fund - Growth Option - Direct Plan,quant Mutual Fund
2013-12-04,32.7606,120841,quant Mid Cap Fund - Growth Option - Direct Plan,quant Mutual Fund
2013-12-05,32.8103,120841,quant Mid Cap Fund - Growth Option - Direct Plan,quant Mutual Fund
2013-12-06,32.8026,120841,quant Mid Cap Fund - Growth Option - Direct Plan,quant Mutual Fund
2013-12-09,32.8598,120841,quant Mid Cap Fund - Growth Option - Direct Plan,quant Mutual Fund
2013-12-10,32.8561,120841,quant Mid Cap Fund - Growth Option - Direct Plan,quant Mutual Fund
2013-12-11,32.8339,120841,quant Mid Cap Fund - Growth Option - Direct Plan,quant Mutual Fund
2013-12-12,32.8431,120841,quant Mid Cap Fund - Growth Option - Direct Plan,quant Mutual Fund
2013-12-13,32.807,120841,quant Mid Cap Fund - Growth Option - Direct Plan,quant Mutual Fund
2013-12-16,32.8574,120841,quant Mid Cap Fund - Growth Option - Direct Plan,quant Mutual Fund
2013-12-17,32.834,120841,quant Mid Cap Fund - Growth Option - Direct Plan,quant Mutual Fund
2013-12-18,32.9813,120841,quant Mid Cap Fund - Growth Option - Direct Plan,quant Mutual Fund
2013-12-19,33.0031,120841,quant Mid Cap Fund - Growth Option - Direct Plan,quant Mutual Fund
2013-12-20,33.0843,120841,quant Mid Cap Fund - Growth Option - Direct Plan,quant Mutual Fund
2013-12-21,33.09,120841,quant Mid Cap Fund - Growth Option - Direct Plan,quant Mutual Fund
2013-12-23,33.1548,120841,quant Mid Cap Fund - Growth Option - Direct Plan,quant Mutual Fund
2013-12-24,33.1496,120841,quant Mid Cap Fund - Growth Option - Direct Plan,quant Mutual Fund
2013-12-26,33.1844,120841,quant Mid Cap Fund - Growth Option - Direct Plan,quant Mutual Fund
2013-12-27,33.2216,120841,quant Mid Cap Fund - Growth Option - Direct Plan,quant Mutual Fund
2013-12-30,33.2426,120841,quant Mid Cap Fund - Growth Option - Direct Plan,quant Mutual Fund
2013-12-31,33.267,120841,quant Mid Cap Fund - Growth Option - Direct Plan,quant Mutual Fund
2014-01-01,33.2578,120841,quant Mid Cap Fund - Growth Option - Direct Plan,quant Mutual Fund
2014-01-02,33.2215,120841,quant Mid Cap Fund - Growth Option - Direct Plan,quant Mutual Fund
2014-01-03,33.2596,120841,quant Mid Cap Fund - Growth Option - Direct Plan,quant Mutual Fund
2014-01-06,33.1183,120841,quant Mid Cap Fund - Growth Option - Direct Plan,quant Mutual Fund
2014-01-07,33.1179,120841,quant Mid Cap Fund - Growth Option - Direct Plan,quant Mutual Fund
2014-01-08,33.1048,120841,quant Mid Cap Fund - Growth Option - Direct Plan,quant Mutual Fund
2014-01-09,33.1135,120841,quant Mid Cap Fund - Growth Option - Direct Plan,quant Mutual Fund
2014-01-10,33.1133,120841,quant Mid Cap Fund - Growth Option - Direct Plan,quant Mutual Fund
2014-01-13,33.1891,120841,quant Mid Cap Fund - Growth Option - Direct Plan,quant Mutual Fund
2014-01-14,33.185,120841,quant Mid Cap Fund - Growth Option - Direct Plan,quant Mutual Fund
2014-01-15,33.2341,120841,quant Mid Cap Fund - Growth Option - Direct Plan,quant Mutual Fund
2014-01-16,33.2535,120841,quant Mid Cap Fund - Growth Option - Direct Plan,quant Mutual Fund
2014-01-17,33.1938,120841,quant Mid Cap Fund - Growth Option - Direct Plan,quant Mutual Fund
2014-01-20,33.2606,120841,quant Mid Cap Fund - Growth Option - Direct Plan,quant Mutual Fund
2014-01-21,33.2731,120841,quant Mid Cap Fund - Growth Option - Direct Plan,quant Mutual Fund
2014-01-22,33.271,120841,quant Mid Cap Fund - Growth Option - Direct Plan,quant Mutual Fund
2014-01-23,33.2825,120841,quant Mid Cap Fund - Growth Option - Direct Plan,quant Mutual Fund
2014-01-24,33.2323,120841,quant Mid Cap Fund - Growth Option - Direct Plan,quant Mutual Fund
2014-01-27,33.1357,120841,quant Mid Cap Fund - Growth Option - Direct Plan,quant Mutual Fund
2014-01-28,33.0627,120841,quant Mid Cap Fund - Growth Option - Direct Plan,quant Mutual Fund
2014-01-29,33.059,120841,quant Mid Cap Fund - Growth Option - Direct Plan,quant Mutual Fund
2014-01-30,32.9481,120841,quant Mid Cap Fund - Growth Option - Direct Plan,quant Mutual Fund
2014-01-31,33.0176,120841,quant Mid Cap Fund - Growth Option - Direct Plan,quant Mutual Fund
2014-02-03,33.0118,120841,quant Mid Cap Fund - Growth Option - Direct Plan,quant Mutual Fund
2014-02-04,32.9965,120841,quant Mid Cap Fund - Growth Option - Direct Plan,quant Mutual Fund
2014-02-05,33.0271,120841,quant Mid Cap Fund - Growth Option - Direct Plan,quant Mutual Fund
2014-02-06,33.0351,120841,quant Mid Cap Fund - Growth Option - Direct Plan,quant Mutual Fund
2014-02-07,33.0979,120841,quant Mid Cap Fund - Growth Option - Direct Plan,quant Mutual Fund
2014-02-10,33.1096,120841,quant Mid Cap Fund - Growth Option - Direct Plan,quant Mutual Fund
2014-02-11,33.0822,120841,quant Mid Cap Fund - Growth Option - Direct Plan,quant Mutual Fund
2014-02-12,33.0892,120841,quant Mid Cap Fund - Growth Option - Direct Plan,quant Mutual Fund
2014-02-13,33.0386,120841,quant Mid Cap Fund - Growth Option - Direct Plan,quant Mutual Fund
2014-02-14,33.0458,120841,quant Mid Cap Fund - Growth Option - Direct Plan,quant Mutual Fund
2014-02-17,33.1427,120841,quant Mid Cap Fund - Growth Option - Direct Plan,quant Mutual Fund
2014-02-18,33.2698,120841,quant Mid Cap Fund - Growth Option - Direct Plan,quant Mutual Fund
2014-02-19,33.2091,120841,quant Mid Cap Fund - Growth Option - Direct Plan,quant Mutual Fund
2014-02-20,33.2042,120841,quant Mid Cap Fund - Growth Option - Direct Plan,quant Mutual Fund
2014-02-21,33.2961,120841,quant Mid Cap Fund - Growth Option - Direct Plan,quant Mutual Fund
2014-02-24,33.4027,120841,quant Mid Cap Fund - Growth Option - Direct Plan,quant Mutual Fund
2014-02-25,33.443,120841,quant Mid Cap Fund - Growth Option - Direct Plan,quant Mutual Fund
2014-02-26,33.5375,120841,quant Mid Cap Fund - Growth Option - Direct Plan,quant Mutual Fund
2014-02-28,33.4958,120841,quant Mid Cap Fund - Growth Option - Direct Plan,quant Mutual Fund
2014-03-03,33.4822,120841,quant Mid Cap Fund - Growth Option - Direct Plan,quant Mutual Fund
2014-03-04,33.6518,120841,quant Mid Cap Fund - Growth Option - Direct Plan,quant Mutual Fund
2014-03-05,33.72,120841,quant Mid Cap Fund - Growth Option - Direct Plan,quant Mutual Fund
2014-03-06,33.822,120841,quant Mid Cap Fund - Growth Option - Direct Plan,quant Mutual Fund
2014-03-07,33.8733,120841,quant Mid Cap Fund - Growth Option - Direct Plan,quant Mutual Fund
2014-03-10,33.8479,120841,quant Mid Cap Fund - Growth Option - Direct Plan,quant Mutual Fund
2014-03-11,33.9443,120841,quant Mid Cap Fund - Growth Option - Direct Plan,quant Mutual Fund
2014-03-12,33.918,120841,quant Mid Cap Fund - Growth Option - Direct Plan,quant Mutual Fund
2014-03-13,33.8708,120841,quant Mid Cap Fund - Growth Option - Direct Plan,quant Mutual Fund
2014-03-14,33.8191,120841,quant Mid Cap Fund - Growth Option - Direct Plan,quant Mutual Fund
2014-03-18,33.8637,120841,quant Mid Cap Fund - Growth Option - Direct Plan,quant Mutual Fund
2014-03-19,33.908,120841,quant Mid Cap Fund - Growth Option - Direct Plan,quant Mutual Fund
2014-03-20,33.9027,120841,quant Mid Cap Fund - Growth Option - Direct Plan,quant Mutual Fund
2014-03-21,33.9409,120841,quant Mid Cap Fund - Growth Option - Direct Plan,quant Mutual Fund
2014-03-24,34.0039,120841,quant Mid Cap Fund - Growth Option - Direct Plan,quant Mutual Fund
2014-03-25,33.9937,120841,quant Mid Cap Fund - Growth Option - Direct Plan,quant Mutual Fund
2014-03-26,33.998,120841,quant Mid Cap Fund - Growth Option - Direct Plan,quant Mutual Fund
2014-03-27,34.1115,120841,quant Mid Cap Fund - Growth Option - Direct Plan,quant Mutual Fund
2014-03-28,34.2524,120841,quant Mid Cap Fund - Growth Option - Direct Plan,quant Mutual Fund
2014-03-31,34.3716,120841,quant Mid Cap Fund - Growth Option - Direct Plan,quant Mutual Fund
2014-04-01,34.4386,120841,quant Mid Cap Fund - Growth Option - Direct Plan,quant Mutual Fund
2014-04-02,34.4663,120841,quant Mid Cap Fund - Growth Option - Direct Plan,quant Mutual Fund
2014-04-03,34.4587,120841,quant Mid Cap Fund - Growth Option - Direct Plan,quant Mutual Fund
2014-04-04,34.5208,120841,quant Mid Cap Fund - Growth Option - Direct Plan,quant Mutual Fund
2014-04-07,34.5081,120841,quant Mid Cap Fund - Growth Option - Direct Plan,quant Mutual Fund
2014-04-09,34.6294,120841,quant Mid Cap Fund - Growth Option - Direct Plan,quant Mutual Fund
2014-04-10,34.6955,120841,quant Mid Cap Fund - Growth Option - Direct Plan,quant Mutual Fund
2014-04-11,34.8263,120841,quant Mid Cap Fund - Growth Option - Direct Plan,quant Mutual Fund
2014-04-15,34.8415,120841,quant Mid Cap Fund - Growth Option - Direct Plan,quant Mutual Fund
2014-04-16,34.8088,120841,quant Mid Cap Fund - Growth Option - Direct Plan,quant Mutual Fund
2014-04-17,35.0202,120841,quant Mid Cap Fund - Growth Option - Direct Plan,quant Mutual Fund
2014-04-21,35.2201,120841,quant Mid Cap Fund - Growth Option - Direct Plan,quant Mutual Fund
2014-04-22,35.2249,120841,quant Mid Cap Fund - Growth Option - Direct Plan,quant Mutual Fund
2014-04-23,35.277,120841,quant Mid Cap Fund - Growth Option - Direct Plan,quant Mutual Fund
2014-04-25,35.3158,120841,quant Mid Cap Fund - Growth Option - Direct Plan,quant Mutual Fund
2014-04-28,35.4212,120841,quant Mid Cap Fund - Growth Option - Direct Plan,quant Mutual Fund
2014-04-29,35.3096,120841,quant Mid Cap Fund - Growth Option - Direct Plan,quant Mutual Fund
2014-04-30,35.1457,120841,quant Mid Cap Fund - Growth Option - Direct Plan,quant Mutual Fund
2014-05-02,35.0865,120841,quant Mid Cap Fund - Growth Option - Direct Plan,quant Mutual Fund
2014-05-05,35.0838,120841,quant Mid Cap Fund - Growth Option - Direct Plan,quant Mutual Fund
2014-05-06,35.0292,120841,quant Mid Cap Fund - Growth Option - Direct Plan,quant Mutual Fund
2014-05-07,34.9808,120841,quant Mid Cap Fund - Growth Option - Direct Plan,quant Mutual Fund
2014-05-08,34.9568,120841,quant Mid Cap Fund - Growth Option - Direct Plan,quant Mutual Fund
2014-05-09,35.1143,120841,quant Mid Cap Fund - Growth Option - Direct Plan,quant Mutual Fund
2014-05-12,35.0663,120841,quant Mid Cap Fund - Growth Option - Direct Plan,quant Mutual Fund
2014-05-13,35.1825,120841,quant Mid Cap Fund - Growth Option - Direct Plan,quant Mutual Fund
2014-05-15,35.1011,120841,quant Mid Cap Fund - Growth Option - Direct Plan,quant Mutual Fund
2014-05-16,35.2264,120841,quant Mid Cap Fund - Growth Option - Direct Plan,quant Mutual Fund
2014-05-19,35.3626,120841,quant Mid Cap Fund - Growth Option - Direct Plan,quant Mutual Fund
2014-05-20,35.5816,120841,quant Mid Cap Fund - Growth Option - Direct Plan,quant Mutual Fund
2014-05-21,35.7331,120841,quant Mid Cap Fund - Growth Option - Direct Plan,quant Mutual Fund
2014-05-22,35.9131,120841,quant Mid Cap Fund - Growth Option - Direct Plan,quant Mutual Fund
2014-05-23,35.962,120841,quant Mid Cap Fund - Growth Option - Direct Plan,quant Mutual Fund
2014-05-26,35.7583,120841,quant Mid Cap Fund - Growth Option - Direct Plan,quant Mutual Fund
2014-05-27,35.6921,120841,quant Mid Cap Fund - Growth Option - Direct Plan,quant Mutual Fund
2014-05-28,35.8232,120841,quant Mid Cap Fund - Growth Option - Direct Plan,quant Mutual Fund
2014-05-29,35.7832,120841,quant Mid Cap Fund - Growth Option - Direct Plan,quant Mutual Fund
2014-05-30,35.808,120841,quant Mid Cap Fund - Growth Option - Direct Plan,quant Mutual Fund
2014-06-02,36.0403,120841,quant Mid Cap Fund - Growth Option - Direct Plan,quant Mutual Fund
2014-06-03,36.1302,120841,quant Mid Cap Fund - Growth Option - Direct Plan,quant Mutual Fund
2014-06-04,36.2579,120841,quant Mid Cap Fund - Growth Option - Direct Plan,quant Mutual Fund
2014-06-05,36.399,120841,quant Mid Cap Fund - Growth Option - Direct Plan,quant Mutual Fund
2014-06-06,36.5904,120841,quant Mid Cap Fund - Growth Option - Direct Plan,quant Mutual Fund
2014-06-09,36.8518,120841,quant Mid Cap Fund - Growth Option - Direct Plan,quant Mutual Fund
2014-06-10,36.9468,120841,quant Mid Cap Fund - Growth Option - Direct Plan,quant Mutual Fund
2014-06-11,36.8234,120841,quant Mid Cap Fund - Growth Option - Direct Plan,quant Mutual Fund
2014-06-12,36.7601,120841,quant Mid Cap Fund - Growth Option - Direct Plan,quant Mutual Fund
2014-06-13,36.4924,120841,quant Mid Cap Fund - Growth Option - Direct Plan,quant Mutual Fund
2014-06-16,36.5217,120841,quant Mid Cap Fund - Growth Option - Direct Plan,quant Mutual Fund
2014-06-17,36.621,120841,quant Mid Cap Fund - Growth Option - Direct Plan,quant Mutual Fund
2014-06-18,36.65,120841,quant Mid Cap Fund - Growth Option - Direct Plan,quant Mutual Fund
2014-06-19,36.5263,120841,quant Mid Cap Fund - Growth Option - Direct Plan,quant Mutual Fund
2014-06-20,36.557,120841,quant Mid Cap Fund - Growth Option - Direct Plan,quant Mutual Fund
2014-06-23,36.4175,120841,quant Mid Cap Fund - Growth Option - Direct Plan,quant Mutual Fund
2014-06-24,36.5613,120841,quant Mid Cap Fund - Growth Option - Direct Plan,quant Mutual Fund
2014-06-25,36.6885,120841,quant Mid Cap Fund - Growth Option - Direct Plan,quant Mutual Fund
2014-06-26,36.6332,120841,quant Mid Cap Fund - Growth Option - Direct Plan,quant Mutual Fund
2014-06-27,36.7123,120841,quant Mid Cap Fund - Growth Option - Direct Plan,quant Mutual Fund
2014-06-30,36.9414,120841,quant Mid Cap Fund - Growth Option - Direct Plan,quant Mutual Fund
2014-07-01,36.9762,120841,quant Mid Cap Fund - Growth Option - Direct Plan,quant Mutual Fund
2014-07-02,37.4514,120841,quant Mid Cap Fund - Growth Option - Direct Plan,quant Mutual Fund
2014-07-03,37.3962,120841,quant Mid Cap Fund - Growth Option - Direct Plan,quant Mutual Fund
2014-07-04,37.496,120841,quant Mid Cap Fund - Growth Option - Direct Plan,quant Mutual Fund
2014-07-07,37.5056,120841,quant Mid Cap Fund - Growth Option - Direct Plan,quant Mutual Fund
2014-07-08,37.1313,120841,quant Mid Cap Fund - Growth Option - Direct Plan,quant Mutual Fund
2014-07-09,36.9564,120841,quant Mid Cap Fund - Growth Option - Direct Plan,quant Mutual Fund
2014-07-10,37.0771,120841,quant Mid Cap Fund - Growth Option - Direct Plan,quant Mutual Fund
2014-07-11,36.7241,120841,quant Mid Cap Fund - Growth Option - Direct Plan,quant Mutual Fund
2014-07-14,36.7263,120841,quant Mid Cap Fund - Growth Option - Direct Plan,quant Mutual Fund
2014-07-15,37.0449,120841,quant Mid Cap Fund - Growth Option - Direct Plan,quant Mutual Fund
2014-07-16,37.5456,120841,quant Mid Cap Fund - Growth Option - Direct Plan,quant Mutual Fund
2014-07-17,37.6555,120841,quant Mid Cap Fund - Growth Option - Direct Plan,quant Mutual Fund
2014-07-18,37.6211,120841,quant Mid Cap Fund - Growth Option - Direct Plan,quant Mutual Fund
2014-07-21,37.6895,120841,quant Mid Cap Fund - Growth Option - Direct Plan,quant Mutual Fund
2014-07-22,37.6725,120841,quant Mid Cap Fund - Growth Option - Direct Plan,quant Mutual Fund
2014-07-23,37.5776,120841,quant Mid Cap Fund - Growth Option - Direct Plan,quant Mutual Fund
2014-07-24,37.3938,120841,quant Mid Cap Fund - Growth Option - Direct Plan,quant Mutual Fund
2014-07-25,37.3283,120841,quant Mid Cap Fund - Growth Option - Direct Plan,quant Mutual Fund
2014-07-28,37.2808,120841,quant Mid Cap Fund - Growth Option - Direct Plan,quant Mutual Fund
2014-07-30,37.4191,120841,quant Mid Cap Fund - Growth Option - Direct Plan,quant Mutual Fund
2014-07-31,37.2912,120841,quant Mid Cap Fund - Growth Option - Direct Plan,quant Mutual Fund
2014-08-01,37.3011,120841,quant Mid Cap Fund - Growth Option - Direct Plan,quant Mutual Fund
2014-08-04,37.4721,120841,quant Mid Cap Fund - Growth Option - Direct Plan,quant Mutual Fund
2014-08-05,37.4906,120841,quant Mid Cap Fund - Growth Option - Direct Plan,quant Mutual Fund
2014-08-06,37.3793,120841,quant Mid Cap Fund - Growth Option - Direct Plan,quant Mutual Fund
2014-08-07,37.3269,120841,quant Mid Cap Fund - Growth Option - Direct Plan,quant Mutual Fund
2014-08-08,37.2728,120841,quant Mid Cap Fund - Growth Option - Direct Plan,quant Mutual Fund
2014-08-11,37.2669,120841,quant Mid Cap Fund - Growth Option - Direct Plan,quant Mutual Fund
2014-08-12,37.3673,120841,quant Mid Cap Fund - Growth Option - Direct Plan,quant Mutual Fund
2014-08-13,37.2429,120841,quant Mid Cap Fund - Growth Option - Direct Plan,quant Mutual Fund
2014-08-14,37.4988,120841,quant Mid Cap Fund - Growth Option - Direct Plan,quant Mutual Fund
2014-08-18,37.7987,120841,quant Mid Cap Fund - Growth Option - Direct Plan,quant Mutual Fund
2014-08-19,37.8322,120841,quant Mid Cap Fund - Growth Option - Direct Plan,quant Mutual Fund
2014-08-20,37.9221,120841,quant Mid Cap Fund - Growth Option - Direct Plan,quant Mutual Fund
2014-08-21,37.9101,120841,quant Mid Cap Fund - Growth Option - Direct Plan,quant Mutual Fund
2014-08-22,38.229,120841,quant Mid Cap Fund - Growth Option - Direct Plan,quant Mutual Fund
2014-08-25,38.5089,120841,quant Mid Cap Fund - Growth Option - Direct Plan,quant Mutual Fund
2014-08-26,38.5566,120841,quant Mid Cap Fund - Growth Option - Direct Plan,quant Mutual Fund
2014-08-27,38.7438,120841,quant Mid Cap Fund - Growth Option - Direct Plan,quant Mutual Fund
2014-08-28,38.6759,120841,quant Mid Cap Fund - Growth Option - Direct Plan,quant Mutual Fund
2014-09-01,38.822,120841,quant Mid Cap Fund - Growth Option - Direct Plan,quant Mutual Fund
2014-09-02,38.8758,120841,quant Mid Cap Fund - Growth Option - Direct Plan,quant Mutual Fund
2014-09-03,39.1931,120841,quant Mid Cap Fund - Growth Option - Direct Plan,quant Mutual Fund
2014-09-04,39.3929,120841,quant Mid Cap Fund - Growth Option - Direct Plan,quant Mutual Fund
2014-09-05,39.4447,120841,quant Mid Cap Fund - Growth Option - Direct Plan,quant Mutual Fund
2014-09-08,39.8876,120841,quant Mid Cap Fund - Growth Option - Direct Plan,quant Mutual Fund
2014-09-09,39.9404,120841,quant Mid Cap Fund - Growth Option - Direct Plan,quant Mutual Fund
2014-09-10,40.079,120841,quant Mid Cap Fund - Growth Option - Direct Plan,quant Mutual Fund
2014-09-11,40.0504,120841,quant Mid Cap Fund - Growth Option - Direct Plan,quant Mutual Fund
2014-09-12,39.9154,120841,quant Mid Cap Fund - Growth Option - Direct Plan,quant Mutual Fund
2014-09-15,40.1784,120841,quant Mid Cap Fund - Growth Option - Direct Plan,quant Mutual Fund
2014-09-16,39.6792,120841,quant Mid Cap Fund - Growth Option - Direct Plan,quant Mutual Fund
2014-09-17,39.6167,120841,quant Mid Cap Fund - Growth Option - Direct Plan,quant Mutual Fund
2014-09-18,40.055,120841,quant Mid Cap Fund - Growth Option - Direct Plan,quant Mutual Fund
2014-09-19,40.1908,120841,quant Mid Cap Fund - Growth Option - Direct Plan,quant Mutual Fund
2014-09-22,40.2295,120841,quant Mid Cap Fund - Growth Option - Direct Plan,quant Mutual Fund
2014-09-23,39.8477,120841,quant Mid Cap Fund - Growth Option - Direct Plan,quant Mutual Fund
2014-09-24,39.9335,120841,quant Mid Cap Fund - Growth Option - Direct Plan,quant Mutual Fund
2014-09-25,39.7424,120841,quant Mid Cap Fund - Growth Option - Direct Plan,quant Mutual Fund
2014-09-26,39.662,120841,quant Mid Cap Fund - Growth Option - Direct Plan,quant Mutual Fund
2014-09-29,39.8013,120841,quant Mid Cap Fund - Growth Option - Direct Plan,quant Mutual Fund
2014-09-30,39.8683,120841,quant Mid Cap Fund - Growth Option - Direct Plan,quant Mutual Fund
2014-10-01,40.0008,120841,quant Mid Cap Fund - Growth Option - Direct Plan,quant Mutual Fund
2014-10-07,39.993,120841,quant Mid Cap Fund - Growth Option - Direct Plan,quant Mutual Fund
2014-10-08,39.8984,120841,quant Mid Cap Fund - Growth Option - Direct Plan,quant Mutual Fund
2014-10-09,40.0505,120841,quant Mid Cap Fund - Growth Option - Direct Plan,quant Mutual Fund
2014-10-10,39.8034,120841,quant Mid Cap Fund - Growth Option - Direct Plan,quant Mutual Fund
2014-10-13,39.8658,120841,quant Mid Cap Fund - Growth Option - Direct Plan,quant Mutual Fund
2014-10-14,40.0185,120841,quant Mid Cap Fund - Growth Option - Direct Plan,quant Mutual Fund
2014-10-16,39.8599,120841,quant Mid Cap Fund - Growth Option - Direct Plan,quant Mutual Fund
2014-10-17,39.82,120841,quant Mid Cap Fund - Growth Option - Direct Plan,quant Mutual Fund
2014-10-20,40.0595,120841,quant Mid Cap Fund - Growth Option - Direct Plan,quant Mutual Fund
2014-10-21,40.2162,120841,quant Mid Cap Fund - Growth Option - Direct Plan,quant Mutual Fund
2014-10-22,40.243,120841,quant Mid Cap Fund - Growth Option - Direct Plan,quant Mutual Fund
2014-10-27,40.3569,120841,quant Mid Cap Fund - Growth Option - Direct Plan,quant Mutual Fund
2014-10-28,40.5753,120841,quant Mid Cap Fund - Growth Option - Direct Plan,quant Mutual Fund
2014-10-29,40.7219,120841,quant Mid Cap Fund - Growth Option - Direct Plan,quant Mutual Fund
2014-10-30,40.6577,120841,quant Mid Cap Fund - Growth Option - Direct Plan,quant Mutual Fund
2014-10-31,40.8608,120841,quant Mid Cap Fund - Growth Option - Direct Plan,quant Mutual Fund
2014-11-03,40.8047,120841,quant Mid Cap Fund - Growth Option - Direct Plan,quant Mutual Fund
2014-11-05,41.1598,120841,quant Mid Cap Fund - Growth Option - Direct Plan,quant Mutual Fund
2014-11-07,41.2118,120841,quant Mid Cap Fund - Growth Option - Direct Plan,quant Mutual Fund
2014-11-10,41.189,120841,quant Mid Cap Fund - Growth Option - Direct Plan,quant Mutual Fund
2014-11-11,41.2873,120841,quant Mid Cap Fund - Growth Option - Direct Plan,quant Mutual Fund
2014-11-12,41.5689,120841,quant Mid Cap Fund - Growth Option - Direct Plan,quant Mutual Fund
2014-11-13,41.4428,120841,quant Mid Cap Fund - Growth Option - Direct Plan,quant Mutual Fund
2014-11-14,41.4928,120841,quant Mid Cap Fund - Growth Option - Direct Plan,quant Mutual Fund
2014-11-17,41.5882,120841,quant Mid Cap Fund - Growth Option - Direct Plan,quant Mutual Fund
2014-11-18,41.6985,120841,quant Mid Cap Fund - Growth Option - Direct Plan,quant Mutual Fund
2014-11-19,41.5746,120841,quant Mid Cap Fund - Growth Option - Direct Plan,quant Mutual Fund
2014-11-20,41.6964,120841,quant Mid Cap Fund - Growth Option - Direct Plan,quant Mutual Fund
2014-11-21,41.6807,120841,quant Mid Cap Fund - Growth Option - Direct Plan,quant Mutual Fund
2014-11-24,41.7115,120841,quant Mid Cap Fund - Growth Option - Direct Plan,quant Mutual Fund
2014-11-25,41.4122,120841,quant Mid Cap Fund - Growth Option - Direct Plan,quant Mutual Fund
2014-11-26,41.4171,120841,quant Mid Cap Fund - Growth Option - Direct Plan,quant Mutual Fund
2014-11-27,41.458,120841,quant Mid Cap Fund - Growth Option - Direct Plan,quant Mutual Fund
2014-11-28,41.5949,120841,quant Mid Cap Fund - Growth Option - Direct Plan,quant Mutual Fund
2014-12-01,41.6301,120841,quant Mid Cap Fund - Growth Option - Direct Plan,quant Mutual Fund
2014-12-02,42.0164,120841,quant Mid Cap Fund - Growth Option - Direct Plan,quant Mutual Fund
2014-12-03,42.1938,120841,quant Mid Cap Fund - Growth Option - Direct Plan,quant Mutual Fund
2014-12-04,42.8363,120841,quant Mid Cap Fund - Growth Option - Direct Plan,quant Mutual Fund
2014-12-05,43.1095,120841,quant Mid Cap Fund - Growth Option - Direct Plan,quant Mutual Fund
2014-12-08,43.158,120841,quant Mid Cap Fund - Growth Option - Direct Plan,quant Mutual Fund
2014-12-09,42.8366,120841,quant Mid Cap Fund - Growth Option - Direct Plan,quant Mutual Fund
2014-12-10,42.7592,120841,quant Mid Cap Fund - Growth Option - Direct Plan,quant Mutual Fund
2014-12-11,42.5564,120841,quant Mid Cap Fund - Growth Option - Direct Plan,quant Mutual Fund
2014-12-12,42.3191,120841,quant Mid Cap Fund - Growth Option - Direct Plan,quant Mutual Fund
2014-12-15,42.1695,120841,quant Mid Cap Fund - Growth Option - Direct Plan,quant Mutual Fund
2014-12-16,41.7876,120841,quant Mid Cap Fund - Growth Option - Direct Plan,quant Mutual Fund
2014-12-17,41.5318,120841,quant Mid Cap Fund - Growth Option - Direct Plan,quant Mutual Fund
2014-12-18,41.9608,120841,quant Mid Cap Fund - Growth Option - Direct Plan,quant Mutual Fund
2014-12-19,42.0515,120841,quant Mid Cap Fund - Growth Option - Direct Plan,quant Mutual Fund
2014-12-22,42.2996,120841,quant Mid Cap Fund - Growth Option - Direct Plan,quant Mutual Fund
2014-12-23,42.038,120841,quant Mid Cap Fund - Growth Option - Direct Plan,quant Mutual Fund
2014-12-24,42.0098,120841,quant Mid Cap Fund - Growth Option - Direct Plan,quant Mutual Fund
2014-12-26,42.0191,120841,quant Mid Cap Fund - Growth Option - Direct Plan,quant Mutual Fund
2014-12-29,42.102,120841,quant Mid Cap Fund - Growth Option - Direct Plan,quant Mutual Fund
2014-12-30,42.1408,120841,quant Mid Cap Fund - Growth Option - Direct Plan,quant Mutual Fund
2014-12-31,42.2877,120841,quant Mid Cap Fund - Growth Option - Direct Plan,quant Mutual Fund
2015-01-01,42.4985,120841,quant Mid Cap Fund - Growth Option - Direct Plan,quant Mutual Fund
2015-01-02,42.5325,120841,quant Mid Cap Fund - Growth Option - Direct Plan,quant Mutual Fund
2015-01-05,42.5467,120841,quant Mid Cap Fund - Growth Option - Direct Plan,quant Mutual Fund
2015-01-06,41.9532,120841,quant Mid Cap Fund - Growth Option - Direct Plan,quant Mutual Fund
2015-01-07,41.8746,120841,quant Mid Cap Fund - Growth Option - Direct Plan,quant Mutual Fund
2015-01-08,42.1954,120841,quant Mid Cap Fund - Growth Option - Direct Plan,quant Mutual Fund
2015-01-09,42.3017,120841,quant Mid Cap Fund - Growth Option - Direct Plan,quant Mutual Fund
2015-01-12,42.7468,120841,quant Mid Cap Fund - Growth Option - Direct Plan,quant Mutual Fund
2015-01-13,43.0722,120841,quant Mid Cap Fund - Growth Option - Direct Plan,quant Mutual Fund
2015-01-14,43.0518,120841,quant Mid Cap Fund - Growth Option - Direct Plan,quant Mutual Fund
2015-01-15,43.3244,120841,quant Mid Cap Fund - Growth Option - Direct Plan,quant Mutual Fund
2015-01-16,43.3962,120841,quant Mid Cap Fund - Growth Option - Direct Plan,quant Mutual Fund
2015-01-19,43.3996,120841,quant Mid Cap Fund - Growth Option - Direct Plan,quant Mutual Fund
2015-01-20,43.2958,120841,quant Mid Cap Fund - Growth Option - Direct Plan,quant Mutual Fund
2015-01-21,43.5297,120841,quant Mid Cap Fund - Growth Option - Direct Plan,quant Mutual Fund
2015-01-22,43.336,120841,quant Mid Cap Fund - Growth Option - Direct Plan,quant Mutual Fund
2015-01-23,43.3195,120841,quant Mid Cap Fund - Growth Option - Direct Plan,quant Mutual Fund
2015-01-27,43.5299,120841,quant Mid Cap Fund - Growth Option - Direct Plan,quant Mutual Fund
2015-01-28,43.3233,120841,quant Mid Cap Fund - Growth Option - Direct Plan,quant Mutual Fund
2015-01-29,43.6312,120841,quant Mid Cap Fund - Growth Option - Direct Plan,quant Mutual Fund
2015-01-30,43.3838,120841,quant Mid Cap Fund - Growth Option - Direct Plan,quant Mutual Fund
2015-02-02,43.8334,120841,quant Mid Cap Fund - Growth Option - Direct Plan,quant Mutual Fund
2015-02-03,43.6408,120841,quant Mid Cap Fund - Growth Option - Direct Plan,quant Mutual Fund
2015-02-04,43.3804,120841,quant Mid Cap Fund - Growth Option - Direct Plan,quant Mutual Fund
2015-02-05,43.1618,120841,quant Mid Cap Fund - Growth Option - Direct Plan,quant Mutual Fund
2015-02-06,42.9024,120841,quant Mid Cap Fund - Growth Option - Direct Plan,quant Mutual Fund
2015-02-09,42.6551,120841,quant Mid Cap Fund - Growth Option - Direct Plan,quant Mutual Fund
2015-02-10,42.7744,120841,quant Mid Cap Fund - Growth Option - Direct Plan,quant Mutual Fund
2015-02-11,43.0751,120841,quant Mid Cap Fund - Growth Option - Direct Plan,quant Mutual Fund
2015-02-12,43.3558,120841,quant Mid Cap Fund - Growth Option - Direct Plan,quant Mutual Fund
2015-02-13,43.5809,120841,quant Mid Cap Fund - Growth Option - Direct Plan,quant Mutual Fund
2015-02-16,43.6674,120841,quant Mid Cap Fund - Growth Option - Direct Plan,quant Mutual Fund
2015-02-18,43.8536,120841,quant Mid Cap Fund - Growth Option - Direct Plan,quant Mutual Fund
2015-02-19,43.954,120841,quant Mid Cap Fund - Growth Option - Direct Plan,quant Mutual Fund
2015-02-20,44.1967,120841,quant Mid Cap Fund - Growth Option - Direct Plan,quant Mutual Fund
2015-02-23,44.2119,120841,quant Mid Cap Fund - Growth Option - Direct Plan,quant Mutual Fund
2015-02-24,44.3655,120841,quant Mid Cap Fund - Growth Option - Direct Plan,quant Mutual Fund
2015-02-25,44.5169,120841,quant Mid Cap Fund - Growth Option - Direct Plan,quant Mutual Fund
2015-02-26,44.2141,120841,quant Mid Cap Fund - Growth Option - Direct Plan,quant Mutual Fund
2015-02-27,44.5852,120841,quant Mid Cap Fund - Growth Option - Direct Plan,quant Mutual Fund
2015-03-02,44.8413,120841,quant Mid Cap Fund - Growth Option - Direct Plan,quant Mutual Fund
2015-03-03,44.835,120841,quant Mid Cap Fund - Growth Option - Direct Plan,quant Mutual Fund
2015-03-04,44.7062,120841,quant Mid Cap Fund - Growth Option - Direct Plan,quant Mutual Fund
2015-03-05,44.9791,120841,quant Mid Cap Fund - Growth Option - Direct Plan,quant Mutual Fund
2015-03-09,44.8287,120841,quant Mid Cap Fund - Growth Option - Direct Plan,quant Mutual Fund
2015-03-10,44.8872,120841,quant Mid Cap Fund - Growth Option - Direct Plan,quant Mutual Fund
2015-03-11,44.9324,120841,quant Mid Cap Fund - Growth Option - Direct Plan,quant Mutual Fund
2015-03-12,45.1561,120841,quant Mid Cap Fund - Growth Option - Direct Plan,quant Mutual Fund
2015-03-13,44.7963,120841,quant Mid Cap Fund - Growth Option - Direct Plan,quant Mutual Fund
2015-03-16,44.7028,120841,quant Mid Cap Fund - Growth Option - Direct Plan,quant Mutual Fund
2015-03-17,44.8675,120841,quant Mid Cap Fund - Growth Option - Direct Plan,quant Mutual Fund
2015-03-18,45.2129,120841,quant Mid Cap Fund - Growth Option - Direct Plan,quant Mutual Fund
2015-03-19,45.5074,120841,quant Mid Cap Fund - Growth Option - Direct Plan,quant Mutual Fund
2015-03-20,45.3497,120841,quant Mid Cap Fund - Growth Option - Direct Plan,quant Mutual Fund
2015-03-23,45.2108,120841,quant Mid Cap Fund - Growth Option - Direct Plan,quant Mutual Fund
2015-03-24,45.6127,120841,quant Mid Cap Fund - Growth Option - Direct Plan,quant Mutual Fund
2015-03-25,45.8806,120841,quant Mid Cap Fund - Growth Option - Direct Plan,quant Mutual Fund
2015-03-26,45.4437,120841,quant Mid Cap Fund - Growth Option - Direct Plan,quant Mutual Fund
2015-03-27,45.4589,120841,quant Mid Cap Fund - Growth Option - Direct Plan,quant Mutual Fund
2015-03-30,45.7778,120841,quant Mid Cap Fund - Growth Option - Direct Plan,quant Mutual Fund
2015-03-31,45.8432,120841,quant Mid Cap Fund - Growth Option - Direct Plan,quant Mutual Fund
2015-04-06,46.6118,120841,quant Mid Cap Fund - Growth Option - Direct Plan,quant Mutual Fund
2015-04-07,46.6399,120841,quant Mid Cap Fund - Growth Option - Direct Plan,quant Mutual Fund
2015-04-08,46.5189,120841,quant Mid Cap Fund - Growth Option - Direct Plan,quant Mutual Fund
2015-04-09,46.6422,120841,quant Mid Cap Fund - Growth Option - Direct Plan,quant Mutual Fund
2015-04-10,46.7435,120841,quant Mid Cap Fund - Growth Option - Direct Plan,quant Mutual Fund
2015-04-13,47.1096,120841,quant Mid Cap Fund - Growth Option - Direct Plan,quant Mutual Fund
2015-04-15,47.3503,120841,quant Mid Cap Fund - Growth Option - Direct Plan,quant Mutual Fund
2015-04-16,47.308,120841,quant Mid Cap Fund - Growth Option - Direct Plan,quant Mutual Fund
2015-04-17,46.9038,120841,quant Mid Cap Fund - Growth Option - Direct Plan,quant Mutual Fund
2015-04-20,46.8014,120841,quant Mid Cap Fund - Growth Option - Direct Plan,quant Mutual Fund
2015-04-21,46.6495,120841,quant Mid Cap Fund - Growth Option - Direct Plan,quant Mutual Fund
2015-04-22,46.7639,120841,quant Mid Cap Fund - Growth Option - Direct Plan,quant Mutual Fund
2015-04-23,46.7161,120841,quant Mid Cap Fund - Growth Option - Direct Plan,quant Mutual Fund
2015-04-24,46.145,120841,quant Mid Cap Fund - Growth Option - Direct Plan,quant Mutual Fund
2015-04-27,45.4246,120841,quant Mid Cap Fund - Growth Option - Direct Plan,quant Mutual Fund
2015-04-28,45.9896,120841,quant Mid Cap Fund - Growth Option - Direct Plan,quant Mutual Fund
2015-04-29,46.4326,120841,quant Mid Cap Fund - Growth Option - Direct Plan,quant Mutual Fund
2015-04-30,46.1647,120841,quant Mid Cap Fund - Growth Option - Direct Plan,quant Mutual Fund
2015-05-04,46.3984,120841,quant Mid Cap Fund - Growth Option - Direct Plan,quant Mutual Fund
2015-05-05,46.5402,120841,quant Mid Cap Fund - Growth Option - Direct Plan,quant Mutual Fund
2015-05-06,45.8819,120841,quant Mid Cap Fund - Growth Option - Direct Plan,quant Mutual Fund
2015-05-07,45.5237,120841,quant Mid Cap Fund - Growth Option - Direct Plan,quant Mutual Fund
2015-05-08,45.7721,120841,quant Mid Cap Fund - Growth Option - Direct Plan,quant Mutual Fund
2015-05-11,46.2114,120841,quant Mid Cap Fund - Growth Option - Direct Plan,quant Mutual Fund
2015-05-12,45.8605,120841,quant Mid Cap Fund - Growth Option - Direct Plan,quant Mutual Fund
2015-05-13,46.19,120841,quant Mid Cap Fund - Growth Option - Direct Plan,quant Mutual Fund
2015-05-14,46.1093,120841,quant Mid Cap Fund - Growth Option - Direct Plan,quant Mutual Fund
2015-05-15,46.433,120841,quant Mid Cap Fund - Growth Option - Direct Plan,quant Mutual Fund
2015-05-18,46.5611,120841,quant Mid Cap Fund - Growth Option - Direct Plan,quant Mutual Fund
2015-05-19,46.6403,120841,quant Mid Cap Fund - Growth Option - Direct Plan,quant Mutual Fund
2015-05-20,46.756,120841,quant Mid Cap Fund - Growth Option - Direct Plan,quant Mutual Fund
2015-05-21,46.8116,120841,quant Mid Cap Fund - Growth Option - Direct Plan,quant Mutual Fund
2015-05-22,46.8631,120841,quant Mid Cap Fund - Growth Option - Direct Plan,quant Mutual Fund
2015-05-25,46.7232,120841,quant Mid Cap Fund - Growth Option - Direct Plan,quant Mutual Fund
2015-05-26,46.7688,120841,quant Mid Cap Fund - Growth Option - Direct Plan,quant Mutual Fund
2015-05-27,46.8735,120841,quant Mid Cap Fund - Growth Option - Direct Plan,quant Mutual Fund
2015-05-28,47.0061,120841,quant Mid Cap Fund - Growth Option - Direct Plan,quant Mutual Fund
2015-05-29,47.2812,120841,quant Mid Cap Fund - Growth Option - Direct Plan,quant Mutual Fund
2015-06-01,47.2125,120841,quant Mid Cap Fund - Growth Option - Direct Plan,quant Mutual Fund
2015-06-02,46.7161,120841,quant Mid Cap Fund - Growth Option - Direct Plan,quant Mutual Fund
2015-06-03,46.306,120841,quant Mid Cap Fund - Growth Option - Direct Plan,quant Mutual Fund
2015-06-04,46.4376,120841,quant Mid Cap Fund - Growth Option - Direct Plan,quant Mutual Fund
2015-06-05,46.5337,120841,quant Mid Cap Fund - Growth Option - Direct Plan,quant Mutual Fund
2015-06-08,46.2913,120841,quant Mid Cap Fund - Growth Option - Direct Plan,quant Mutual Fund
2015-06-09,45.844,120841,quant Mid Cap Fund - Growth Option - Direct Plan,quant Mutual Fund
2015-06-10,46.4116,120841,quant Mid Cap Fund - Growth Option - Direct Plan,quant Mutual Fund
2015-06-11,45.8397,120841,quant Mid Cap Fund - Growth Option - Direct Plan,quant Mutual Fund
2015-06-12,46.042,120841,quant Mid Cap Fund - Growth Option - Direct Plan,quant Mutual Fund
2015-06-15,45.9768,120841,quant Mid Cap Fund - Growth Option - Direct Plan,quant Mutual Fund
2015-06-16,46.0275,120841,quant Mid Cap Fund - Growth Option - Direct Plan,quant Mutual Fund
2015-06-17,46.1466,120841,quant Mid Cap Fund - Growth Option - Direct Plan,quant Mutual Fund
2015-06-18,46.288,120841,quant Mid Cap Fund - Growth Option - Direct Plan,quant Mutual Fund
2015-06-19,46.3519,120841,quant Mid Cap Fund - Growth Option - Direct Plan,quant Mutual Fund
2015-06-22,46.7138,120841,quant Mid Cap Fund - Growth Option - Direct Plan,quant Mutual Fund
2015-06-23,46.7231,120841,quant Mid Cap Fund - Growth Option - Direct Plan,quant Mutual Fund
2015-06-24,46.6983,120841,quant Mid Cap Fund - Growth Option - Direct Plan,quant Mutual Fund
2015-06-25,46.6303,120841,quant Mid Cap Fund - Growth Option - Direct Plan,quant Mutual Fund
2015-06-26,46.6247,120841,quant Mid Cap Fund - Growth Option - Direct Plan,quant Mutual Fund
2015-06-29,46.3877,120841,quant Mid Cap Fund - Growth Option - Direct Plan,quant Mutual Fund
2015-06-30,46.4944,120841,quant Mid Cap Fund - Growth Option - Direct Plan,quant Mutual Fund
2015-07-01,46.7598,120841,quant Mid Cap Fund - Growth Option - Direct Plan,quant Mutual Fund
2015-07-02,46.75,120841,quant Mid Cap Fund - Growth Option - Direct Plan,quant Mutual Fund
2015-07-03,46.9281,120841,quant Mid Cap Fund - Growth Option - Direct Plan,quant Mutual Fund
2015-07-06,46.9771,120841,quant Mid Cap Fund - Growth Option - Direct Plan,quant Mutual Fund
2015-07-07,47.0003,120841,quant Mid Cap Fund - Growth Option - Direct Plan,quant Mutual Fund
2015-07-08,46.5091,120841,quant Mid Cap Fund - Growth Option - Direct Plan,quant Mutual Fund
2015-07-09,46.5648,120841,quant Mid Cap Fund - Growth Option - Direct Plan,quant Mutual Fund
2015-07-10,46.7161,120841,quant Mid Cap Fund - Growth Option - Direct Plan,quant Mutual Fund
2015-07-13,47.0181,120841,quant Mid Cap Fund - Growth Option - Direct Plan,quant Mutual Fund
2015-07-14,47.0765,120841,quant Mid Cap Fund - Growth Option - Direct Plan,quant Mutual Fund
2015-07-15,47.1169,120841,quant Mid Cap Fund - Growth Option - Direct Plan,quant Mutual Fund
2015-07-16,47.5014,120841,quant Mid Cap Fund - Growth Option - Direct Plan,quant Mutual Fund
2015-07-17,47.4565,120841,quant Mid Cap Fund - Growth Option - Direct Plan,quant Mutual Fund
2015-07-20,47.3233,120841,quant Mid Cap Fund - Growth Option - Direct Plan,quant Mutual Fund
2015-07-21,46.7045,120841,quant Mid Cap Fund - Growth Option - Direct Plan,quant Mutual Fund
2015-07-22,46.9556,120841,quant Mid Cap Fund - Growth Option - Direct Plan,quant Mutual Fund
2015-07-23,46.9692,120841,quant Mid Cap Fund - Growth Option - Direct Plan,quant Mutual Fund
2015-07-24,46.8783,120841,quant Mid Cap Fund - Growth Option - Direct Plan,quant Mutual Fund
2015-07-27,46.6649,120841,quant Mid Cap Fund - Growth Option - Direct Plan,quant Mutual Fund
2015-07-28,46.7418,120841,quant Mid Cap Fund - Growth Option - Direct Plan,quant Mutual Fund
2015-07-29,46.9588,120841,quant Mid Cap Fund - Growth Option - Direct Plan,quant Mutual Fund
2015-07-30,46.9749,120841,quant Mid Cap Fund - Growth Option - Direct Plan,quant Mutual Fund
2015-07-31,47.2648,120841,quant Mid Cap Fund - Growth Option - Direct Plan,quant Mutual Fund
2015-08-03,47.2923,120841,quant Mid Cap Fund - Growth Option - Direct Plan,quant Mutual Fund
2015-08-04,47.4579,120841,quant Mid Cap Fund - Growth Option - Direct Plan,quant Mutual Fund
2015-08-05,47.4126,120841,quant Mid Cap Fund - Growth Option - Direct Plan,quant Mutual Fund
2015-08-06,47.273,120841,quant Mid Cap Fund - Growth Option - Direct Plan,quant Mutual Fund
2015-08-07,47.2899,120841,quant Mid Cap Fund - Growth Option - Direct Plan,quant Mutual Fund
2015-08-10,47.2341,120841,quant Mid Cap Fund - Growth Option - Direct Plan,quant Mutual Fund
2015-08-11,47.1728,120841,quant Mid Cap Fund - Growth Option - Direct Plan,quant Mutual Fund
2015-08-12,46.8326,120841,quant Mid Cap Fund - Growth Option - Direct Plan,quant Mutual Fund
2015-08-13,46.8814,120841,quant Mid Cap Fund - Growth Option - Direct Plan,quant Mutual Fund
2015-08-14,47.0322,120841,quant Mid Cap Fund - Growth Option - Direct Plan,quant Mutual Fund
2015-08-17,47.1359,120841,quant Mid Cap Fund - Growth Option - Direct Plan,quant Mutual Fund
2015-08-18,47.1036,120841,quant Mid Cap Fund - Growth Option - Direct Plan,quant Mutual Fund
2015-08-19,47.1937,120841,quant Mid Cap Fund - Growth Option - Direct Plan,quant Mutual Fund
2015-08-20,46.9203,120841,quant Mid Cap Fund - Growth Option - Direct Plan,quant Mutual Fund
2015-08-21,46.8112,120841,quant Mid Cap Fund - Growth Option - Direct Plan,quant Mutual Fund
2015-08-24,44.5233,120841,quant Mid Cap Fund - Growth Option - Direct Plan,quant Mutual Fund
2015-08-25,44.6726,120841,quant Mid Cap Fund - Growth Option - Direct Plan,quant Mutual Fund
2015-08-26,44.702,120841,quant Mid Cap Fund - Growth Option - Direct Plan,quant Mutual Fund
2015-08-27,45.2391,120841,quant Mid Cap Fund - Growth Option - Direct Plan,quant Mutual Fund
2015-08-28,45.6951,120841,quant Mid Cap Fund - Growth Option - Direct Plan,quant Mutual Fund
2015-08-31,45.5376,120841,quant Mid Cap Fund - Growth Option - Direct Plan,quant Mutual Fund
2015-09-01,44.8299,120841,quant Mid Cap Fund - Growth Option - Direct Plan,quant Mutual Fund
2015-09-02,44.6353,120841,quant Mid Cap Fund - Growth Option - Direct Plan,quant Mutual Fund
2015-09-03,44.8316,120841,quant Mid Cap Fund - Growth Option - Direct Plan,quant Mutual Fund
2015-09-04,44.2901,120841,quant Mid Cap Fund - Growth Option - Direct Plan,quant Mutual Fund
2015-09-07,43.5462,120841,quant Mid Cap Fund - Growth Option - Direct Plan,quant Mutual Fund
2015-09-08,43.8319,120841,quant Mid Cap Fund - Growth Option - Direct Plan,quant Mutual Fund
2015-09-09,44.2422,120841,quant Mid Cap Fund - Growth Option - Direct Plan,quant Mutual Fund
2015-09-10,44.1792,120841,quant Mid Cap Fund - Growth Option - Direct Plan,quant Mutual Fund
2015-09-11,44.2894,120841,quant Mid Cap Fund - Growth Option - Direct Plan,quant Mutual Fund
2015-09-14,44.7141,120841,quant Mid Cap Fund - Growth Option - Direct Plan,quant Mutual Fund
2015-09-15,44.3774,120841,quant Mid Cap Fund - Growth Option - Direct Plan,quant Mutual Fund
2015-09-16,44.237,120841,quant Mid Cap Fund - Growth Option - Direct Plan,quant Mutual Fund
2015-09-18,44.5479,120841,quant Mid Cap Fund - Growth Option - Direct Plan,quant Mutual Fund
2015-09-21,44.6135,120841,quant Mid Cap Fund - Growth Option - Direct Plan,quant Mutual Fund
2015-09-22,44.4494,120841,quant Mid Cap Fund - Growth Option - Direct Plan,quant Mutual Fund
2015-09-23,44.4909,120841,quant Mid Cap Fund - Growth Option - Direct Plan,quant Mutual Fund
2015-09-24,44.3923,120841,quant Mid Cap Fund - Growth Option - Direct Plan,quant Mutual Fund
2015-09-28,44.3226,120841,quant Mid Cap Fund - Growth Option - Direct Plan,quant Mutual Fund
2015-09-29,44.1961,120841,quant Mid Cap Fund - Growth Option - Direct Plan,quant Mutual Fund
2015-09-30,44.3665,120841,quant Mid Cap Fund - Growth Option - Direct Plan,quant Mutual Fund
2015-10-01,44.6241,120841,quant Mid Cap Fund - Growth Option - Direct Plan,quant Mutual Fund
2015-10-05,45.0293,120841,quant Mid Cap Fund - Growth Option - Direct Plan,quant Mutual Fund
2015-10-06,45.1132,120841,quant Mid Cap Fund - Growth Option - Direct Plan,quant Mutual Fund
2015-10-07,44.9819,120841,quant Mid Cap Fund - Growth Option - Direct Plan,quant Mutual Fund
2015-10-08,44.8145,120841,quant Mid Cap Fund - Growth Option - Direct Plan,quant Mutual Fund
2015-10-09,44.9104,120841,quant Mid Cap Fund - Growth Option - Direct Plan,quant Mutual Fund
2015-10-12,44.825,120841,quant Mid Cap Fund - Growth Option - Direct Plan,quant Mutual Fund
2015-10-13,44.8045,120841,quant Mid Cap Fund - Growth Option - Direct Plan,quant Mutual Fund
2015-10-14,44.5964,120841,quant Mid Cap Fund - Growth Option - Direct Plan,quant Mutual Fund
2015-10-15,44.667,120841,quant Mid Cap Fund - Growth Option - Direct Plan,quant Mutual Fund
2015-10-16,44.838,120841,quant Mid Cap Fund - Growth Option - Direct Plan,quant Mutual Fund
2015-10-19,44.922,120841,quant Mid Cap Fund - Growth Option - Direct Plan,quant Mutual Fund
2015-10-20,45.1077,120841,quant Mid Cap Fund - Growth Option - Direct Plan,quant Mutual Fund
2015-10-21,45.0324,120841,quant Mid Cap Fund - Growth Option - Direct Plan,quant Mutual Fund
2015-10-23,45.0661,120841,quant Mid Cap Fund - Growth Option - Direct Plan,quant Mutual Fund
2015-10-26,44.9807,120841,quant Mid Cap Fund - Growth Option - Direct Plan,quant Mutual Fund
2015-10-27,45.0271,120841,quant Mid Cap Fund - Growth Option - Direct Plan,quant Mutual Fund
2015-10-28,44.8136,120841,quant Mid Cap Fund - Growth Option - Direct Plan,quant Mutual Fund
2015-10-30,44.5302,120841,quant Mid Cap Fund - Growth Option - Direct Plan,quant Mutual Fund
2015-11-02,44.3965,120841,quant Mid Cap Fund - Growth Option - Direct Plan,quant Mutual Fund
2015-11-03,44.4502,120841,quant Mid Cap Fund - Growth Option - Direct Plan,quant Mutual Fund
2015-11-04,44.4368,120841,quant Mid Cap Fund - Growth Option - Direct Plan,quant Mutual Fund
2015-11-05,44.4522,120841,quant Mid Cap Fund - Growth Option - Direct Plan,quant Mutual Fund
2015-11-06,44.5155,120841,quant Mid Cap Fund - Growth Option - Direct Plan,quant Mutual Fund
2015-11-09,44.5404,120841,quant Mid Cap Fund - Growth Option - Direct Plan,quant Mutual Fund
2015-11-10,44.2844,120841,quant Mid Cap Fund - Growth Option - Direct Plan,quant Mutual Fund
2015-11-13,44.4947,120841,quant Mid Cap Fund - Growth Option - Direct Plan,quant Mutual Fund
2015-11-16,44.3086,120841,quant Mid Cap Fund - Growth Option - Direct Plan,quant Mutual Fund
2015-11-17,44.3976,120841,quant Mid Cap Fund - Growth Option - Direct Plan,quant Mutual Fund
2015-11-18,44.3369,120841,quant Mid Cap Fund - Growth Option - Direct Plan,quant Mutual Fund
2015-11-19,44.5686,120841,quant Mid Cap Fund - Growth Option - Direct Plan,quant Mutual Fund
2015-11-20,44.6006,120841,quant Mid Cap Fund - Growth Option - Direct Plan,quant Mutual Fund
2015-11-23,44.5719,120841,quant Mid Cap Fund - Growth Option - Direct Plan,quant Mutual Fund
2015-11-24,44.6079,120841,quant Mid Cap Fund - Growth Option - Direct Plan,quant Mutual Fund
2015-11-26,44.7056,120841,quant Mid Cap Fund - Growth Option - Direct Plan,quant Mutual Fund
2015-11-27,44.7518,120841,quant Mid Cap Fund - Growth Option - Direct Plan,quant Mutual Fund
2015-11-30,44.8851,120841,quant Mid Cap Fund - Growth Option - Direct Plan,quant Mutual Fund
2015-12-01,44.8963,120841,quant Mid Cap Fund - Growth Option - Direct Plan,quant Mutual Fund
2015-12-02,44.8814,120841,quant Mid Cap Fund - Growth Option - Direct Plan,quant Mutual Fund
2015-12-03,44.8663,120841,quant Mid Cap Fund - Growth Option - Direct Plan,quant Mutual Fund
2015-12-04,44.8993,120841,quant Mid Cap Fund - Growth Option - Direct Plan,quant Mutual Fund
2015-12-07,44.875,120841,quant Mid Cap Fund - Growth Option - Direct Plan,quant Mutual Fund
2015-12-08,44.6029,120841,quant Mid Cap Fund - Growth Option - Direct Plan,quant Mutual Fund
2015-12-09,43.9016,120841,quant Mid Cap Fund - Growth Option - Direct Plan,quant Mutual Fund
2015-12-10,44.3488,120841,quant Mid Cap Fund - Growth Option - Direct Plan,quant Mutual Fund
2015-12-11,44.0887,120841,quant Mid Cap Fund - Growth Option - Direct Plan,quant Mutual Fund
2015-12-14,44.0177,120841,quant Mid Cap Fund - Growth Option - Direct Plan,quant Mutual Fund
2015-12-15,44.1356,120841,quant Mid Cap Fund - Growth Option - Direct Plan,quant Mutual Fund
2015-12-16,44.7086,120841,quant Mid Cap Fund - Growth Option - Direct Plan,quant Mutual Fund
2015-12-17,44.9241,120841,quant Mid Cap Fund - Growth Option - Direct Plan,quant Mutual Fund
2015-12-18,44.7304,120841,quant Mid Cap Fund - Growth Option - Direct Plan,quant Mutual Fund
2015-12-21,44.8511,120841,quant Mid Cap Fund - Growth Option - Direct Plan,quant Mutual Fund
2015-12-22,44.9345,120841,quant Mid Cap Fund - Growth Option - Direct Plan,quant Mutual Fund
2015-12-23,45.0817,120841,quant Mid Cap Fund - Growth Option - Direct Plan,quant Mutual Fund
2015-12-24,45.0668,120841,quant Mid Cap Fund - Growth Option - Direct Plan,quant Mutual Fund
2015-12-28,45.1978,120841,quant Mid Cap Fund - Growth Option - Direct Plan,quant Mutual Fund
2015-12-29,45.1986,120841,quant Mid Cap Fund - Growth Option - Direct Plan,quant Mutual Fund
2015-12-30,45.1147,120841,quant Mid Cap Fund - Growth Option - Direct Plan,quant Mutual Fund
2015-12-31,45.4427,120841,quant Mid Cap Fund - Growth Option - Direct Plan,quant Mutual Fund
2016-01-01,45.5737,120841,quant Mid Cap Fund - Growth Option - Direct Plan,quant Mutual Fund
2016-01-04,45.2516,120841,quant Mid Cap Fund - Growth Option - Direct Plan,quant Mutual Fund
2016-01-05,45.5268,120841,quant Mid Cap Fund - Growth Option - Direct Plan,quant Mutual Fund
2016-01-06,45.5699,120841,quant Mid Cap Fund - Growth Option - Direct Plan,quant Mutual Fund
2016-01-07,45.6282,120841,quant Mid Cap Fund - Growth Option - Direct Plan,quant Mutual Fund
2016-01-08,45.9423,120841,quant Mid Cap Fund - Growth Option - Direct Plan,quant Mutual Fund
2016-01-11,45.4949,120841,quant Mid Cap Fund - Growth Option - Direct Plan,quant Mutual Fund
2016-01-12,45.0379,120841,quant Mid Cap Fund - Growth Option - Direct Plan,quant Mutual Fund
2016-01-13,44.6923,120841,quant Mid Cap Fund - Growth Option - Direct Plan,quant Mutual Fund
2016-01-14,44.4203,120841,quant Mid Cap Fund - Growth Option - Direct Plan,quant Mutual Fund
2016-01-15,43.8217,120841,quant Mid Cap Fund - Growth Option - Direct Plan,quant Mutual Fund
2016-01-18,43.4943,120841,quant Mid Cap Fund - Growth Option - Direct Plan,quant Mutual Fund
2016-01-19,43.9695,120841,quant Mid Cap Fund - Growth Option - Direct Plan,quant Mutual Fund
2016-01-20,43.3523,120841,quant Mid Cap Fund - Growth Option - Direct Plan,quant Mutual Fund
2016-01-21,43.3958,120841,quant Mid Cap Fund - Growth Option - Direct Plan,quant Mutual Fund
2016-01-22,43.7916,120841,quant Mid Cap Fund - Growth Option - Direct Plan,quant Mutual Fund
2016-01-25,44.1217,120841,quant Mid Cap Fund - Growth Option - Direct Plan,quant Mutual Fund
2016-01-27,44.2096,120841,quant Mid Cap Fund - Growth Option - Direct Plan,quant Mutual Fund
2016-01-28,44.0616,120841,quant Mid Cap Fund - Growth Option - Direct Plan,quant Mutual Fund
2016-01-29,44.524,120841,quant Mid Cap Fund - Growth Option - Direct Plan,quant Mutual Fund
2016-02-01,44.4463,120841,quant Mid Cap Fund - Growth Option - Direct Plan,quant Mutual Fund
2016-02-02,44.0882,120841,quant Mid Cap Fund - Growth Option - Direct Plan,quant Mutual Fund
2016-02-03,43.6238,120841,quant Mid Cap Fund - Growth Option - Direct Plan,quant Mutual Fund
2016-02-04,43.5567,120841,quant Mid Cap Fund - Growth Option - Direct Plan,quant Mutual Fund
2016-02-05,44.0239,120841,quant Mid Cap Fund - Growth Option - Direct Plan,quant Mutual Fund
2016-02-08,44.0482,120841,quant Mid Cap Fund - Growth Option - Direct Plan,quant Mutual Fund
2016-02-09,43.8215,120841,quant Mid Cap Fund - Growth Option - Direct Plan,quant Mutual Fund
2016-02-10,43.773,120841,quant Mid Cap Fund - Growth Option - Direct Plan,quant Mutual Fund
2016-02-11,42.9294,120841,quant Mid Cap Fund - Growth Option - Direct Plan,quant Mutual Fund
2016-02-12,42.8915,120841,quant Mid Cap Fund - Growth Option - Direct Plan,quant Mutual Fund
2016-02-15,43.5587,120841,quant Mid Cap Fund - Growth Option - Direct Plan,quant Mutual Fund
2016-02-16,43.0777,120841,quant Mid Cap Fund - Growth Option - Direct Plan,quant Mutual Fund
2016-02-17,43.2199,120841,quant Mid Cap Fund - Growth Option - Direct Plan,quant Mutual Fund
2016-02-18,43.3155,120841,quant Mid Cap Fund - Growth Option - Direct Plan,quant Mutual Fund
2016-02-19,43.2208,120841,quant Mid Cap Fund - Growth Option - Direct Plan,quant Mutual Fund
2016-02-22,43.5553,120841,quant Mid Cap Fund - Growth Option - Direct Plan,quant Mutual Fund
2016-02-23,43.25,120841,quant Mid Cap Fund - Growth Option - Direct Plan,quant Mutual Fund
2016-02-24,42.8792,120841,quant Mid Cap Fund - Growth Option - Direct Plan,quant Mutual Fund
2016-02-25,42.7945,120841,quant Mid Cap Fund - Growth Option - Direct Plan,quant Mutual Fund
2016-02-26,42.7921,120841,quant Mid Cap Fund - Growth Option - Direct Plan,quant Mutual Fund
2016-02-29,42.6259,120841,quant Mid Cap Fund - Growth Option - Direct Plan,quant Mutual Fund
2016-03-01,43.3789,120841,quant Mid Cap Fund - Growth Option - Direct Plan,quant Mutual Fund
2016-03-02,43.6878,120841,quant Mid Cap Fund - Growth Option - Direct Plan,quant Mutual Fund
2016-03-03,44.222,120841,quant Mid Cap Fund - Growth Option - Direct Plan,quant Mutual Fund
2016-03-04,44.3695,120841,quant Mid Cap Fund - Growth Option - Direct Plan,quant Mutual Fund
2016-03-08,44.3815,120841,quant Mid Cap Fund - Growth Option - Direct Plan,quant Mutual Fund
2016-03-09,44.4453,120841,quant Mid Cap Fund - Growth Option - Direct Plan,quant Mutual Fund
2016-03-10,44.3317,120841,quant Mid Cap Fund - Growth Option - Direct Plan,quant Mutual Fund
2016-03-11,44.2162,120841,quant Mid Cap Fund - Growth Option - Direct Plan,quant Mutual Fund
2016-03-14,44.2556,120841,quant Mid Cap Fund - Growth Option - Direct Plan,quant Mutual Fund
2016-03-15,43.8922,120841,quant Mid Cap Fund - Growth Option - Direct Plan,quant Mutual Fund
2016-03-16,44.2036,120841,quant Mid Cap Fund - Growth Option - Direct Plan,quant Mutual Fund
2016-03-17,44.37,120841,quant Mid Cap Fund - Growth Option - Direct Plan,quant Mutual Fund
2016-03-18,44.4373,120841,quant Mid Cap Fund - Growth Option - Direct Plan,quant Mutual Fund
2016-03-21,44.731,120841,quant Mid Cap Fund - Growth Option - Direct Plan,quant Mutual Fund
2016-03-22,45.0016,120841,quant Mid Cap Fund - Growth Option - Direct Plan,quant Mutual Fund
2016-03-23,45.1516,120841,quant Mid Cap Fund - Growth Option - Direct Plan,quant Mutual Fund
2016-03-28,44.4202,120841,quant Mid Cap Fund - Growth Option - Direct Plan,quant Mutual Fund
2016-03-29,44.3582,120841,quant Mid Cap Fund - Growth Option - Direct Plan,quant Mutual Fund
2016-03-30,44.7303,120841,quant Mid Cap Fund - Growth Option - Direct Plan,quant Mutual Fund
2016-03-31,44.9562,120841,quant Mid Cap Fund - Growth Option - Direct Plan,quant Mutual Fund
2016-04-01,44.909,120841,quant Mid Cap Fund - Growth Option - Direct Plan,quant Mutual Fund
2016-04-04,44.8367,120841,quant Mid Cap Fund - Growth Option - Direct Plan,quant Mutual Fund
2016-04-05,44.5675,120841,quant Mid Cap Fund - Growth Option - Direct Plan,quant Mutual Fund
2016-04-06,44.7046,120841,quant Mid Cap Fund - Growth Option - Direct Plan,quant Mutual Fund
2016-04-07,44.5633,120841,quant Mid Cap Fund - Growth Option - Direct Plan,quant Mutual Fund
2016-04-08,44.622,120841,quant Mid Cap Fund - Growth Option - Direct Plan,quant Mutual Fund
2016-04-11,44.7769,120841,quant Mid Cap Fund - Growth Option - Direct Plan,quant Mutual Fund
2016-04-12,44.8656,120841,quant Mid Cap Fund - Growth Option - Direct Plan,quant Mutual Fund
2016-04-13,45.259,120841,quant Mid Cap Fund - Growth Option - Direct Plan,quant Mutual Fund
2016-04-18,45.5604,120841,quant Mid Cap Fund - Growth Option - Direct Plan,quant Mutual Fund
2016-04-20,45.5324,120841,quant Mid Cap Fund - Growth Option - Direct Plan,quant Mutual Fund
2016-04-21,45.4675,120841,quant Mid Cap Fund - Growth Option - Direct Plan,quant Mutual Fund
2016-04-22,45.4468,120841,quant Mid Cap Fund - Growth Option - Direct Plan,quant Mutual Fund
2016-04-25,45.3364,120841,quant Mid Cap Fund - Growth Option - Direct Plan,quant Mutual Fund
2016-04-26,45.493,120841,quant Mid Cap Fund - Growth Option - Direct Plan,quant Mutual Fund
2016-04-27,45.4187,120841,quant Mid Cap Fund - Growth Option - Direct Plan,quant Mutual Fund
2016-04-28,45.131,120841,quant Mid Cap Fund - Growth Option - Direct Plan,quant Mutual Fund
2016-04-29,45.2944,120841,quant Mid Cap Fund - Growth Option - Direct Plan,quant Mutual Fund
2016-05-02,45.4856,120841,quant Mid Cap Fund - Growth Option - Direct Plan,quant Mutual Fund
2016-05-03,45.2541,120841,quant Mid Cap Fund - Growth Option - Direct Plan,quant Mutual Fund
2016-05-04,45.0089,120841,quant Mid Cap Fund - Growth Option - Direct Plan,quant Mutual Fund
2016-05-05,44.7328,120841,quant Mid Cap Fund - Growth Option - Direct Plan,quant Mutual Fund
2016-05-06,45.2183,120841,quant Mid Cap Fund - Growth Option - Direct Plan,quant Mutual Fund
2016-05-09,45.8245,120841,quant Mid Cap Fund - Growth Option - Direct Plan,quant Mutual Fund
2016-05-10,45.8958,120841,quant Mid Cap Fund - Growth Option - Direct Plan,quant Mutual Fund
2016-05-11,46.103,120841,quant Mid Cap Fund - Growth Option - Direct Plan,quant Mutual Fund
2016-05-12,46.361,120841,quant Mid Cap Fund - Growth Option - Direct Plan,quant Mutual Fund
2016-05-13,46.1965,120841,quant Mid Cap Fund - Growth Option - Direct Plan,quant Mutual Fund
2016-05-16,45.9558,120841,quant Mid Cap Fund - Growth Option - Direct Plan,quant Mutual Fund
2016-05-17,45.991,120841,quant Mid Cap Fund - Growth Option - Direct Plan,quant Mutual Fund
2016-05-18,46.2503,120841,quant Mid Cap Fund - Growth Option - Direct Plan,quant Mutual Fund
2016-05-19,45.9576,120841,quant Mid Cap Fund - Growth Option - Direct Plan,quant Mutual Fund
2016-05-20,45.456,120841,quant Mid Cap Fund - Growth Option - Direct Plan,quant Mutual Fund
2016-05-23,45.2863,120841,quant Mid Cap Fund - Growth Option - Direct Plan,quant Mutual Fund
2016-05-24,45.2422,120841,quant Mid Cap Fund - Growth Option - Direct Plan,quant Mutual Fund
2016-05-25,45.6852,120841,quant Mid Cap Fund - Growth Option - Direct Plan,quant Mutual Fund
2016-05-26,45.7658,120841,quant Mid Cap Fund - Growth Option - Direct Plan,quant Mutual Fund
2016-05-27,46.1269,120841,quant Mid Cap Fund - Growth Option - Direct Plan,quant Mutual Fund
2016-05-30,45.9932,120841,quant Mid Cap Fund - Growth Option - Direct Plan,quant Mutual Fund
2016-05-31,45.7905,120841,quant Mid Cap Fund - Growth Option - Direct Plan,quant Mutual Fund
2016-06-01,45.9132,120841,quant Mid Cap Fund - Growth Option - Direct Plan,quant Mutual Fund
2016-06-02,45.8856,120841,quant Mid Cap Fund - Growth Option - Direct Plan,quant Mutual Fund
2016-06-03,46.0204,120841,quant Mid Cap Fund - Growth Option - Direct Plan,quant Mutual Fund
2016-06-06,45.9507,120841,quant Mid Cap Fund - Growth Option - Direct Plan,quant Mutual Fund
2016-06-07,45.9444,120841,quant Mid Cap Fund - Growth Option - Direct Plan,quant Mutual Fund
2016-06-08,46.1363,120841,quant Mid Cap Fund - Growth Option - Direct Plan,quant Mutual Fund
2016-06-09,46.1665,120841,quant Mid Cap Fund - Growth Option - Direct Plan,quant Mutual Fund
2016-06-10,46.0846,120841,quant Mid Cap Fund - Growth Option - Direct Plan,quant Mutual Fund
2016-06-13,45.9779,120841,quant Mid Cap Fund - Growth Option - Direct Plan,quant Mutual Fund
2016-06-14,46.0534,120841,quant Mid Cap Fund - Growth Option - Direct Plan,quant Mutual Fund
2016-06-15,46.2784,120841,quant Mid Cap Fund - Growth Option - Direct Plan,quant Mutual Fund
2016-06-16,46.076,120841,quant Mid Cap Fund - Growth Option - Direct Plan,quant Mutual Fund
2016-06-17,46.0859,120841,quant Mid Cap Fund - Growth Option - Direct Plan,quant Mutual Fund
2016-06-20,45.9361,120841,quant Mid Cap Fund - Growth Option - Direct Plan,quant Mutual Fund
2016-06-21,46.0443,120841,quant Mid Cap Fund - Growth Option - Direct Plan,quant Mutual Fund
2016-06-22,46.3291,120841,quant Mid Cap Fund - Growth Option - Direct Plan,quant Mutual Fund
2016-06-23,46.7506,120841,quant Mid Cap Fund - Growth Option - Direct Plan,quant Mutual Fund
2016-06-24,46.3518,120841,quant Mid Cap Fund - Growth Option - Direct Plan,quant Mutual Fund
2016-06-27,46.6667,120841,quant Mid Cap Fund - Growth Option - Direct Plan,quant Mutual Fund
2016-06-28,46.274,120841,quant Mid Cap Fund - Growth Option - Direct Plan,quant Mutual Fund
2016-06-29,46.3677,120841,quant Mid Cap Fund - Growth Option - Direct Plan,quant Mutual Fund
2016-06-30,46.6178,120841,quant Mid Cap Fund - Growth Option - Direct Plan,quant Mutual Fund
2016-07-01,46.6441,120841,quant Mid Cap Fund - Growth Option - Direct Plan,quant Mutual Fund
2016-07-04,46.68,120841,quant Mid Cap Fund - Growth Option - Direct Plan,quant Mutual Fund
2016-07-05,46.8559,120841,quant Mid Cap Fund - Growth Option - Direct Plan,quant Mutual Fund
2016-07-07,46.8895,120841,quant Mid Cap Fund - Growth Option - Direct Plan,quant Mutual Fund
2016-07-08,46.8158,120841,quant Mid Cap Fund - Growth Option - Direct Plan,quant Mutual Fund
2016-07-11,47.0822,120841,quant Mid Cap Fund - Growth Option - Direct Plan,quant Mutual Fund
2016-07-12,46.7207,120841,quant Mid Cap Fund - Growth Option - Direct Plan,quant Mutual Fund
2016-07-13,46.4546,120841,quant Mid Cap Fund - Growth Option - Direct Plan,quant Mutual Fund
2016-07-14,46.5461,120841,quant Mid Cap Fund - Growth Option - Direct Plan,quant Mutual Fund
2016-07-15,46.2723,120841,quant Mid Cap Fund - Growth Option - Direct Plan,quant Mutual Fund
2016-07-18,46.0924,120841,quant Mid Cap Fund - Growth Option - Direct Plan,quant Mutual Fund
2016-07-19,46.0677,120841,quant Mid Cap Fund - Growth Option - Direct Plan,quant Mutual Fund
2016-07-20,46.0671,120841,quant Mid Cap Fund - Growth Option - Direct Plan,quant Mutual Fund
2016-07-21,45.9055,120841,quant Mid Cap Fund - Growth Option - Direct Plan,quant Mutual Fund
2016-07-22,46.0221,120841,quant Mid Cap Fund - Growth Option - Direct Plan,quant Mutual Fund
2016-07-25,46.28,120841,quant Mid Cap Fund - Growth Option - Direct Plan,quant Mutual Fund
2016-07-26,46.1495,120841,quant Mid Cap Fund - Growth Option - Direct Plan,quant Mutual Fund
2016-07-27,46.2059,120841,quant Mid Cap Fund - Growth Option - Direct Plan,quant Mutual Fund
2016-07-28,46.2087,120841,quant Mid Cap Fund - Growth Option - Direct Plan,quant Mutual Fund
2016-07-29,46.0838,120841,quant Mid Cap Fund - Growth Option - Direct Plan,quant Mutual Fund
2016-08-01,46.1563,120841,quant Mid Cap Fund - Growth Option - Direct Plan,quant Mutual Fund
2016-08-02,45.8112,120841,quant Mid Cap Fund - Growth Option - Direct Plan,quant Mutual Fund
2016-08-03,45.6467,120841,quant Mid Cap Fund - Growth Option - Direct Plan,quant Mutual Fund
2016-08-04,45.6577,120841,quant Mid Cap Fund - Growth Option - Direct Plan,quant Mutual Fund
2016-08-05,46.6448,120841,quant Mid Cap Fund - Growth Option - Direct Plan,quant Mutual Fund
2016-08-08,47.0299,120841,quant Mid Cap Fund - Growth Option - Direct Plan,quant Mutual Fund
2016-08-09,46.7295,120841,quant Mid Cap Fund - Growth Option - Direct Plan,quant Mutual Fund
2016-08-10,46.2506,120841,quant Mid Cap Fund - Growth Option - Direct Plan,quant Mutual Fund
2016-08-11,46.2581,120841,quant Mid Cap Fund - Growth Option - Direct Plan,quant Mutual Fund
2016-08-12,46.2355,120841,quant Mid Cap Fund - Growth Option - Direct Plan,quant Mutual Fund
2016-08-16,46.1133,120841,quant Mid Cap Fund - Growth Option - Direct Plan,quant Mutual Fund
2016-08-17,46.7313,120841,quant Mid Cap Fund - Growth Option - Direct Plan,quant Mutual Fund
2016-08-18,46.7615,120841,quant Mid Cap Fund - Growth Option - Direct Plan,quant Mutual Fund
2016-08-19,46.8997,120841,quant Mid Cap Fund - Growth Option - Direct Plan,quant Mutual Fund
2016-08-22,46.6548,120841,quant Mid Cap Fund - Growth Option - Direct Plan,quant Mutual Fund
2016-08-23,46.5501,120841,quant Mid Cap Fund - Growth Option - Direct Plan,quant Mutual Fund
2016-08-24,46.9027,120841,quant Mid Cap Fund - Growth Option - Direct Plan,quant Mutual Fund
2016-08-25,46.7728,120841,quant Mid Cap Fund - Growth Option - Direct Plan,quant Mutual Fund
2016-08-26,46.5909,120841,quant Mid Cap Fund - Growth Option - Direct Plan,quant Mutual Fund
2016-08-29,46.5897,120841,quant Mid Cap Fund - Growth Option - Direct Plan,quant Mutual Fund
2016-08-30,46.8265,120841,quant Mid Cap Fund - Growth Option - Direct Plan,quant Mutual Fund
2016-08-31,46.7573,120841,quant Mid Cap Fund - Growth Option - Direct Plan,quant Mutual Fund
2016-09-01,46.4749,120841,quant Mid Cap Fund - Growth Option - Direct Plan,quant Mutual Fund
2016-09-02,46.6252,120841,quant Mid Cap Fund - Growth Option - Direct Plan,quant Mutual Fund
2016-09-06,46.8287,120841,quant Mid Cap Fund - Growth Option - Direct Plan,quant Mutual Fund
2016-09-07,46.8986,120841,quant Mid Cap Fund - Growth Option - Direct Plan,quant Mutual Fund
2016-09-08,46.9793,120841,quant Mid Cap Fund - Growth Option - Direct Plan,quant Mutual Fund
2016-09-09,46.7809,120841,quant Mid Cap Fund - Growth Option - Direct Plan,quant Mutual Fund
2016-09-12,46.183,120841,quant Mid Cap Fund - Growth Option - Direct Plan,quant Mutual Fund
2016-09-14,46.3593,120841,quant Mid Cap Fund - Growth Option - Direct Plan,quant Mutual Fund
2016-09-15,46.3212,120841,quant Mid Cap Fund - Growth Option - Direct Plan,quant Mutual Fund
2016-09-16,46.4991,120841,quant Mid Cap Fund - Growth Option - Direct Plan,quant Mutual Fund
2016-09-19,46.5887,120841,quant Mid Cap Fund - Growth Option - Direct Plan,quant Mutual Fund
2016-09-20,46.4957,120841,quant Mid Cap Fund - Growth Option - Direct Plan,quant Mutual Fund
2016-09-21,46.4944,120841,quant Mid Cap Fund - Growth Option - Direct Plan,quant Mutual Fund
2016-09-22,46.727,120841,quant Mid Cap Fund - Growth Option - Direct Plan,quant Mutual Fund
2016-09-23,46.6784,120841,quant Mid Cap Fund - Growth Option - Direct Plan,quant Mutual Fund
2016-09-26,46.3804,120841,quant Mid Cap Fund - Growth Option - Direct Plan,quant Mutual Fund
2016-09-27,46.306,120841,quant Mid Cap Fund - Growth Option - Direct Plan,quant Mutual Fund
2016-09-28,46.4962,120841,quant Mid Cap Fund - Growth Option - Direct Plan,quant Mutual Fund
2016-09-29,45.7798,120841,quant Mid Cap Fund - Growth Option - Direct Plan,quant Mutual Fund
2016-09-30,46.0515,120841,quant Mid Cap Fund - Growth Option - Direct Plan,quant Mutual Fund
2016-10-03,46.5561,120841,quant Mid Cap Fund - Growth Option - Direct Plan,quant Mutual Fund
2016-10-04,46.5193,120841,quant Mid Cap Fund - Growth Option - Direct Plan,quant Mutual Fund
2016-10-05,46.5896,120841,quant Mid Cap Fund - Growth Option - Direct Plan,quant Mutual Fund
2016-10-06,46.4291,120841,quant Mid Cap Fund - Growth Option - Direct Plan,quant Mutual Fund
2016-10-07,46.4383,120841,quant Mid Cap Fund - Growth Option - Direct Plan,quant Mutual Fund
2016-10-10,46.6929,120841,quant Mid Cap Fund - Growth Option - Direct Plan,quant Mutual Fund
2016-10-13,45.9896,120841,quant Mid Cap Fund - Growth Option - Direct Plan,quant Mutual Fund
2016-10-14,46.1983,120841,quant Mid Cap Fund - Growth Option - Direct Plan,quant Mutual Fund
2016-10-17,46.4484,120841,quant Mid Cap Fund - Growth Option - Direct Plan,quant Mutual Fund
2016-10-18,46.9436,120841,quant Mid Cap Fund - Growth Option - Direct Plan,quant Mutual Fund
2016-10-19,47.0649,120841,quant Mid Cap Fund - Growth Option - Direct Plan,quant Mutual Fund
2016-10-20,47.1875,120841,quant Mid Cap Fund - Growth Option - Direct Plan,quant Mutual Fund
2016-10-21,46.8826,120841,quant Mid Cap Fund - Growth Option - Direct Plan,quant Mutual Fund
2016-10-24,46.9967,120841,quant Mid Cap Fund - Growth Option - Direct Plan,quant Mutual Fund
2016-10-25,47.111,120841,quant Mid Cap Fund - Growth Option - Direct Plan,quant Mutual Fund
2016-10-26,46.6357,120841,quant Mid Cap Fund - Growth Option - Direct Plan,quant Mutual Fund
2016-10-27,46.581,120841,quant Mid Cap Fund - Growth Option - Direct Plan,quant Mutual Fund
2016-10-28,46.6386,120841,quant Mid Cap Fund - Growth Option - Direct Plan,quant Mutual Fund
2016-11-01,46.714,120841,quant Mid Cap Fund - Growth Option - Direct Plan,quant Mutual Fund
2016-11-02,46.4307,120841,quant Mid Cap Fund - Growth Option - Direct Plan,quant Mutual Fund
2016-11-03,46.1553,120841,quant Mid Cap Fund - Growth Option - Direct Plan,quant Mutual Fund
2016-11-04,45.583,120841,quant Mid Cap Fund - Growth Option - Direct Plan,quant Mutual Fund
2016-11-07,45.9982,120841,quant Mid Cap Fund - Growth Option - Direct Plan,quant Mutual Fund
2016-11-08,45.8786,120841,quant Mid Cap Fund - Growth Option - Direct Plan,quant Mutual Fund
2016-11-09,45.4669,120841,quant Mid Cap Fund - Growth Option - Direct Plan,quant Mutual Fund
2016-11-10,45.8432,120841,quant Mid Cap Fund - Growth Option - Direct Plan,quant Mutual Fund
2016-11-11,45.2801,120841,quant Mid Cap Fund - Growth Option - Direct Plan,quant Mutual Fund
2016-11-15,44.2038,120841,quant Mid Cap Fund - Growth Option - Direct Plan,quant Mutual Fund
2016-11-16,44.2087,120841,quant Mid Cap Fund - Growth Option - Direct Plan,quant Mutual Fund
2016-11-17,44.2919,120841,quant Mid Cap Fund - Growth Option - Direct Plan,quant Mutual Fund
2016-11-18,44.4224,120841,quant Mid Cap Fund - Growth Option - Direct Plan,quant Mutual Fund
2016-11-21,43.8571,120841,quant Mid Cap Fund - Growth Option - Direct Plan,quant Mutual Fund
2016-11-22,44.0172,120841,quant Mid Cap Fund - Growth Option - Direct Plan,quant Mutual Fund
2016-11-23,44.318,120841,quant Mid Cap Fund - Growth Option - Direct Plan,quant Mutual Fund
2016-11-24,44.3228,120841,quant Mid Cap Fund - Growth Option - Direct Plan,quant Mutual Fund
2016-11-25,44.774,120841,quant Mid Cap Fund - Growth Option - Direct Plan,quant Mutual Fund
2016-11-28,44.7225,120841,quant Mid Cap Fund - Growth Option - Direct Plan,quant Mutual Fund
2016-11-29,44.6202,120841,quant Mid Cap Fund - Growth Option - Direct Plan,quant Mutual Fund
2016-11-30,44.7168,120841,quant Mid Cap Fund - Growth Option - Direct Plan,quant Mutual Fund
2016-12-01,44.6774,120841,quant Mid Cap Fund - Growth Option - Direct Plan,quant Mutual Fund
2016-12-02,44.3674,120841,quant Mid Cap Fund - Growth Option - Direct Plan,quant Mutual Fund
2016-12-05,44.4293,120841,quant Mid Cap Fund - Growth Option - Direct Plan,quant Mutual Fund
2016-12-06,44.4492,120841,quant Mid Cap Fund - Growth Option - Direct Plan,quant Mutual Fund
2016-12-07,44.2018,120841,quant Mid Cap Fund - Growth Option - Direct Plan,quant Mutual Fund
2016-12-08,44.7777,120841,quant Mid Cap Fund - Growth Option - Direct Plan,quant Mutual Fund
2016-12-09,44.9309,120841,quant Mid Cap Fund - Growth Option - Direct Plan,quant Mutual Fund
2016-12-12,44.7589,120841,quant Mid Cap Fund - Growth Option - Direct Plan,quant Mutual Fund
2016-12-13,44.9278,120841,quant Mid Cap Fund - Growth Option - Direct Plan,quant Mutual Fund
2016-12-14,44.7197,120841,quant Mid Cap Fund - Growth Option - Direct Plan,quant Mutual Fund
2016-12-15,44.6701,120841,quant Mid Cap Fund - Growth Option - Direct Plan,quant Mutual Fund
2016-12-16,44.7426,120841,quant Mid Cap Fund - Growth Option - Direct Plan,quant Mutual Fund
2016-12-19,44.5271,120841,quant Mid Cap Fund - Growth Option - Direct Plan,quant Mutual Fund
2016-12-20,44.2162,120841,quant Mid Cap Fund - Growth Option - Direct Plan,quant Mutual Fund
2016-12-21,44.0413,120841,quant Mid Cap Fund - Growth Option - Direct Plan,quant Mutual Fund
2016-12-22,43.7165,120841,quant Mid Cap Fund - Growth Option - Direct Plan,quant Mutual Fund
2016-12-23,43.6648,120841,quant Mid Cap Fund - Growth Option - Direct Plan,quant Mutual Fund
2016-12-26,43.3163,120841,quant Mid Cap Fund - Growth Option - Direct Plan,quant Mutual Fund
2016-12-27,43.5595,120841,quant Mid Cap Fund - Growth Option - Direct Plan,quant Mutual Fund
2016-12-28,43.6725,120841,quant Mid Cap Fund - Growth Option - Direct Plan,quant Mutual Fund
2016-12-29,43.8966,120841,quant Mid Cap Fund - Growth Option - Direct Plan,quant Mutual Fund
2016-12-30,44.2716,120841,quant Mid Cap Fund - Growth Option - Direct Plan,quant Mutual Fund
2017-01-02,44.2947,120841,quant Mid Cap Fund - Growth Option - Direct Plan,quant Mutual Fund
2017-01-03,44.4973,120841,quant Mid Cap Fund - Growth Option - Direct Plan,quant Mutual Fund
2017-01-04,44.5042,120841,quant Mid Cap Fund - Growth Option - Direct Plan,quant Mutual Fund
2017-01-05,44.893,120841,quant Mid Cap Fund - Growth Option - Direct Plan,quant Mutual Fund
2017-01-06,44.6518,120841,quant Mid Cap Fund - Growth Option - Direct Plan,quant Mutual Fund
2017-01-09,44.6436,120841,quant Mid Cap Fund - Growth Option - Direct Plan,quant Mutual Fund
2017-01-10,44.604,120841,quant Mid Cap Fund - Growth Option - Direct Plan,quant Mutual Fund
2017-01-11,44.7656,120841,quant Mid Cap Fund - Growth Option - Direct Plan,quant Mutual Fund
2017-01-12,44.7539,120841,quant Mid Cap Fund - Growth Option - Direct Plan,quant Mutual Fund
2017-01-13,44.9041,120841,quant Mid Cap Fund - Growth Option - Direct Plan,quant Mutual Fund
2017-01-16,44.8403,120841,quant Mid Cap Fund - Growth Option - Direct Plan,quant Mutual Fund
2017-01-17,44.8612,120841,quant Mid Cap Fund - Growth Option - Direct Plan,quant Mutual Fund
2017-01-18,44.8719,120841,quant Mid Cap Fund - Growth Option - Direct Plan,quant Mutual Fund
2017-01-19,44.8812,120841,quant Mid Cap Fund - Growth Option - Direct Plan,quant Mutual Fund
2017-01-20,44.4805,120841,quant Mid Cap Fund - Growth Option - Direct Plan,quant Mutual Fund
2017-01-23,44.5136,120841,quant Mid Cap Fund - Growth Option - Direct Plan,quant Mutual Fund
2017-01-24,44.7528,120841,quant Mid Cap Fund - Growth Option - Direct Plan,quant Mutual Fund
2017-01-25,44.9529,120841,quant Mid Cap Fund - Growth Option - Direct Plan,quant Mutual Fund
2017-01-27,45.3839,120841,quant Mid Cap Fund - Growth Option - Direct Plan,quant Mutual Fund
2017-01-30,45.6634,120841,quant Mid Cap Fund - Growth Option - Direct Plan,quant Mutual Fund
2017-01-31,45.3401,120841,quant Mid Cap Fund - Growth Option - Direct Plan,quant Mutual Fund
2017-02-01,45.6344,120841,quant Mid Cap Fund - Growth Option - Direct Plan,quant Mutual Fund
2017-02-02,46.135,120841,quant Mid Cap Fund - Growth Option - Direct Plan,quant Mutual Fund
2017-02-03,46.0294,120841,quant Mid Cap Fund - Growth Option - Direct Plan,quant Mutual Fund
2017-02-06,46.4307,120841,quant Mid Cap Fund - Growth Option - Direct Plan,quant Mutual Fund
2017-02-07,46.1615,120841,quant Mid Cap Fund - Growth Option - Direct Plan,quant Mutual Fund
2017-02-08,46.1045,120841,quant Mid Cap Fund - Growth Option - Direct Plan,quant Mutual Fund
2017-02-09,46.1113,120841,quant Mid Cap Fund - Growth Option - Direct Plan,quant Mutual Fund
2017-02-10,46.1021,120841,quant Mid Cap Fund - Growth Option - Direct Plan,quant Mutual Fund
2017-02-13,46.2084,120841,quant Mid Cap Fund - Growth Option - Direct Plan,quant Mutual Fund
2017-02-14,46.1923,120841,quant Mid Cap Fund - Growth Option - Direct Plan,quant Mutual Fund
2017-02-15,45.9069,120841,quant Mid Cap Fund - Growth Option - Direct Plan,quant Mutual Fund
2017-02-16,46.3536,120841,quant Mid Cap Fund - Growth Option - Direct Plan,quant Mutual Fund
2017-02-17,46.5361,120841,quant Mid Cap Fund - Growth Option - Direct Plan,quant Mutual Fund
2017-02-20,46.7,120841,quant Mid Cap Fund - Growth Option - Direct Plan,quant Mutual Fund
2017-02-21,46.8724,120841,quant Mid Cap Fund - Growth Option - Direct Plan,quant Mutual Fund
2017-02-22,46.7794,120841,quant Mid Cap Fund - Growth Option - Direct Plan,quant Mutual Fund
2017-02-23,46.8451,120841,quant Mid Cap Fund - Growth Option - Direct Plan,quant Mutual Fund
2017-02-27,46.8116,120841,quant Mid Cap Fund - Growth Option - Direct Plan,quant Mutual Fund
2017-02-28,46.6798,120841,quant Mid Cap Fund - Growth Option - Direct Plan,quant Mutual Fund
2017-03-01,47.0151,120841,quant Mid Cap Fund - Growth Option - Direct Plan,quant Mutual Fund
2017-03-02,46.725,120841,quant Mid Cap Fund - Growth Option - Direct Plan,quant Mutual Fund
2017-03-03,47.2031,120841,quant Mid Cap Fund - Growth Option - Direct Plan,quant Mutual Fund
2017-03-06,47.3499,120841,quant Mid Cap Fund - Growth Option - Direct Plan,quant Mutual Fund
2017-03-07,47.5058,120841,quant Mid Cap Fund - Growth Option - Direct Plan,quant Mutual Fund
2017-03-08,47.4553,120841,quant Mid Cap Fund - Growth Option - Direct Plan,quant Mutual Fund
2017-03-09,47.3759,120841,quant Mid Cap Fund - Growth Option - Direct Plan,quant Mutual Fund
2017-03-10,47.2595,120841,quant Mid Cap Fund - Growth Option - Direct Plan,quant Mutual Fund
2017-03-14,47.5888,120841,quant Mid Cap Fund - Growth Option - Direct Plan,quant Mutual Fund
2017-03-15,47.6148,120841,quant Mid Cap Fund - Growth Option - Direct Plan,quant Mutual Fund
2017-03-16,47.8785,120841,quant Mid Cap Fund - Growth Option - Direct Plan,quant Mutual Fund
2017-03-17,47.9569,120841,quant Mid Cap Fund - Growth Option - Direct Plan,quant Mutual Fund
2017-03-20,48.1478,120841,quant Mid Cap Fund - Growth Option - Direct Plan,quant Mutual Fund
2017-03-21,48.0443,120841,quant Mid Cap Fund - Growth Option - Direct Plan,quant Mutual Fund
2017-03-22,47.7387,120841,quant Mid Cap Fund - Growth Option - Direct Plan,quant Mutual Fund
2017-03-23,47.9662,120841,quant Mid Cap Fund - Growth Option - Direct Plan,quant Mutual Fund
2017-03-24,47.974,120841,quant Mid Cap Fund - Growth Option - Direct Plan,quant Mutual Fund
2017-03-27,48.0176,120841,quant Mid Cap Fund - Growth Option - Direct Plan,quant Mutual Fund
2017-03-28,48.2353,120841,quant Mid Cap Fund - Growth Option - Direct Plan,quant Mutual Fund
2017-03-29,48.1492,120841,quant Mid Cap Fund - Growth Option - Direct Plan,quant Mutual Fund
2017-03-30,48.4946,120841,quant Mid Cap Fund - Growth Option - Direct Plan,quant Mutual Fund
2017-03-31,48.4738,120841,quant Mid Cap Fund - Growth Option - Direct Plan,quant Mutual Fund
2017-04-03,48.6439,120841,quant Mid Cap Fund - Growth Option - Direct Plan,quant Mutual Fund
2017-04-05,48.8466,120841,quant Mid Cap Fund - Growth Option - Direct Plan,quant Mutual Fund
2017-04-06,48.8463,120841,quant Mid Cap Fund - Growth Option - Direct Plan,quant Mutual Fund
2017-04-07,48.6746,120841,quant Mid Cap Fund - Growth Option - Direct Plan,quant Mutual Fund
2017-04-10,48.7858,120841,quant Mid Cap Fund - Growth Option - Direct Plan,quant Mutual Fund
2017-04-11,48.9793,120841,quant Mid Cap Fund - Growth Option - Direct Plan,quant Mutual Fund
2017-04-12,48.8076,120841,quant Mid Cap Fund - Growth Option - Direct Plan,quant Mutual Fund
2017-04-13,48.7427,120841,quant Mid Cap Fund - Growth Option - Direct Plan,quant Mutual Fund
2017-04-17,48.8076,120841,quant Mid Cap Fund - Growth Option - Direct Plan,quant Mutual Fund
2017-04-18,48.5394,120841,quant Mid Cap Fund - Growth Option - Direct Plan,quant Mutual Fund
2017-04-19,48.7705,120841,quant Mid Cap Fund - Growth Option - Direct Plan,quant Mutual Fund
2017-04-20,48.8744,120841,quant Mid Cap Fund - Growth Option - Direct Plan,quant Mutual Fund
2017-04-21,48.7205,120841,quant Mid Cap Fund - Growth Option - Direct Plan,quant Mutual Fund
2017-04-24,49.0819,120841,quant Mid Cap Fund - Growth Option - Direct Plan,quant Mutual Fund
2017-04-25,49.4499,120841,quant Mid Cap Fund - Growth Option - Direct Plan,quant Mutual Fund
2017-04-26,49.3174,120841,quant Mid Cap Fund - Growth Option - Direct Plan,quant Mutual Fund
2017-04-27,49.3447,120841,quant Mid Cap Fund - Growth Option - Direct Plan,quant Mutual Fund
2017-04-28,49.2122,120841,quant Mid Cap Fund - Growth Option - Direct Plan,quant Mutual Fund
2017-05-02,49.2748,120841,quant Mid Cap Fund - Growth Option - Direct Plan,quant Mutual Fund
2017-05-03,49.208,120841,quant Mid Cap Fund - Growth Option - Direct Plan,quant Mutual Fund
2017-05-04,49.5693,120841,quant Mid Cap Fund - Growth Option - Direct Plan,quant Mutual Fund
2017-05-05,49.5022,120841,quant Mid Cap Fund - Growth Option - Direct Plan,quant Mutual Fund
2017-05-08,49.9032,120841,quant Mid Cap Fund - Growth Option - Direct Plan,quant Mutual Fund
2017-05-09,50.185,120841,quant Mid Cap Fund - Growth Option - Direct Plan,quant Mutual Fund
2017-05-10,50.3488,120841,quant Mid Cap Fund - Growth Option - Direct Plan,quant Mutual Fund
2017-05-11,50.3709,120841,quant Mid Cap Fund - Growth Option - Direct Plan,quant Mutual Fund
2017-05-12,50.2195,120841,quant Mid Cap Fund - Growth Option - Direct Plan,quant Mutual Fund
2017-05-15,50.6543,120841,quant Mid Cap Fund - Growth Option - Direct Plan,quant Mutual Fund
2017-05-16,50.8546,120841,quant Mid Cap Fund - Growth Option - Direct Plan,quant Mutual Fund
2017-05-17,50.7513,120841,quant Mid Cap Fund - Growth Option - Direct Plan,quant Mutual Fund
2017-05-18,50.2709,120841,quant Mid Cap Fund - Growth Option - Direct Plan,quant Mutual Fund
2017-05-19,50.0984,120841,quant Mid Cap Fund - Growth Option - Direct Plan,quant Mutual Fund
2017-05-22,49.9904,120841,quant Mid Cap Fund - Growth Option - Direct Plan,quant Mutual Fund
2017-05-23,49.3919,120841,quant Mid Cap Fund - Growth Option - Direct Plan,quant Mutual Fund
2017-05-24,49.1609,120841,quant Mid Cap Fund - Growth Option - Direct Plan,quant Mutual Fund
2017-05-25,49.8005,120841,quant Mid Cap Fund - Growth Option - Direct Plan,quant Mutual Fund
2017-05-26,50.1525,120841,quant Mid Cap Fund - Growth Option - Direct Plan,quant Mutual Fund
2017-05-29,49.9694,120841,quant Mid Cap Fund - Growth Option - Direct Plan,quant Mutual Fund
2017-05-30,49.9086,120841,quant Mid Cap Fund - Growth Option - Direct Plan,quant Mutual Fund
2017-05-31,50.086,120841,quant Mid Cap Fund - Growth Option - Direct Plan,quant Mutual Fund
2017-06-01,50.5691,120841,quant Mid Cap Fund - Growth Option - Direct Plan,quant Mutual Fund
2017-06-02,50.8137,120841,quant Mid Cap Fund - Growth Option - Direct Plan,quant Mutual Fund
2017-06-05,51.1389,120841,quant Mid Cap Fund - Growth Option - Direct Plan,quant Mutual Fund
2017-06-06,50.9186,120841,quant Mid Cap Fund - Growth Option - Direct Plan,quant Mutual Fund
2017-06-07,50.9278,120841,quant Mid Cap Fund - Growth Option - Direct Plan,quant Mutual Fund
2017-06-08,50.9098,120841,quant Mid Cap Fund - Growth Option - Direct Plan,quant Mutual Fund
2017-06-09,50.9633,120841,quant Mid Cap Fund - Growth Option - Direct Plan,quant Mutual Fund
2017-06-12,50.8526,120841,quant Mid Cap Fund - Growth Option - Direct Plan,quant Mutual Fund
2017-06-13,50.7351,120841,quant Mid Cap Fund - Growth Option - Direct Plan,quant Mutual Fund
2017-06-14,50.6685,120841,quant Mid Cap Fund - Growth Option - Direct Plan,quant Mutual Fund
2017-06-15,50.7915,120841,quant Mid Cap Fund - Growth Option - Direct Plan,quant Mutual Fund
2017-06-16,50.8527,120841,quant Mid Cap Fund - Growth Option - Direct Plan,quant Mutual Fund
2017-06-19,51.0377,120841,quant Mid Cap Fund - Growth Option - Direct Plan,quant Mutual Fund
2017-06-20,51.3325,120841,quant Mid Cap Fund - Growth Option - Direct Plan,quant Mutual Fund
2017-06-21,51.1627,120841,quant Mid Cap Fund - Growth Option - Direct Plan,quant Mutual Fund
2017-06-22,51.0105,120841,quant Mid Cap Fund - Growth Option - Direct Plan,quant Mutual Fund
2017-06-23,50.634,120841,quant Mid Cap Fund - Growth Option - Direct Plan,quant Mutual Fund
2017-06-27,50.1662,120841,quant Mid Cap Fund - Growth Option - Direct Plan,quant Mutual Fund
2017-06-28,50.2621,120841,quant Mid Cap Fund - Growth Option - Direct Plan,quant Mutual Fund
2017-06-29,50.6024,120841,quant Mid Cap Fund - Growth Option - Direct Plan,quant Mutual Fund
2017-06-30,51.0428,120841,quant Mid Cap Fund - Growth Option - Direct Plan,quant Mutual Fund
2017-07-03,51.4957,120841,quant Mid Cap Fund - Growth Option - Direct Plan,quant Mutual Fund
2017-07-04,51.4155,120841,quant Mid Cap Fund - Growth Option - Direct Plan,quant Mutual Fund
2017-07-05,51.6977,120841,quant Mid Cap Fund - Growth Option - Direct Plan,quant Mutual Fund
2017-07-06,51.78,120841,quant Mid Cap Fund - Growth Option - Direct Plan,quant Mutual Fund
2017-07-07,51.6244,120841,quant Mid Cap Fund - Growth Option - Direct Plan,quant Mutual Fund
2017-07-10,51.7595,120841,quant Mid Cap Fund - Growth Option - Direct Plan,quant Mutual Fund
2017-07-11,51.6444,120841,quant Mid Cap Fund - Growth Option - Direct Plan,quant Mutual Fund
2017-07-12,51.7894,120841,quant Mid Cap Fund - Growth Option - Direct Plan,quant Mutual Fund
2017-07-13,52.1989,120841,quant Mid Cap Fund - Growth Option - Direct Plan,quant Mutual Fund
2017-07-14,51.9899,120841,quant Mid Cap Fund - Growth Option - Direct Plan,quant Mutual Fund
2017-07-17,52.1358,120841,quant Mid Cap Fund - Growth Option - Direct Plan,quant Mutual Fund
2017-07-18,51.5988,120841,quant Mid Cap Fund - Growth Option - Direct Plan,quant Mutual Fund
2017-07-19,51.7677,120841,quant Mid Cap Fund - Growth Option - Direct Plan,quant Mutual Fund
2017-07-20,51.6241,120841,quant Mid Cap Fund - Growth Option - Direct Plan,quant Mutual Fund
2017-07-21,51.6779,120841,quant Mid Cap Fund - Growth Option - Direct Plan,quant Mutual Fund
2017-07-24,51.5258,120841,quant Mid Cap Fund - Growth Option - Direct Plan,quant Mutual Fund
2017-07-25,51.6699,120841,quant Mid Cap Fund - Growth Option - Direct Plan,quant Mutual Fund
2017-07-26,51.7039,120841,quant Mid Cap Fund - Growth Option - Direct Plan,quant Mutual Fund
2017-07-27,51.6326,120841,quant Mid Cap Fund - Growth Option - Direct Plan,quant Mutual Fund
2017-07-28,51.6688,120841,quant Mid Cap Fund - Growth Option - Direct Plan,quant Mutual Fund
2017-07-31,51.594,120841,quant Mid Cap Fund - Growth Option - Direct Plan,quant Mutual Fund
2017-08-01,51.5924,120841,quant Mid Cap Fund - Growth Option - Direct Plan,quant Mutual Fund
2017-08-02,51.6228,120841,quant Mid Cap Fund - Growth Option - Direct Plan,quant Mutual Fund
2017-08-03,51.5464,120841,quant Mid Cap Fund - Growth Option - Direct Plan,quant Mutual Fund
2017-08-04,51.8016,120841,quant Mid Cap Fund - Growth Option - Direct Plan,quant Mutual Fund
2017-08-07,51.999,120841,quant Mid Cap Fund - Growth Option - Direct Plan,quant Mutual Fund
2017-08-08,51.8675,120841,quant Mid Cap Fund - Growth Option - Direct Plan,quant Mutual Fund
2017-08-09,51.5566,120841,quant Mid Cap Fund - Growth Option - Direct Plan,quant Mutual Fund
2017-08-10,50.8384,120841,quant Mid Cap Fund - Growth Option - Direct Plan,quant Mutual Fund
2017-08-11,50.7161,120841,quant Mid Cap Fund - Growth Option - Direct Plan,quant Mutual Fund
2017-08-14,51.0124,120841,quant Mid Cap Fund - Growth Option - Direct Plan,quant Mutual Fund
2017-08-16,51.4469,120841,quant Mid Cap Fund - Growth Option - Direct Plan,quant Mutual Fund
2017-08-17,51.4468,120841,quant Mid Cap Fund - Growth Option - Direct Plan,quant Mutual Fund
2017-08-18,51.3925,120841,quant Mid Cap Fund - Growth Option - Direct Plan,quant Mutual Fund
2017-08-21,51.1516,120841,quant Mid Cap Fund - Growth Option - Direct Plan,quant Mutual Fund
2017-08-22,51.0667,120841,quant Mid Cap Fund - Growth Option - Direct Plan,quant Mutual Fund
2017-08-23,51.3041,120841,quant Mid Cap Fund - Growth Option - Direct Plan,quant Mutual Fund
2017-08-24,51.1357,120841,quant Mid Cap Fund - Growth Option - Direct Plan,quant Mutual Fund
2017-08-28,51.4359,120841,quant Mid Cap Fund - Growth Option - Direct Plan,quant Mutual Fund
2017-08-29,51.0848,120841,quant Mid Cap Fund - Growth Option - Direct Plan,quant Mutual Fund
2017-08-30,51.4854,120841,quant Mid Cap Fund - Growth Option - Direct Plan,quant Mutual Fund
2017-08-31,52.0016,120841,quant Mid Cap Fund - Growth Option - Direct Plan,quant Mutual Fund
2017-09-01,52.3986,120841,quant Mid Cap Fund - Growth Option - Direct Plan,quant Mutual Fund
2017-09-04,52.3124,120841,quant Mid Cap Fund - Growth Option - Direct Plan,quant Mutual Fund
2017-09-05,52.7452,120841,quant Mid Cap Fund - Growth Option - Direct Plan,quant Mutual Fund
2017-09-06,52.6738,120841,quant Mid Cap Fund - Growth Option - Direct Plan,quant Mutual Fund
2017-09-07,52.8514,120841,quant Mid Cap Fund - Growth Option - Direct Plan,quant Mutual Fund
2017-09-08,53.1353,120841,quant Mid Cap Fund - Growth Option - Direct Plan,quant Mutual Fund
2017-09-11,53.2675,120841,quant Mid Cap Fund - Growth Option - Direct Plan,quant Mutual Fund
2017-09-12,53.64,120841,quant Mid Cap Fund - Growth Option - Direct Plan,quant Mutual Fund
2017-09-13,53.2516,120841,quant Mid Cap Fund - Growth Option - Direct Plan,quant Mutual Fund
2017-09-14,53.3451,120841,quant Mid Cap Fund - Growth Option - Direct Plan,quant Mutual Fund
2017-09-15,53.4129,120841,quant Mid Cap Fund - Growth Option - Direct Plan,quant Mutual Fund
2017-09-18,53.6369,120841,quant Mid Cap Fund - Growth Option - Direct Plan,quant Mutual Fund
2017-09-19,53.9021,120841,quant Mid Cap Fund - Growth Option - Direct Plan,quant Mutual Fund
2017-09-20,53.7644,120841,quant Mid Cap Fund - Growth Option - Direct Plan,quant Mutual Fund
2017-09-21,53.5512,120841,quant Mid Cap Fund - Growth Option - Direct Plan,quant Mutual Fund
2017-09-22,52.3697,120841,quant Mid Cap Fund - Growth Option - Direct Plan,quant Mutual Fund
2017-09-25,52.0166,120841,quant Mid Cap Fund - Growth Option - Direct Plan,quant Mutual Fund
2017-09-26,52.2702,120841,quant Mid Cap Fund - Growth Option - Direct Plan,quant Mutual Fund
2017-09-27,51.8133,120841,quant Mid Cap Fund - Growth Option - Direct Plan,quant Mutual Fund
2017-09-28,52.1137,120841,quant Mid Cap Fund - Growth Option - Direct Plan,quant Mutual Fund
2017-09-29,52.3224,120841,quant Mid Cap Fund - Growth Option - Direct Plan,quant Mutual Fund
2017-10-03,52.7802,120841,quant Mid Cap Fund - Growth Option - Direct Plan,quant Mutual Fund
2017-10-04,52.9694,120841,quant Mid Cap Fund - Growth Option - Direct Plan,quant Mutual Fund
2017-10-05,53.1179,120841,quant Mid Cap Fund - Growth Option - Direct Plan,quant Mutual Fund
2017-10-06,53.6176,120841,quant Mid Cap Fund - Growth Option - Direct Plan,quant Mutual Fund
2017-10-09,53.7749,120841,quant Mid Cap Fund - Growth Option - Direct Plan,quant Mutual Fund
2017-10-10,53.808,120841,quant Mid Cap Fund - Growth Option - Direct Plan,quant Mutual Fund
2017-10-11,53.4235,120841,quant Mid Cap Fund - Growth Option - Direct Plan,quant Mutual Fund
2017-10-12,53.6773,120841,quant Mid Cap Fund - Growth Option - Direct Plan,quant Mutual Fund
2017-10-13,53.7015,120841,quant Mid Cap Fund - Growth Option - Direct Plan,quant Mutual Fund
2017-10-16,53.8567,120841,quant Mid Cap Fund - Growth Option - Direct Plan,quant Mutual Fund
2017-10-17,54.074,120841,quant Mid Cap Fund - Growth Option - Direct Plan,quant Mutual Fund
2017-10-18,53.9667,120841,quant Mid Cap Fund - Growth Option - Direct Plan,quant Mutual Fund
2017-10-23,53.8459,120841,quant Mid Cap Fund - Growth Option - Direct Plan,quant Mutual Fund
2017-10-24,54.1148,120841,quant Mid Cap Fund - Growth Option - Direct Plan,quant Mutual Fund
2017-10-25,54.1578,120841,quant Mid Cap Fund - Growth Option - Direct Plan,quant Mutual Fund
2017-10-26,54.3216,120841,quant Mid Cap Fund - Growth Option - Direct Plan,quant Mutual Fund
2017-10-27,54.5508,120841,quant Mid Cap Fund - Growth Option - Direct Plan,quant Mutual Fund
2017-10-30,54.8878,120841,quant Mid Cap Fund - Growth Option - Direct Plan,quant Mutual Fund
2017-10-31,55.1752,120841,quant Mid Cap Fund - Growth Option - Direct Plan,quant Mutual Fund
2017-11-01,55.5844,120841,quant Mid Cap Fund - Growth Option - Direct Plan,quant Mutual Fund
2017-11-02,55.6619,120841,quant Mid Cap Fund - Growth Option - Direct Plan,quant Mutual Fund
2017-11-03,56.0156,120841,quant Mid Cap Fund - Growth Option - Direct Plan,quant Mutual Fund
2017-11-06,56.4759,120841,quant Mid Cap Fund - Growth Option - Direct Plan,quant Mutual Fund
2017-11-07,55.8834,120841,quant Mid Cap Fund - Growth Option - Direct Plan,quant Mutual Fund
2017-11-08,55.3957,120841,quant Mid Cap Fund - Growth Option - Direct Plan,quant Mutual Fund
2017-11-09,55.5355,120841,quant Mid Cap Fund - Growth Option - Direct Plan,quant Mutual Fund
2017-11-10,55.296,120841,quant Mid Cap Fund - Growth Option - Direct Plan,quant Mutual Fund
2017-11-13,54.9131,120841,quant Mid Cap Fund - Growth Option - Direct Plan,quant Mutual Fund
2017-11-14,54.98,120841,quant Mid Cap Fund - Growth Option - Direct Plan,quant Mutual Fund
2017-11-15,54.4504,120841,quant Mid Cap Fund - Growth Option - Direct Plan,quant Mutual Fund
2017-11-16,54.5761,120841,quant Mid Cap Fund - Growth Option - Direct Plan,quant Mutual Fund
2017-11-17,54.8416,120841,quant Mid Cap Fund - Growth Option - Direct Plan,quant Mutual Fund
2017-11-20,55.0608,120841,quant Mid Cap Fund - Growth Option - Direct Plan,quant Mutual Fund
2017-11-21,55.3008,120841,quant Mid Cap Fund - Growth Option - Direct Plan,quant Mutual Fund
2017-11-22,55.7742,120841,quant Mid Cap Fund - Growth Option - Direct Plan,quant Mutual Fund
2017-11-23,56.0366,120841,quant Mid Cap Fund - Growth Option - Direct Plan,quant Mutual Fund
2017-11-24,56.331,120841,quant Mid Cap Fund - Growth Option - Direct Plan,quant Mutual Fund
2017-11-27,56.3592,120841,quant Mid Cap Fund - Growth Option - Direct Plan,quant Mutual Fund
2017-11-28,56.2772,120841,quant Mid Cap Fund - Growth Option - Direct Plan,quant Mutual Fund
2017-11-29,56.0999,120841,quant Mid Cap Fund - Growth Option - Direct Plan,quant Mutual Fund
2017-11-30,55.8123,120841,quant Mid Cap Fund - Growth Option - Direct Plan,quant Mutual Fund
2017-12-01,55.5939,120841,quant Mid Cap Fund - Growth Option - Direct Plan,quant Mutual Fund
2017-12-04,55.7399,120841,quant Mid Cap Fund - Growth Option - Direct Plan,quant Mutual Fund
2017-12-05,55.7219,120841,quant Mid Cap Fund - Growth Option - Direct Plan,quant Mutual Fund
2017-12-06,55.3205,120841,quant Mid Cap Fund - Growth Option - Direct Plan,quant Mutual Fund
2017-12-07,55.7391,120841,quant Mid Cap Fund - Growth Option - Direct Plan,quant Mutual Fund
2017-12-08,56.3363,120841,quant Mid Cap Fund - Growth Option - Direct Plan,quant Mutual Fund
2017-12-11,56.4358,120841,quant Mid Cap Fund - Growth Option - Direct Plan,quant Mutual Fund
2017-12-12,55.9491,120841,quant Mid Cap Fund - Growth Option - Direct Plan,quant Mutual Fund
2017-12-13,55.5746,120841,quant Mid Cap Fund - Growth Option - Direct Plan,quant Mutual Fund
2017-12-14,55.5811,120841,quant Mid Cap Fund - Growth Option - Direct Plan,quant Mutual Fund
2017-12-15,55.9759,120841,quant Mid Cap Fund - Growth Option - Direct Plan,quant Mutual Fund
2017-12-18,56.1235,120841,quant Mid Cap Fund - Growth Option - Direct Plan,quant Mutual Fund
2017-12-19,56.7498,120841,quant Mid Cap Fund - Growth Option - Direct Plan,quant Mutual Fund
2017-12-20,56.7039,120841,quant Mid Cap Fund - Growth Option - Direct Plan,quant Mutual Fund
2017-12-21,56.8026,120841,quant Mid Cap Fund - Growth Option - Direct Plan,quant Mutual Fund
2017-12-22,57.0013,120841,quant Mid Cap Fund - Growth Option - Direct Plan,quant Mutual Fund
2017-12-26,57.8488,120841,quant Mid Cap Fund - Growth Option - Direct Plan,quant Mutual Fund
2017-12-27,57.7682,120841,quant Mid Cap Fund - Growth Option - Direct Plan,quant Mutual Fund
2017-12-28,57.6014,120841,quant Mid Cap Fund - Growth Option - Direct Plan,quant Mutual Fund
2017-12-29,57.9319,120841,quant Mid Cap Fund - Growth Option - Direct Plan,quant Mutual Fund
2018-01-01,57.7566,120841,quant Mid Cap Fund - Growth Option - Direct Plan,quant Mutual Fund
2018-01-02,57.4445,120841,quant Mid Cap Fund - Growth Option - Direct Plan,quant Mutual Fund
2018-01-03,57.6914,120841,quant Mid Cap Fund - Growth Option - Direct Plan,quant Mutual Fund
2018-01-04,57.94,120841,quant Mid Cap Fund - Growth Option - Direct Plan,quant Mutual Fund
2018-01-05,58.2755,120841,quant Mid Cap Fund - Growth Option - Direct Plan,quant Mutual Fund
2018-01-08,58.681,120841,quant Mid Cap Fund - Growth Option - Direct Plan,quant Mutual Fund
2018-01-09,58.7338,120841,quant Mid Cap Fund - Growth Option - Direct Plan,quant Mutual Fund
2018-01-10,58.5513,120841,quant Mid Cap Fund - Growth Option - Direct Plan,quant Mutual Fund
2018-01-11,58.7766,120841,quant Mid Cap Fund - Growth Option - Direct Plan,quant Mutual Fund
2018-01-12,58.7709,120841,quant Mid Cap Fund - Growth Option - Direct Plan,quant Mutual Fund
2018-01-15,58.8635,120841,quant Mid Cap Fund - Growth Option - Direct Plan,quant Mutual Fund
2018-01-16,58.2543,120841,quant Mid Cap Fund - Growth Option - Direct Plan,quant Mutual Fund
2018-01-17,58.5782,120841,quant Mid Cap Fund - Growth Option - Direct Plan,quant Mutual Fund
2018-01-18,58.05,120841,quant Mid Cap Fund - Growth Option - Direct Plan,quant Mutual Fund
2018-01-19,58.3372,120841,quant Mid Cap Fund - Growth Option - Direct Plan,quant Mutual Fund
2018-01-22,58.5472,120841,quant Mid Cap Fund - Growth Option - Direct Plan,quant Mutual Fund
2018-01-23,58.6221,120841,quant Mid Cap Fund - Growth Option - Direct Plan,quant Mutual Fund
2018-01-24,58.4006,120841,quant Mid Cap Fund - Growth Option - Direct Plan,quant Mutual Fund
2018-01-25,58.0873,120841,quant Mid Cap Fund - Growth Option - Direct Plan,quant Mutual Fund
2018-01-29,58.2284,120841,quant Mid Cap Fund - Growth Option - Direct Plan,quant Mutual Fund
2018-01-30,57.8925,120841,quant Mid Cap Fund - Growth Option - Direct Plan,quant Mutual Fund
2018-01-31,57.8254,120841,quant Mid Cap Fund - Growth Option - Direct Plan,quant Mutual Fund
2018-02-01,57.9965,120841,quant Mid Cap Fund - Growth Option - Direct Plan,quant Mutual Fund
2018-02-02,56.6489,120841,quant Mid Cap Fund - Growth Option - Direct Plan,quant Mutual Fund
2018-02-05,56.3622,120841,quant Mid Cap Fund - Growth Option - Direct Plan,quant Mutual Fund
2018-02-06,55.8448,120841,quant Mid Cap Fund - Growth Option - Direct Plan,quant Mutual Fund
2018-02-07,56.2631,120841,quant Mid Cap Fund - Growth Option - Direct Plan,quant Mutual Fund
2018-02-08,56.7201,120841,quant Mid Cap Fund - Growth Option - Direct Plan,quant Mutual Fund
2018-02-09,56.448,120841,quant Mid Cap Fund - Growth Option - Direct Plan,quant Mutual Fund
2018-02-12,57.0739,120841,quant Mid Cap Fund - Growth Option - Direct Plan,quant Mutual Fund
2018-02-14,57.1892,120841,quant Mid Cap Fund - Growth Option - Direct Plan,quant Mutual Fund
2018-02-15,56.9874,120841,quant Mid Cap Fund - Growth Option - Direct Plan,quant Mutual Fund
2018-02-16,56.5924,120841,quant Mid Cap Fund - Growth Option - Direct Plan,quant Mutual Fund
2018-02-19,56.2988,120841,quant Mid Cap Fund - Growth Option - Direct Plan,quant Mutual Fund
2018-02-20,56.1813,120841,quant Mid Cap Fund - Growth Option - Direct Plan,quant Mutual Fund
2018-02-21,56.1844,120841,quant Mid Cap Fund - Growth Option - Direct Plan,quant Mutual Fund
2018-02-22,56.0697,120841,quant Mid Cap Fund - Growth Option - Direct Plan,quant Mutual Fund
2018-02-23,56.6859,120841,quant Mid Cap Fund - Growth Option - Direct Plan,quant Mutual Fund
2018-02-26,57.1568,120841,quant Mid Cap Fund - Growth Option - Direct Plan,quant Mutual Fund
2018-02-27,57.0693,120841,quant Mid Cap Fund - Growth Option - Direct Plan,quant Mutual Fund
2018-02-28,56.9969,120841,quant Mid Cap Fund - Growth Option - Direct Plan,quant Mutual Fund
2018-03-01,56.7842,120841,quant Mid Cap Fund - Growth Option - Direct Plan,quant Mutual Fund
2018-03-05,56.273,120841,quant Mid Cap Fund - Growth Option - Direct Plan,quant Mutual Fund
2018-03-06,55.8812,120841,quant Mid Cap Fund - Growth Option - Direct Plan,quant Mutual Fund
2018-03-07,55.3347,120841,quant Mid Cap Fund - Growth Option - Direct Plan,quant Mutual Fund
2018-03-08,55.5861,120841,quant Mid Cap Fund - Growth Option - Direct Plan,quant Mutual Fund
2018-03-09,55.4893,120841,quant Mid Cap Fund - Growth Option - Direct Plan,quant Mutual Fund
2018-03-12,56.0497,120841,quant Mid Cap Fund - Growth Option - Direct Plan,quant Mutual Fund
2018-03-13,56.1963,120841,quant Mid Cap Fund - Growth Option - Direct Plan,quant Mutual Fund
2018-03-14,56.1494,120841,quant Mid Cap Fund - Growth Option - Direct Plan,quant Mutual Fund
2018-03-15,56.1515,120841,quant Mid Cap Fund - Growth Option - Direct Plan,quant Mutual Fund
2018-03-16,55.6619,120841,quant Mid Cap Fund - Growth Option - Direct Plan,quant Mutual Fund
2018-03-19,55.234,120841,quant Mid Cap Fund - Growth Option - Direct Plan,quant Mutual Fund
2018-03-20,55.4601,120841,quant Mid Cap Fund - Growth Option - Direct Plan,quant Mutual Fund
2018-03-21,55.5757,120841,quant Mid Cap Fund - Growth Option - Direct Plan,quant Mutual Fund
2018-03-22,55.4818,120841,quant Mid Cap Fund - Growth Option - Direct Plan,quant Mutual Fund
2018-03-23,55.1785,120841,quant Mid Cap Fund - Growth Option - Direct Plan,quant Mutual Fund
2018-03-26,55.7966,120841,quant Mid Cap Fund - Growth Option - Direct Plan,quant Mutual Fund
2018-03-27,56.1437,120841,quant Mid Cap Fund - Growth Option - Direct Plan,quant Mutual Fund
2018-03-28,55.9924,120841,quant Mid Cap Fund - Growth Option - Direct Plan,quant Mutual Fund
2018-03-31,55.9928,120841,quant Mid Cap Fund - Growth Option - Direct Plan,quant Mutual Fund
2018-04-02,56.8195,120841,quant Mid Cap Fund - Growth Option - Direct Plan,quant Mutual Fund
2018-04-03,57.0141,120841,quant Mid Cap Fund - Growth Option - Direct Plan,quant Mutual Fund
2018-04-04,56.5592,120841,quant Mid Cap Fund - Growth Option - Direct Plan,quant Mutual Fund
2018-04-05,57.1057,120841,quant Mid Cap Fund - Growth Option - Direct Plan,quant Mutual Fund
2018-04-06,57.4263,120841,quant Mid Cap Fund - Growth Option - Direct Plan,quant Mutual Fund
2018-04-09,57.5301,120841,quant Mid Cap Fund - Growth Option - Direct Plan,quant Mutual Fund
2018-04-10,57.5743,120841,quant Mid Cap Fund - Growth Option - Direct Plan,quant Mutual Fund
2018-04-11,57.5632,120841,quant Mid Cap Fund - Growth Option - Direct Plan,quant Mutual Fund
2018-04-12,57.4137,120841,quant Mid Cap Fund - Growth Option - Direct Plan,quant Mutual Fund
2018-04-13,57.5374,120841,quant Mid Cap Fund - Growth Option - Direct Plan,quant Mutual Fund
2018-04-16,57.7751,120841,quant Mid Cap Fund - Growth Option - Direct Plan,quant Mutual Fund
2018-04-17,57.8781,120841,quant Mid Cap Fund - Growth Option - Direct Plan,quant Mutual Fund
2018-04-18,57.8333,120841,quant Mid Cap Fund - Growth Option - Direct Plan,quant Mutual Fund
2018-04-19,58.0117,120841,quant Mid Cap Fund - Growth Option - Direct Plan,quant Mutual Fund
2018-04-20,57.7797,120841,quant Mid Cap Fund - Growth Option - Direct Plan,quant Mutual Fund
2018-04-23,57.8767,120841,quant Mid Cap Fund - Growth Option - Direct Plan,quant Mutual Fund
2018-04-24,57.9774,120841,quant Mid Cap Fund - Growth Option - Direct Plan,quant Mutual Fund
2018-04-25,58.0015,120841,quant Mid Cap Fund - Growth Option - Direct Plan,quant Mutual Fund
2018-04-26,58.2236,120841,quant Mid Cap Fund - Growth Option - Direct Plan,quant Mutual Fund
2018-04-27,58.5214,120841,quant Mid Cap Fund - Growth Option - Direct Plan,quant Mutual Fund
2018-04-30,58.8362,120841,quant Mid Cap Fund - Growth Option - Direct Plan,quant Mutual Fund
2018-05-02,58.4171,120841,quant Mid Cap Fund - Growth Option - Direct Plan,quant Mutual Fund
2018-05-03,58.0048,120841,quant Mid Cap Fund - Growth Option - Direct Plan,quant Mutual Fund
2018-05-04,57.8227,120841,quant Mid Cap Fund - Growth Option - Direct Plan,quant Mutual Fund
2018-05-07,58.0671,120841,quant Mid Cap Fund - Growth Option - Direct Plan,quant Mutual Fund
2018-05-08,58.0189,120841,quant Mid Cap Fund - Growth Option - Direct Plan,quant Mutual Fund
2018-05-09,57.9979,120841,quant Mid Cap Fund - Growth Option - Direct Plan,quant Mutual Fund
2018-05-10,57.7764,120841,quant Mid Cap Fund - Growth Option - Direct Plan,quant Mutual Fund
2018-05-11,58.1485,120841,quant Mid Cap Fund - Growth Option - Direct Plan,quant Mutual Fund
2018-05-14,57.9716,120841,quant Mid Cap Fund - Growth Option - Direct Plan,quant Mutual Fund
2018-05-15,57.6349,120841,quant Mid Cap Fund - Growth Option - Direct Plan,quant Mutual Fund
2018-05-16,57.4798,120841,quant Mid Cap Fund - Growth Option - Direct Plan,quant Mutual Fund
2018-05-17,57.4675,120841,quant Mid Cap Fund - Growth Option - Direct Plan,quant Mutual Fund
2018-05-18,57.0479,120841,quant Mid Cap Fund - Growth Option - Direct Plan,quant Mutual Fund
2018-05-21,56.7051,120841,quant Mid Cap Fund - Growth Option - Direct Plan,quant Mutual Fund
2018-05-22,56.8882,120841,quant Mid Cap Fund - Growth Option - Direct Plan,quant Mutual Fund
2018-05-23,56.4104,120841,quant Mid Cap Fund - Growth Option - Direct Plan,quant Mutual Fund
2018-05-24,56.3652,120841,quant Mid Cap Fund - Growth Option - Direct Plan,quant Mutual Fund
2018-05-25,56.9477,120841,quant Mid Cap Fund - Growth Option - Direct Plan,quant Mutual Fund
2018-05-28,57.3406,120841,quant Mid Cap Fund - Growth Option - Direct Plan,quant Mutual Fund
2018-05-29,57.0888,120841,quant Mid Cap Fund - Growth Option - Direct Plan,quant Mutual Fund
2018-05-30,56.9974,120841,quant Mid Cap Fund - Growth Option - Direct Plan,quant Mutual Fund
2018-05-31,57.1883,120841,quant Mid Cap Fund - Growth Option - Direct Plan,quant Mutual Fund
2018-06-01,56.7463,120841,quant Mid Cap Fund - Growth Option - Direct Plan,quant Mutual Fund
2018-06-04,56.2903,120841,quant Mid Cap Fund - Growth Option - Direct Plan,quant Mutual Fund
2018-06-05,56.0484,120841,quant Mid Cap Fund - Growth Option - Direct Plan,quant Mutual Fund
2018-06-06,56.5379,120841,quant Mid Cap Fund - Growth Option - Direct Plan,quant Mutual Fund
2018-06-07,56.9192,120841,quant Mid Cap Fund - Growth Option - Direct Plan,quant Mutual Fund
2018-06-08,56.9829,120841,quant Mid Cap Fund - Growth Option - Direct Plan,quant Mutual Fund
2018-06-11,57.1646,120841,quant Mid Cap Fund - Growth Option - Direct Plan,quant Mutual Fund
2018-06-12,57.4956,120841,quant Mid Cap Fund - Growth Option - Direct Plan,quant Mutual Fund
2018-06-13,57.3488,120841,quant Mid Cap Fund - Growth Option - Direct Plan,quant Mutual Fund
2018-06-14,57.3212,120841,quant Mid Cap Fund - Growth Option - Direct Plan,quant Mutual Fund
2018-06-15,57.1758,120841,quant Mid Cap Fund - Growth Option - Direct Plan,quant Mutual Fund
2018-06-18,57.2522,120841,quant Mid Cap Fund - Growth Option - Direct Plan,quant Mutual Fund
2018-06-19,57.0015,120841,quant Mid Cap Fund - Growth Option - Direct Plan,quant Mutual Fund
2018-06-20,57.1397,120841,quant Mid Cap Fund - Growth Option - Direct Plan,quant Mutual Fund
2018-06-21,57.0101,120841,quant Mid Cap Fund - Growth Option - Direct Plan,quant Mutual Fund
2018-06-22,57.1608,120841,quant Mid Cap Fund - Growth Option - Direct Plan,quant Mutual Fund
2018-06-25,56.802,120841,quant Mid Cap Fund - Growth Option - Direct Plan,quant Mutual Fund
2018-06-26,56.8186,120841,quant Mid Cap Fund - Growth Option - Direct Plan,quant Mutual Fund
2018-06-27,56.499,120841,quant Mid Cap Fund - Growth Option - Direct Plan,quant Mutual Fund
2018-06-28,56.1223,120841,quant Mid Cap Fund - Growth Option - Direct Plan,quant Mutual Fund
2018-06-29,56.4848,120841,quant Mid Cap Fund - Growth Option - Direct Plan,quant Mutual Fund
2018-07-02,56.3285,120841,quant Mid Cap Fund - Growth Option - Direct Plan,quant Mutual Fund
2018-07-03,56.6131,120841,quant Mid Cap Fund - Growth Option - Direct Plan,quant Mutual Fund
2018-07-04,56.8242,120841,quant Mid Cap Fund - Growth Option - Direct Plan,quant Mutual Fund
2018-07-05,56.8631,120841,quant Mid Cap Fund - Growth Option - Direct Plan,quant Mutual Fund
2018-07-06,56.9648,120841,quant Mid Cap Fund - Growth Option - Direct Plan,quant Mutual Fund
2018-07-09,57.3334,120841,quant Mid Cap Fund - Growth Option - Direct Plan,quant Mutual Fund
2018-07-10,57.6491,120841,quant Mid Cap Fund - Growth Option - Direct Plan,quant Mutual Fund
2018-07-11,57.3163,120841,quant Mid Cap Fund - Growth Option - Direct Plan,quant Mutual Fund
2018-07-12,57.5862,120841,quant Mid Cap Fund - Growth Option - Direct Plan,quant Mutual Fund
2018-07-13,57.4531,120841,quant Mid Cap Fund - Growth Option - Direct Plan,quant Mutual Fund
2018-07-16,56.9923,120841,quant Mid Cap Fund - Growth Option - Direct Plan,quant Mutual Fund
2018-07-17,57.3717,120841,quant Mid Cap Fund - Growth Option - Direct Plan,quant Mutual Fund
2018-07-18,57.1759,120841,quant Mid Cap Fund - Growth Option - Direct Plan,quant Mutual Fund
2018-07-19,57.0174,120841,quant Mid Cap Fund - Growth Option - Direct Plan,quant Mutual Fund
2018-07-20,57.2905,120841,quant Mid Cap Fund - Growth Option - Direct Plan,quant Mutual Fund
2018-07-23,57.6433,120841,quant Mid Cap Fund - Growth Option - Direct Plan,quant Mutual Fund
2018-07-24,58.0602,120841,quant Mid Cap Fund - Growth Option - Direct Plan,quant Mutual Fund
2018-07-25,58.0588,120841,quant Mid Cap Fund - Growth Option - Direct Plan,quant Mutual Fund
2018-07-26,58.1463,120841,quant Mid Cap Fund - Growth Option - Direct Plan,quant Mutual Fund
2018-07-27,58.5139,120841,quant Mid Cap Fund - Growth Option - Direct Plan,quant Mutual Fund
2018-07-30,58.5654,120841,quant Mid Cap Fund - Growth Option - Direct Plan,quant Mutual Fund
2018-07-31,58.7278,120841,quant Mid Cap Fund - Growth Option - Direct Plan,quant Mutual Fund
2018-08-01,58.8678,120841,quant Mid Cap Fund - Growth Option - Direct Plan,quant Mutual Fund
2018-08-02,58.5508,120841,quant Mid Cap Fund - Growth Option - Direct Plan,quant Mutual Fund
2018-08-03,58.8246,120841,quant Mid Cap Fund - Growth Option - Direct Plan,quant Mutual Fund
2018-08-06,58.845,120841,quant Mid Cap Fund - Growth Option - Direct Plan,quant Mutual Fund
2018-08-07,58.7823,120841,quant Mid Cap Fund - Growth Option - Direct Plan,quant Mutual Fund
2018-08-08,58.9247,120841,quant Mid Cap Fund - Growth Option - Direct Plan,quant Mutual Fund
2018-08-09,58.8757,120841,quant Mid Cap Fund - Growth Option - Direct Plan,quant Mutual Fund
2018-08-10,58.8225,120841,quant Mid Cap Fund - Growth Option - Direct Plan,quant Mutual Fund
2018-08-13,58.6216,120841,quant Mid Cap Fund - Growth Option - Direct Plan,quant Mutual Fund
2018-08-14,58.948,120841,quant Mid Cap Fund - Growth Option - Direct Plan,quant Mutual Fund
2018-08-16,58.7001,120841,quant Mid Cap Fund - Growth Option - Direct Plan,quant Mutual Fund
2018-08-17,59.2794,120841,quant Mid Cap Fund - Growth Option - Direct Plan,quant Mutual Fund
2018-08-20,59.7522,120841,quant Mid Cap Fund - Growth Option - Direct Plan,quant Mutual Fund
2018-08-21,59.8449,120841,quant Mid Cap Fund - Growth Option - Direct Plan,quant Mutual Fund
2018-08-23,60.0756,120841,quant Mid Cap Fund - Growth Option - Direct Plan,quant Mutual Fund
2018-08-24,60.1112,120841,quant Mid Cap Fund - Growth Option - Direct Plan,quant Mutual Fund
2018-08-27,60.4211,120841,quant Mid Cap Fund - Growth Option - Direct Plan,quant Mutual Fund
2018-08-28,60.6619,120841,quant Mid Cap Fund - Growth Option - Direct Plan,quant Mutual Fund
2018-08-29,60.5234,120841,quant Mid Cap Fund - Growth Option - Direct Plan,quant Mutual Fund
2018-08-30,60.5187,120841,quant Mid Cap Fund - Growth Option - Direct Plan,quant Mutual Fund
2018-08-31,60.7597,120841,quant Mid Cap Fund - Growth Option - Direct Plan,quant Mutual Fund
2018-09-03,60.3649,120841,quant Mid Cap Fund - Growth Option - Direct Plan,quant Mutual Fund
2018-09-04,59.7035,120841,quant Mid Cap Fund - Growth Option - Direct Plan,quant Mutual Fund
2018-09-05,59.5398,120841,quant Mid Cap Fund - Growth Option - Direct Plan,quant Mutual Fund
2018-09-06,60.2592,120841,quant Mid Cap Fund - Growth Option - Direct Plan,quant Mutual Fund
2018-09-07,60.6367,120841,quant Mid Cap Fund - Growth Option - Direct Plan,quant Mutual Fund
2018-09-10,59.8002,120841,quant Mid Cap Fund - Growth Option - Direct Plan,quant Mutual Fund
2018-09-11,58.9633,120841,quant Mid Cap Fund - Growth Option - Direct Plan,quant Mutual Fund
2018-09-12,59.411,120841,quant Mid Cap Fund - Growth Option - Direct Plan,quant Mutual Fund
2018-09-14,60.1101,120841,quant Mid Cap Fund - Growth Option - Direct Plan,quant Mutual Fund
2018-09-17,59.5565,120841,quant Mid Cap Fund - Growth Option - Direct Plan,quant Mutual Fund
2018-09-18,58.9816,120841,quant Mid Cap Fund - Growth Option - Direct Plan,quant Mutual Fund
2018-09-19,58.7545,120841,quant Mid Cap Fund - Growth Option - Direct Plan,quant Mutual Fund
2018-09-21,58.0538,120841,quant Mid Cap Fund - Growth Option - Direct Plan,quant Mutual Fund
2018-09-24,56.9356,120841,quant Mid Cap Fund - Growth Option - Direct Plan,quant Mutual Fund
2018-09-25,57.5402,120841,quant Mid Cap Fund - Growth Option - Direct Plan,quant Mutual Fund
2018-09-26,57.7739,120841,quant Mid Cap Fund - Growth Option - Direct Plan,quant Mutual Fund
2018-09-27,57.2837,120841,quant Mid Cap Fund - Growth Option - Direct Plan,quant Mutual Fund
2018-09-28,56.7032,120841,quant Mid Cap Fund - Growth Option - Direct Plan,quant Mutual Fund
2018-10-01,57.1071,120841,quant Mid Cap Fund - Growth Option - Direct Plan,quant Mutual Fund
2018-10-03,56.7677,120841,quant Mid Cap Fund - Growth Option - Direct Plan,quant Mutual Fund
2018-10-04,55.7746,120841,quant Mid Cap Fund - Growth Option - Direct Plan,quant Mutual Fund
2018-10-05,54.5873,120841,quant Mid Cap Fund - Growth Option - Direct Plan,quant Mutual Fund
2018-10-08,53.9097,120841,quant Mid Cap Fund - Growth Option - Direct Plan,quant Mutual Fund
2018-10-09,53.8919,120841,quant Mid Cap Fund - Growth Option - Direct Plan,quant Mutual Fund
2018-10-10,54.8105,120841,quant Mid Cap Fund - Growth Option - Direct Plan,quant Mutual Fund
2018-10-11,53.6189,120841,quant Mid Cap Fund - Growth Option - Direct Plan,quant Mutual Fund
2018-10-12,54.2766,120841,quant Mid Cap Fund - Growth Option - Direct Plan,quant Mutual Fund
2018-10-15,54.6268,120841,quant Mid Cap Fund - Growth Option - Direct Plan,quant Mutual Fund
2018-10-16,54.9143,120841,quant Mid Cap Fund - Growth Option - Direct Plan,quant Mutual Fund
2018-10-17,54.4636,120841,quant Mid Cap Fund - Growth Option - Direct Plan,quant Mutual Fund
2018-10-19,53.9527,120841,quant Mid Cap Fund - Growth Option - Direct Plan,quant Mutual Fund
2018-10-22,53.9897,120841,quant Mid Cap Fund - Growth Option - Direct Plan,quant Mutual Fund
2018-10-23,53.6692,120841,quant Mid Cap Fund - Growth Option - Direct Plan,quant Mutual Fund
2018-10-24,53.591,120841,quant Mid Cap Fund - Growth Option - Direct Plan,quant Mutual Fund
2018-10-25,53.3053,120841,quant Mid Cap Fund - Growth Option - Direct Plan,quant Mutual Fund
2018-10-26,53.1644,120841,quant Mid Cap Fund - Growth Option - Direct Plan,quant Mutual Fund
2018-10-29,54.6469,120841,quant Mid Cap Fund - Growth Option - Direct Plan,quant Mutual Fund
2018-10-30,54.8327,120841,quant Mid Cap Fund - Growth Option - Direct Plan,quant Mutual Fund
2018-10-31,55.554,120841,quant Mid Cap Fund - Growth Option - Direct Plan,quant Mutual Fund
2018-11-01,56.2748,120841,quant Mid Cap Fund - Growth Option - Direct Plan,quant Mutual Fund
2018-11-02,56.1832,120841,quant Mid Cap Fund - Growth Option - Direct Plan,quant Mutual Fund
2018-11-05,55.6086,120841,quant Mid Cap Fund - Growth Option - Direct Plan,quant Mutual Fund
2018-11-06,55.8355,120841,quant Mid Cap Fund - Growth Option - Direct Plan,quant Mutual Fund
2018-11-09,56.356,120841,quant Mid Cap Fund - Growth Option - Direct Plan,quant Mutual Fund
2018-11-12,55.9104,120841,quant Mid Cap Fund - Growth Option - Direct Plan,quant Mutual Fund
2018-11-13,56.0628,120841,quant Mid Cap Fund - Growth Option - Direct Plan,quant Mutual Fund
2018-11-14,56.16,120841,quant Mid Cap Fund - Growth Option - Direct Plan,quant Mutual Fund
2018-11-15,56.9165,120841,quant Mid Cap Fund - Growth Option - Direct Plan,quant Mutual Fund
2018-11-16,56.938,120841,quant Mid Cap Fund - Growth Option - Direct Plan,quant Mutual Fund
2018-11-19,56.921,120841,quant Mid Cap Fund - Growth Option - Direct Plan,quant Mutual Fund
2018-11-20,56.0644,120841,quant Mid Cap Fund - Growth Option - Direct Plan,quant Mutual Fund
2018-11-21,56.5687,120841,quant Mid Cap Fund - Growth Option - Direct Plan,quant Mutual Fund
2018-11-22,56.0409,120841,quant Mid Cap Fund - Growth Option - Direct Plan,quant Mutual Fund
2018-11-26,56.2998,120841,quant Mid Cap Fund - Growth Option - Direct Plan,quant Mutual Fund
2018-11-27,56.6766,120841,quant Mid Cap Fund - Growth Option - Direct Plan,quant Mutual Fund
2018-11-28,56.3766,120841,quant Mid Cap Fund - Growth Option - Direct Plan,quant Mutual Fund
2018-11-29,56.6811,120841,quant Mid Cap Fund - Growth Option - Direct Plan,quant Mutual Fund
2018-11-30,57.1898,120841,quant Mid Cap Fund - Growth Option - Direct Plan,quant Mutual Fund
2018-12-03,57.0556,120841,quant Mid Cap Fund - Growth Option - Direct Plan,quant Mutual Fund
2018-12-04,56.6321,120841,quant Mid Cap Fund - Growth Option - Direct Plan,quant Mutual Fund
2018-12-05,55.7834,120841,quant Mid Cap Fund - Growth Option - Direct Plan,quant Mutual Fund
2018-12-06,54.7688,120841,quant Mid Cap Fund - Growth Option - Direct Plan,quant Mutual Fund
2018-12-07,55.0268,120841,quant Mid Cap Fund - Growth Option - Direct Plan,quant Mutual Fund
2018-12-10,53.9016,120841,quant Mid Cap Fund - Growth Option - Direct Plan,quant Mutual Fund
2018-12-11,55.0014,120841,quant Mid Cap Fund - Growth Option - Direct Plan,quant Mutual Fund
2018-12-12,56.3105,120841,quant Mid Cap Fund - Growth Option - Direct Plan,quant Mutual Fund
2018-12-13,56.6467,120841,quant Mid Cap Fund - Growth Option - Direct Plan,quant Mutual Fund
2018-12-14,56.7611,120841,quant Mid Cap Fund - Growth Option - Direct Plan,quant Mutual Fund
2018-12-17,56.8786,120841,quant Mid Cap Fund - Growth Option - Direct Plan,quant Mutual Fund
2018-12-18,57.2413,120841,quant Mid Cap Fund - Growth Option - Direct Plan,quant Mutual Fund
2018-12-19,58.1022,120841,quant Mid Cap Fund - Growth Option - Direct Plan,quant Mutual Fund
2018-12-20,58.0018,120841,quant Mid Cap Fund - Growth Option - Direct Plan,quant Mutual Fund
2018-12-21,57.1987,120841,quant Mid Cap Fund - Growth Option - Direct Plan,quant Mutual Fund
2018-12-24,56.7621,120841,quant Mid Cap Fund - Growth Option - Direct Plan,quant Mutual Fund
2018-12-26,56.8744,120841,quant Mid Cap Fund - Growth Option - Direct Plan,quant Mutual Fund
2018-12-27,56.7148,120841,quant Mid Cap Fund - Growth Option - Direct Plan,quant Mutual Fund
2018-12-28,57.186,120841,quant Mid Cap Fund - Growth Option - Direct Plan,quant Mutual Fund
2018-12-31,57.2691,120841,quant Mid Cap Fund - Growth Option - Direct Plan,quant Mutual Fund
2019-01-01,57.4833,120841,quant Mid Cap Fund - Growth Option - Direct Plan,quant Mutual Fund
2019-01-02,56.9398,120841,quant Mid Cap Fund - Growth Option - Direct Plan,quant Mutual Fund
2019-01-03,56.4965,120841,quant Mid Cap Fund - Growth Option - Direct Plan,quant Mutual Fund
2019-01-04,57.1773,120841,quant Mid Cap Fund - Growth Option - Direct Plan,quant Mutual Fund
2019-01-07,57.162,120841,quant Mid Cap Fund - Growth Option - Direct Plan,quant Mutual Fund
2019-01-08,57.5187,120841,quant Mid Cap Fund - Growth Option - Direct Plan,quant Mutual Fund
2019-01-09,57.493,120841,quant Mid Cap Fund - Growth Option - Direct Plan,quant Mutual Fund
2019-01-10,57.7291,120841,quant Mid Cap Fund - Growth Option - Direct Plan,quant Mutual Fund
2019-01-11,57.5518,120841,quant Mid Cap Fund - Growth Option - Direct Plan,quant Mutual Fund
2019-01-14,57.3814,120841,quant Mid Cap Fund - Growth Option - Direct Plan,quant Mutual Fund
2019-01-15,57.5285,120841,quant Mid Cap Fund - Growth Option - Direct Plan,quant Mutual Fund
2019-01-16,57.5166,120841,quant Mid Cap Fund - Growth Option - Direct Plan,quant Mutual Fund
2019-01-17,57.231,120841,quant Mid Cap Fund - Growth Option - Direct Plan,quant Mutual Fund
2019-01-18,56.9596,120841,quant Mid Cap Fund - Growth Option - Direct Plan,quant Mutual Fund
2019-01-21,56.4626,120841,quant Mid Cap Fund - Growth Option - Direct Plan,quant Mutual Fund
2019-01-22,56.4879,120841,quant Mid Cap Fund - Growth Option - Direct Plan,quant Mutual Fund
2019-01-23,56.1867,120841,quant Mid Cap Fund - Growth Option - Direct Plan,quant Mutual Fund
2019-01-24,56.285,120841,quant Mid Cap Fund - Growth Option - Direct Plan,quant Mutual Fund
2019-01-25,55.5767,120841,quant Mid Cap Fund - Growth Option - Direct Plan,quant Mutual Fund
2019-01-28,54.6951,120841,quant Mid Cap Fund - Growth Option - Direct Plan,quant Mutual Fund
2019-01-29,54.9597,120841,quant Mid Cap Fund - Growth Option - Direct Plan,quant Mutual Fund
2019-01-30,55.4969,120841,quant Mid Cap Fund - Growth Option - Direct Plan,quant Mutual Fund
2019-01-31,55.4075,120841,quant Mid Cap Fund - Growth Option - Direct Plan,quant Mutual Fund
2019-02-01,54.9992,120841,quant Mid Cap Fund - Growth Option - Direct Plan,quant Mutual Fund
2019-02-04,54.9498,120841,quant Mid Cap Fund - Growth Option - Direct Plan,quant Mutual Fund
2019-02-05,54.7139,120841,quant Mid Cap Fund - Growth Option - Direct Plan,quant Mutual Fund
2019-02-06,55.0284,120841,quant Mid Cap Fund - Growth Option - Direct Plan,quant Mutual Fund
2019-02-07,55.5605,120841,quant Mid Cap Fund - Growth Option - Direct Plan,quant Mutual Fund
2019-02-08,54.4952,120841,quant Mid Cap Fund - Growth Option - Direct Plan,quant Mutual Fund
2019-02-11,53.4023,120841,quant Mid Cap Fund - Growth Option - Direct Plan,quant Mutual Fund
2019-02-12,53.0963,120841,quant Mid Cap Fund - Growth Option - Direct Plan,quant Mutual Fund
2019-02-13,52.7316,120841,quant Mid Cap Fund - Growth Option - Direct Plan,quant Mutual Fund
2019-02-14,52.907,120841,quant Mid Cap Fund - Growth Option - Direct Plan,quant Mutual Fund
2019-02-15,52.2324,120841,quant Mid Cap Fund - Growth Option - Direct Plan,quant Mutual Fund
2019-02-18,51.9001,120841,quant Mid Cap Fund - Growth Option - Direct Plan,quant Mutual Fund
2019-02-19,52.1016,120841,quant Mid Cap Fund - Growth Option - Direct Plan,quant Mutual Fund
2019-02-20,52.4495,120841,quant Mid Cap Fund - Growth Option - Direct Plan,quant Mutual Fund
2019-02-21,53.1862,120841,quant Mid Cap Fund - Growth Option - Direct Plan,quant Mutual Fund
2019-02-22,53.304,120841,quant Mid Cap Fund - Growth Option - Direct Plan,quant Mutual Fund
2019-02-25,53.6858,120841,quant Mid Cap Fund - Growth Option - Direct Plan,quant Mutual Fund
2019-02-26,53.329,120841,quant Mid Cap Fund - Growth Option - Direct Plan,quant Mutual Fund
2019-02-27,53.519,120841,quant Mid Cap Fund - Growth Option - Direct Plan,quant Mutual Fund
2019-02-28,53.7938,120841,quant Mid Cap Fund - Growth Option - Direct Plan,quant Mutual Fund
2019-03-01,54.1544,120841,quant Mid Cap Fund - Growth Option - Direct Plan,quant Mutual Fund
2019-03-05,55.7395,120841,quant Mid Cap Fund - Growth Option - Direct Plan,quant Mutual Fund
2019-03-06,55.9649,120841,quant Mid Cap Fund - Growth Option - Direct Plan,quant Mutual Fund
2019-03-07,56.2362,120841,quant Mid Cap Fund - Growth Option - Direct Plan,quant Mutual Fund
2019-03-08,55.8381,120841,quant Mid Cap Fund - Growth Option - Direct Plan,quant Mutual Fund
2019-03-11,56.8626,120841,quant Mid Cap Fund - Growth Option - Direct Plan,quant Mutual Fund
2019-03-12,57.1418,120841,quant Mid Cap Fund - Growth Option - Direct Plan,quant Mutual Fund
2019-03-13,56.7812,120841,quant Mid Cap Fund - Growth Option - Direct Plan,quant Mutual Fund
2019-03-14,56.7669,120841,quant Mid Cap Fund - Growth Option - Direct Plan,quant Mutual Fund
2019-03-15,56.9537,120841,quant Mid Cap Fund - Growth Option - Direct Plan,quant Mutual Fund
2019-03-18,56.869,120841,quant Mid Cap Fund - Growth Option - Direct Plan,quant Mutual Fund
2019-03-19,57.4891,120841,quant Mid Cap Fund - Growth Option - Direct Plan,quant Mutual Fund
2019-03-20,57.5133,120841,quant Mid Cap Fund - Growth Option - Direct Plan,quant Mutual Fund
2019-03-22,57.4623,120841,quant Mid Cap Fund - Growth Option - Direct Plan,quant Mutual Fund
2019-03-25,56.9177,120841,quant Mid Cap Fund - Growth Option - Direct Plan,quant Mutual Fund
2019-03-26,57.5931,120841,quant Mid Cap Fund - Growth Option - Direct Plan,quant Mutual Fund
2019-03-27,57.885,120841,quant Mid Cap Fund - Growth Option - Direct Plan,quant Mutual Fund
2019-03-28,58.3251,120841,quant Mid Cap Fund - Growth Option - Direct Plan,quant Mutual Fund
2019-03-29,58.9169,120841,quant Mid Cap Fund - Growth Option - Direct Plan,quant Mutual Fund
2019-04-01,59.155,120841,quant Mid Cap Fund - Growth Option - Direct Plan,quant Mutual Fund
2019-04-02,58.9318,120841,quant Mid Cap Fund - Growth Option - Direct Plan,quant Mutual Fund
2019-04-03,58.3833,120841,quant Mid Cap Fund - Growth Option - Direct Plan,quant Mutual Fund
2019-04-04,58.1116,120841,quant Mid Cap Fund - Growth Option - Direct Plan,quant Mutual Fund
2019-04-05,58.4231,120841,quant Mid Cap Fund - Growth Option - Direct Plan,quant Mutual Fund
2019-04-08,58.2362,120841,quant Mid Cap Fund - Growth Option - Direct Plan,quant Mutual Fund
2019-04-09,58.2334,120841,quant Mid Cap Fund - Growth Option - Direct Plan,quant Mutual Fund
2019-04-10,57.9961,120841,quant Mid Cap Fund - Growth Option - Direct Plan,quant Mutual Fund
2019-04-11,58.0274,120841,quant Mid Cap Fund - Growth Option - Direct Plan,quant Mutual Fund
2019-04-12,58.4221,120841,quant Mid Cap Fund - Growth Option - Direct Plan,quant Mutual Fund
2019-04-15,58.8563,120841,quant Mid Cap Fund - Growth Option - Direct Plan,quant Mutual Fund
2019-04-16,58.8978,120841,quant Mid Cap Fund - Growth Option - Direct Plan,quant Mutual Fund
2019-04-18,58.4115,120841,quant Mid Cap Fund - Growth Option - Direct Plan,quant Mutual Fund
2019-04-22,57.1436,120841,quant Mid Cap Fund - Growth Option - Direct Plan,quant Mutual Fund
2019-04-23,57.3451,120841,quant Mid Cap Fund - Growth Option - Direct Plan,quant Mutual Fund
2019-04-24,57.071,120841,quant Mid Cap Fund - Growth Option - Direct Plan,quant Mutual Fund
2019-04-25,56.7643,120841,quant Mid Cap Fund - Growth Option - Direct Plan,quant Mutual Fund
2019-04-26,57.1259,120841,quant Mid Cap Fund - Growth Option - Direct Plan,quant Mutual Fund
2019-04-30,56.3943,120841,quant Mid Cap Fund - Growth Option - Direct Plan,quant Mutual Fund
2019-05-02,55.9352,120841,quant Mid Cap Fund - Growth Option - Direct Plan,quant Mutual Fund
2019-05-03,56.0284,120841,quant Mid Cap Fund - Growth Option - Direct Plan,quant Mutual Fund
2019-05-06,55.4316,120841,quant Mid Cap Fund - Growth Option - Direct Plan,quant Mutual Fund
2019-05-07,54.8353,120841,quant Mid Cap Fund - Growth Option - Direct Plan,quant Mutual Fund
2019-05-08,54.0787,120841,quant Mid Cap Fund - Growth Option - Direct Plan,quant Mutual Fund
2019-05-09,53.7741,120841,quant Mid Cap Fund - Growth Option - Direct Plan,quant Mutual Fund
2019-05-10,53.7771,120841,quant Mid Cap Fund - Growth Option - Direct Plan,quant Mutual Fund
2019-05-13,52.5887,120841,quant Mid Cap Fund - Growth Option - Direct Plan,quant Mutual Fund
2019-05-14,52.7553,120841,quant Mid Cap Fund - Growth Option - Direct Plan,quant Mutual Fund
2019-05-15,52.2774,120841,quant Mid Cap Fund - Growth Option - Direct Plan,quant Mutual Fund
2019-05-16,52.4859,120841,quant Mid Cap Fund - Growth Option - Direct Plan,quant Mutual Fund
2019-05-17,52.7748,120841,quant Mid Cap Fund - Growth Option - Direct Plan,quant Mutual Fund
2019-05-20,54.7179,120841,quant Mid Cap Fund - Growth Option - Direct Plan,quant Mutual Fund
2019-05-21,54.0163,120841,quant Mid Cap Fund - Growth Option - Direct Plan,quant Mutual Fund
2019-05-22,54.1346,120841,quant Mid Cap Fund - Growth Option - Direct Plan,quant Mutual Fund
2019-05-23,54.2421,120841,quant Mid Cap Fund - Growth Option - Direct Plan,quant Mutual Fund
2019-05-24,56.0286,120841,quant Mid Cap Fund - Growth Option - Direct Plan,quant Mutual Fund
2019-05-27,57.5208,120841,quant Mid Cap Fund - Growth Option - Direct Plan,quant Mutual Fund
2019-05-28,57.4263,120841,quant Mid Cap Fund - Growth Option - Direct Plan,quant Mutual Fund
2019-05-29,56.6254,120841,quant Mid Cap Fund - Growth Option - Direct Plan,quant Mutual Fund
2019-05-30,56.7649,120841,quant Mid Cap Fund - Growth Option - Direct Plan,quant Mutual Fund
2019-05-31,56.6381,120841,quant Mid Cap Fund - Growth Option - Direct Plan,quant Mutual Fund
2019-06-03,57.1227,120841,quant Mid Cap Fund - Growth Option - Direct Plan,quant Mutual Fund
2019-06-04,56.8667,120841,quant Mid Cap Fund - Growth Option - Direct Plan,quant Mutual Fund
2019-06-06,55.8931,120841,quant Mid Cap Fund - Growth Option - Direct Plan,quant Mutual Fund
2019-06-07,55.7948,120841,quant Mid Cap Fund - Growth Option - Direct Plan,quant Mutual Fund
2019-06-10,56.1314,120841,quant Mid Cap Fund - Growth Option - Direct Plan,quant Mutual Fund
2019-06-11,56.3185,120841,quant Mid Cap Fund - Growth Option - Direct Plan,quant Mutual Fund
2019-06-12,55.9707,120841,quant Mid Cap Fund - Growth Option - Direct Plan,quant Mutual Fund
2019-06-13,55.8455,120841,quant Mid Cap Fund - Growth Option - Direct Plan,quant Mutual Fund
2019-06-14,55.4199,120841,quant Mid Cap Fund - Growth Option - Direct Plan,quant Mutual Fund
2019-06-17,54.7235,120841,quant Mid Cap Fund - Growth Option - Direct Plan,quant Mutual Fund
2019-06-18,54.8124,120841,quant Mid Cap Fund - Growth Option - Direct Plan,quant Mutual Fund
2019-06-19,54.2741,120841,quant Mid Cap Fund - Growth Option - Direct Plan,quant Mutual Fund
2019-06-20,55.0608,120841,quant Mid Cap Fund - Growth Option - Direct Plan,quant Mutual Fund
2019-06-21,55.0284,120841,quant Mid Cap Fund - Growth Option - Direct Plan,quant Mutual Fund
2019-06-24,54.9755,120841,quant Mid Cap Fund - Growth Option - Direct Plan,quant Mutual Fund
2019-06-25,55.1963,120841,quant Mid Cap Fund - Growth Option - Direct Plan,quant Mutual Fund
2019-06-26,55.505,120841,quant Mid Cap Fund - Growth Option - Direct Plan,quant Mutual Fund
2019-06-27,55.5133,120841,quant Mid Cap Fund - Growth Option - Direct Plan,quant Mutual Fund
2019-06-28,55.4608,120841,quant Mid Cap Fund - Growth Option - Direct Plan,quant Mutual Fund
2019-07-01,55.465,120841,quant Mid Cap Fund - Growth Option - Direct Plan,quant Mutual Fund
2019-07-02,55.5594,120841,quant Mid Cap Fund - Growth Option - Direct Plan,quant Mutual Fund
2019-07-03,55.5408,120841,quant Mid Cap Fund - Growth Option - Direct Plan,quant Mutual Fund
2019-07-04,55.6638,120841,quant Mid Cap Fund - Growth Option - Direct Plan,quant Mutual Fund
2019-07-05,54.9323,120841,quant Mid Cap Fund - Growth Option - Direct Plan,quant Mutual Fund
2019-07-08,53.6374,120841,quant Mid Cap Fund - Growth Option - Direct Plan,quant Mutual Fund
2019-07-09,54.1523,120841,quant Mid Cap Fund - Growth Option - Direct Plan,quant Mutual Fund
2019-07-10,53.5934,120841,quant Mid Cap Fund - Growth Option - Direct Plan,quant Mutual Fund
2019-07-11,53.9327,120841,quant Mid Cap Fund - Growth Option - Direct Plan,quant Mutual Fund
2019-07-12,54.3478,120841,quant Mid Cap Fund - Growth Option - Direct Plan,quant Mutual Fund
2019-07-15,54.2986,120841,quant Mid Cap Fund - Growth Option - Direct Plan,quant Mutual Fund
2019-07-16,54.6143,120841,quant Mid Cap Fund - Growth Option - Direct Plan,quant Mutual Fund
2019-07-17,54.376,120841,quant Mid Cap Fund - Growth Option - Direct Plan,quant Mutual Fund
2019-07-18,53.8307,120841,quant Mid Cap Fund - Growth Option - Direct Plan,quant Mutual Fund
2019-07-19,53.3029,120841,quant Mid Cap Fund - Growth Option - Direct Plan,quant Mutual Fund
2019-07-22,53.1347,120841,quant Mid Cap Fund - Growth Option - Direct Plan,quant Mutual Fund
2019-07-23,52.8834,120841,quant Mid Cap Fund - Growth Option - Direct Plan,quant Mutual Fund
2019-07-24,51.8181,120841,quant Mid Cap Fund - Growth Option - Direct Plan,quant Mutual Fund
2019-07-25,52.0065,120841,quant Mid Cap Fund - Growth Option - Direct Plan,quant Mutual Fund
2019-07-26,52.2139,120841,quant Mid Cap Fund - Growth Option - Direct Plan,quant Mutual Fund
2019-07-29,51.739,120841,quant Mid Cap Fund - Growth Option - Direct Plan,quant Mutual Fund
2019-07-30,51.1131,120841,quant Mid Cap Fund - Growth Option - Direct Plan,quant Mutual Fund
2019-07-31,51.5601,120841,quant Mid Cap Fund - Growth Option - Direct Plan,quant Mutual Fund
2019-08-01,50.825,120841,quant Mid Cap Fund - Growth Option - Direct Plan,quant Mutual Fund
2019-08-02,50.7078,120841,quant Mid Cap Fund - Growth Option - Direct Plan,quant Mutual Fund
2019-08-05,50.1618,120841,quant Mid Cap Fund - Growth Option - Direct Plan,quant Mutual Fund
2019-08-06,50.8886,120841,quant Mid Cap Fund - Growth Option - Direct Plan,quant Mutual Fund
2019-08-07,50.5197,120841,quant Mid Cap Fund - Growth Option - Direct Plan,quant Mutual Fund
2019-08-08,50.8515,120841,quant Mid Cap Fund - Growth Option - Direct Plan,quant Mutual Fund
2019-08-09,51.3738,120841,quant Mid Cap Fund - Growth Option - Direct Plan,quant Mutual Fund
2019-08-13,50.1615,120841,quant Mid Cap Fund - Growth Option - Direct Plan,quant Mutual Fund
2019-08-14,50.8535,120841,quant Mid Cap Fund - Growth Option - Direct Plan,quant Mutual Fund
2019-08-16,51.1022,120841,quant Mid Cap Fund - Growth Option - Direct Plan,quant Mutual Fund
2019-08-19,51.0307,120841,quant Mid Cap Fund - Growth Option - Direct Plan,quant Mutual Fund
2019-08-20,50.5713,120841,quant Mid Cap Fund - Growth Option - Direct Plan,quant Mutual Fund
2019-08-21,49.596,120841,quant Mid Cap Fund - Growth Option - Direct Plan,quant Mutual Fund
2019-08-22,48.9095,120841,quant Mid Cap Fund - Growth Option - Direct Plan,quant Mutual Fund
2019-08-23,49.2995,120841,quant Mid Cap Fund - Growth Option - Direct Plan,quant Mutual Fund
2019-08-26,50.2516,120841,quant Mid Cap Fund - Growth Option - Direct Plan,quant Mutual Fund
2019-08-27,51.1777,120841,quant Mid Cap Fund - Growth Option - Direct Plan,quant Mutual Fund
2019-08-28,51.4026,120841,quant Mid Cap Fund - Growth Option - Direct Plan,quant Mutual Fund
2019-08-29,50.9588,120841,quant Mid Cap Fund - Growth Option - Direct Plan,quant Mutual Fund
2019-08-30,51.4804,120841,quant Mid Cap Fund - Growth Option - Direct Plan,quant Mutual Fund
2019-09-03,51.1942,120841,quant Mid Cap Fund - Growth Option - Direct Plan,quant Mutual Fund
2019-09-04,51.209,120841,quant Mid Cap Fund - Growth Option - Direct Plan,quant Mutual Fund
2019-09-05,51.037,120841,quant Mid Cap Fund - Growth Option - Direct Plan,quant Mutual Fund
2019-09-06,51.6988,120841,quant Mid Cap Fund - Growth Option - Direct Plan,quant Mutual Fund
2019-09-09,52.2742,120841,quant Mid Cap Fund - Growth Option - Direct Plan,quant Mutual Fund
2019-09-11,52.1334,120841,quant Mid Cap Fund - Growth Option - Direct Plan,quant Mutual Fund
2019-09-12,51.6176,120841,quant Mid Cap Fund - Growth Option - Direct Plan,quant Mutual Fund
2019-09-13,51.9264,120841,quant Mid Cap Fund - Growth Option - Direct Plan,quant Mutual Fund
2019-09-16,51.1896,120841,quant Mid Cap Fund - Growth Option - Direct Plan,quant Mutual Fund
2019-09-17,50.1586,120841,quant Mid Cap Fund - Growth Option - Direct Plan,quant Mutual Fund
2019-09-18,50.4635,120841,quant Mid Cap Fund - Growth Option - Direct Plan,quant Mutual Fund
2019-09-19,49.8359,120841,quant Mid Cap Fund - Growth Option - Direct Plan,quant Mutual Fund
2019-09-20,52.9228,120841,quant Mid Cap Fund - Growth Option - Direct Plan,quant Mutual Fund
2019-09-23,54.1398,120841,quant Mid Cap Fund - Growth Option - Direct Plan,quant Mutual Fund
2019-09-24,53.8059,120841,quant Mid Cap Fund - Growth Option - Direct Plan,quant Mutual Fund
2019-09-25,53.4671,120841,quant Mid Cap Fund - Growth Option - Direct Plan,quant Mutual Fund
2019-09-26,53.9101,120841,quant Mid Cap Fund - Growth Option - Direct Plan,quant Mutual Fund
2019-09-27,53.9087,120841,quant Mid Cap Fund - Growth Option - Direct Plan,quant Mutual Fund
2019-09-30,53.0118,120841,quant Mid Cap Fund - Growth Option - Direct Plan,quant Mutual Fund
2019-10-01,52.3266,120841,quant Mid Cap Fund - Growth Option - Direct Plan,quant Mutual Fund
2019-10-03,52.4047,120841,quant Mid Cap Fund - Growth Option - Direct Plan,quant Mutual Fund
2019-10-04,51.5198,120841,quant Mid Cap Fund - Growth Option - Direct Plan,quant Mutual Fund
2019-10-07,51.5874,120841,quant Mid Cap Fund - Growth Option - Direct Plan,quant Mutual Fund
2019-10-09,52.1201,120841,quant Mid Cap Fund - Growth Option - Direct Plan,quant Mutual Fund
2019-10-10,51.352,120841,quant Mid Cap Fund - Growth Option - Direct Plan,quant Mutual Fund
2019-10-11,51.7157,120841,quant Mid Cap Fund - Growth Option - Direct Plan,quant Mutual Fund
2019-10-14,52.0063,120841,quant Mid Cap Fund - Growth Option - Direct Plan,quant Mutual Fund
2019-10-15,52.1496,120841,quant Mid Cap Fund - Growth Option - Direct Plan,quant Mutual Fund
2019-10-16,52.2996,120841,quant Mid Cap Fund - Growth Option - Direct Plan,quant Mutual Fund
2019-10-17,53.4189,120841,quant Mid Cap Fund - Growth Option - Direct Plan,quant Mutual Fund
2019-10-18,54.3253,120841,quant Mid Cap Fund - Growth Option - Direct Plan,quant Mutual Fund
2019-10-22,54.9854,120841,quant Mid Cap Fund - Growth Option - Direct Plan,quant Mutual Fund
2019-10-23,55.7765,120841,quant Mid Cap Fund - Growth Option - Direct Plan,quant Mutual Fund
2019-10-24,55.3504,120841,quant Mid Cap Fund - Growth Option - Direct Plan,quant Mutual Fund
2019-10-25,55.3999,120841,quant Mid Cap Fund - Growth Option - Direct Plan,quant Mutual Fund
2019-10-29,56.3999,120841,quant Mid Cap Fund - Growth Option - Direct Plan,quant Mutual Fund
2019-10-30,57.1014,120841,quant Mid Cap Fund - Growth Option - Direct Plan,quant Mutual Fund
2019-10-31,57.5153,120841,quant Mid Cap Fund - Growth Option - Direct Plan,quant Mutual Fund
2019-11-01,57.082,120841,quant Mid Cap Fund - Growth Option - Direct Plan,quant Mutual Fund
2019-11-04,57.081,120841,quant Mid Cap Fund - Growth Option - Direct Plan,quant Mutual Fund
2019-11-05,56.2048,120841,quant Mid Cap Fund - Growth Option - Direct Plan,quant Mutual Fund
2019-11-06,56.2854,120841,quant Mid Cap Fund - Growth Option - Direct Plan,quant Mutual Fund
2019-11-07,56.0601,120841,quant Mid Cap Fund - Growth Option - Direct Plan,quant Mutual Fund
2019-11-08,55.7464,120841,quant Mid Cap Fund - Growth Option - Direct Plan,quant Mutual Fund
2019-11-11,56.1837,120841,quant Mid Cap Fund - Growth Option - Direct Plan,quant Mutual Fund
2019-11-13,56.7102,120841,quant Mid Cap Fund - Growth Option - Direct Plan,quant Mutual Fund
2019-11-14,56.8178,120841,quant Mid Cap Fund - Growth Option - Direct Plan,quant Mutual Fund
2019-11-15,56.681,120841,quant Mid Cap Fund - Growth Option - Direct Plan,quant Mutual Fund
2019-11-18,57.0568,120841,quant Mid Cap Fund - Growth Option - Direct Plan,quant Mutual Fund
2019-11-19,57.3307,120841,quant Mid Cap Fund - Growth Option - Direct Plan,quant Mutual Fund
2019-11-20,57.4379,120841,quant Mid Cap Fund - Growth Option - Direct Plan,quant Mutual Fund
2019-11-21,57.351,120841,quant Mid Cap Fund - Growth Option - Direct Plan,quant Mutual Fund
2019-11-22,56.9015,120841,quant Mid Cap Fund - Growth Option - Direct Plan,quant Mutual Fund
2019-11-25,57.2265,120841,quant Mid Cap Fund - Growth Option - Direct Plan,quant Mutual Fund
2019-11-26,56.7251,120841,quant Mid Cap Fund - Growth Option - Direct Plan,quant Mutual Fund
2019-11-27,57.3408,120841,quant Mid Cap Fund - Growth Option - Direct Plan,quant Mutual Fund
2019-11-28,57.8483,120841,quant Mid Cap Fund - Growth Option - Direct Plan,quant Mutual Fund
2019-11-29,57.5918,120841,quant Mid Cap Fund - Growth Option - Direct Plan,quant Mutual Fund
2019-12-02,57.3629,120841,quant Mid Cap Fund - Growth Option - Direct Plan,quant Mutual Fund
2019-12-03,56.965,120841,quant Mid Cap Fund - Growth Option - Direct Plan,quant Mutual Fund
2019-12-04,57.0755,120841,quant Mid Cap Fund - Growth Option - Direct Plan,quant Mutual Fund
2019-12-05,56.7838,120841,quant Mid Cap Fund - Growth Option - Direct Plan,quant Mutual Fund
2019-12-06,56.2917,120841,quant Mid Cap Fund - Growth Option - Direct Plan,quant Mutual Fund
2019-12-09,56.171,120841,quant Mid Cap Fund - Growth Option - Direct Plan,quant Mutual Fund
2019-12-10,55.3357,120841,quant Mid Cap Fund - Growth Option - Direct Plan,quant Mutual Fund
2019-12-11,55.6148,120841,quant Mid Cap Fund - Growth Option - Direct Plan,quant Mutual Fund
2019-12-12,56.0762,120841,quant Mid Cap Fund - Growth Option - Direct Plan,quant Mutual Fund
2019-12-13,56.418,120841,quant Mid Cap Fund - Growth Option - Direct Plan,quant Mutual Fund
2019-12-16,55.9057,120841,quant Mid Cap Fund - Growth Option - Direct Plan,quant Mutual Fund
2019-12-17,56.0988,120841,quant Mid Cap Fund - Growth Option - Direct Plan,quant Mutual Fund
2019-12-18,55.8029,120841,quant Mid Cap Fund - Growth Option - Direct Plan,quant Mutual Fund
2019-12-19,56.0773,120841,quant Mid Cap Fund - Growth Option - Direct Plan,quant Mutual Fund
2019-12-20,56.0646,120841,quant Mid Cap Fund - Growth Option - Direct Plan,quant Mutual Fund
2019-12-23,55.9366,120841,quant Mid Cap Fund - Growth Option - Direct Plan,quant Mutual Fund
2019-12-24,55.7772,120841,quant Mid Cap Fund - Growth Option - Direct Plan,quant Mutual Fund
2019-12-26,55.9528,120841,quant Mid Cap Fund - Growth Option - Direct Plan,quant Mutual Fund
2019-12-27,56.3996,120841,quant Mid Cap Fund - Growth Option - Direct Plan,quant Mutual Fund
2019-12-30,56.5326,120841,quant Mid Cap Fund - Growth Option - Direct Plan,quant Mutual Fund
2019-12-31,56.428,120841,quant Mid Cap Fund - Growth Option - Direct Plan,quant Mutual Fund
2020-01-01,56.4189,120841,quant Mid Cap Fund - Growth Option - Direct Plan,quant Mutual Fund
2020-01-02,56.9688,120841,quant Mid Cap Fund - Growth Option - Direct Plan,quant Mutual Fund
2020-01-03,56.778,120841,quant Mid Cap Fund - Growth Option - Direct Plan,quant Mutual Fund
2020-01-06,55.6976,120841,quant Mid Cap Fund - Growth Option - Direct Plan,quant Mutual Fund
2020-01-07,56.2173,120841,quant Mid Cap Fund - Growth Option - Direct Plan,quant Mutual Fund
2020-01-08,56.1255,120841,quant Mid Cap Fund - Growth Option - Direct Plan,quant Mutual Fund
2020-01-09,57.0619,120841,quant Mid Cap Fund - Growth Option - Direct Plan,quant Mutual Fund
2020-01-10,57.0136,120841,quant Mid Cap Fund - Growth Option - Direct Plan,quant Mutual Fund
2020-01-13,57.4274,120841,quant Mid Cap Fund - Growth Option - Direct Plan,quant Mutual Fund
2020-01-14,58.2117,120841,quant Mid Cap Fund - Growth Option - Direct Plan,quant Mutual Fund
2020-01-15,58.4506,120841,quant Mid Cap Fund - Growth Option - Direct Plan,quant Mutual Fund
2020-01-16,58.5949,120841,quant Mid Cap Fund - Growth Option - Direct Plan,quant Mutual Fund
2020-01-17,58.7012,120841,quant Mid Cap Fund - Growth Option - Direct Plan,quant Mutual Fund
2020-01-20,58.5722,120841,quant Mid Cap Fund - Growth Option - Direct Plan,quant Mutual Fund
2020-01-21,58.7161,120841,quant Mid Cap Fund - Growth Option - Direct Plan,quant Mutual Fund
2020-01-22,58.8953,120841,quant Mid Cap Fund - Growth Option - Direct Plan,quant Mutual Fund
2020-01-23,59.7082,120841,quant Mid Cap Fund - Growth Option - Direct Plan,quant Mutual Fund
2020-01-24,60.4024,120841,quant Mid Cap Fund - Growth Option - Direct Plan,quant Mutual Fund
2020-01-27,60.6531,120841,quant Mid Cap Fund - Growth Option - Direct Plan,quant Mutual Fund
2020-01-28,60.5752,120841,quant Mid Cap Fund - Growth Option - Direct Plan,quant Mutual Fund
2020-01-29,60.8375,120841,quant Mid Cap Fund - Growth Option - Direct Plan,quant Mutual Fund
2020-01-30,60.105,120841,quant Mid Cap Fund - Growth Option - Direct Plan,quant Mutual Fund
2020-01-31,59.7157,120841,quant Mid Cap Fund - Growth Option - Direct Plan,quant Mutual Fund
2020-02-03,58.0425,120841,quant Mid Cap Fund - Growth Option - Direct Plan,quant Mutual Fund
2020-02-04,58.5763,120841,quant Mid Cap Fund - Growth Option - Direct Plan,quant Mutual Fund
2020-02-05,59.1907,120841,quant Mid Cap Fund - Growth Option - Direct Plan,quant Mutual Fund
2020-02-06,59.0951,120841,quant Mid Cap Fund - Growth Option - Direct Plan,quant Mutual Fund
2020-02-07,59.6584,120841,quant Mid Cap Fund - Growth Option - Direct Plan,quant Mutual Fund
2020-02-10,59.5773,120841,quant Mid Cap Fund - Growth Option - Direct Plan,quant Mutual Fund
2020-02-11,60.0588,120841,quant Mid Cap Fund - Growth Option - Direct Plan,quant Mutual Fund
2020-02-12,60.1219,120841,quant Mid Cap Fund - Growth Option - Direct Plan,quant Mutual Fund
2020-02-13,59.8924,120841,quant Mid Cap Fund - Growth Option - Direct Plan,quant Mutual Fund
2020-02-14,58.9999,120841,quant Mid Cap Fund - Growth Option - Direct Plan,quant Mutual Fund
2020-02-17,58.4797,120841,quant Mid Cap Fund - Growth Option - Direct Plan,quant Mutual Fund
2020-02-18,59.0137,120841,quant Mid Cap Fund - Growth Option - Direct Plan,quant Mutual Fund
2020-02-19,60.4177,120841,quant Mid Cap Fund - Growth Option - Direct Plan,quant Mutual Fund
2020-02-20,60.7193,120841,quant Mid Cap Fund - Growth Option - Direct Plan,quant Mutual Fund
2020-02-24,59.7133,120841,quant Mid Cap Fund - Growth Option - Direct Plan,quant Mutual Fund
2020-02-25,59.6428,120841,quant Mid Cap Fund - Growth Option - Direct Plan,quant Mutual Fund
2020-02-26,58.7661,120841,quant Mid Cap Fund - Growth Option - Direct Plan,quant Mutual Fund
2020-02-27,57.9347,120841,quant Mid Cap Fund - Growth Option - Direct Plan,quant Mutual Fund
2020-02-28,55.8033,120841,quant Mid Cap Fund - Growth Option - Direct Plan,quant Mutual Fund
2020-03-02,55.9281,120841,quant Mid Cap Fund - Growth Option - Direct Plan,quant Mutual Fund
2020-03-03,57.0181,120841,quant Mid Cap Fund - Growth Option - Direct Plan,quant Mutual Fund
2020-03-04,56.517,120841,quant Mid Cap Fund - Growth Option - Direct Plan,quant Mutual Fund
2020-03-05,57.1614,120841,quant Mid Cap Fund - Growth Option - Direct Plan,quant Mutual Fund
2020-03-06,56.1637,120841,quant Mid Cap Fund - Growth Option - Direct Plan,quant Mutual Fund
2020-03-09,53.6295,120841,quant Mid Cap Fund - Growth Option - Direct Plan,quant Mutual Fund
2020-03-11,53.3443,120841,quant Mid Cap Fund - Growth Option - Direct Plan,quant Mutual Fund
2020-03-12,49.2353,120841,quant Mid Cap Fund - Growth Option - Direct Plan,quant Mutual Fund
2020-03-13,50.2095,120841,quant Mid Cap Fund - Growth Option - Direct Plan,quant Mutual Fund
2020-03-16,47.316,120841,quant Mid Cap Fund - Growth Option - Direct Plan,quant Mutual Fund
2020-03-17,46.2054,120841,quant Mid Cap Fund - Growth Option - Direct Plan,quant Mutual Fund
2020-03-18,43.3121,120841,quant Mid Cap Fund - Growth Option - Direct Plan,quant Mutual Fund
2020-03-19,42.0994,120841,quant Mid Cap Fund - Growth Option - Direct Plan,quant Mutual Fund
2020-03-20,45.0055,120841,quant Mid Cap Fund - Growth Option - Direct Plan,quant Mutual Fund
2020-03-23,40.4996,120841,quant Mid Cap Fund - Growth Option - Direct Plan,quant Mutual Fund
2020-03-24,40.7455,120841,quant Mid Cap Fund - Growth Option - Direct Plan,quant Mutual Fund
2020-03-25,41.754,120841,quant Mid Cap Fund - Growth Option - Direct Plan,quant Mutual Fund
2020-03-26,43.3782,120841,quant Mid Cap Fund - Growth Option - Direct Plan,quant Mutual Fund
2020-03-27,43.3332,120841,quant Mid Cap Fund - Growth Option - Direct Plan,quant Mutual Fund
2020-03-30,42.9923,120841,quant Mid Cap Fund - Growth Option - Direct Plan,quant Mutual Fund
2020-03-31,44.41,120841,quant Mid Cap Fund - Growth Option - Direct Plan,quant Mutual Fund
2020-04-01,43.7147,120841,quant Mid Cap Fund - Growth Option - Direct Plan,quant Mutual Fund
2020-04-03,43.6407,120841,quant Mid Cap Fund - Growth Option - Direct Plan,quant Mutual Fund
2020-04-07,46.715,120841,quant Mid Cap Fund - Growth Option - Direct Plan,quant Mutual Fund
2020-04-08,48.5326,120841,quant Mid Cap Fund - Growth Option - Direct Plan,quant Mutual Fund
2020-04-09,49.7311,120841,quant Mid Cap Fund - Growth Option - Direct Plan,quant Mutual Fund
2020-04-13,49.7987,120841,quant Mid Cap Fund - Growth Option - Direct Plan,quant Mutual Fund
2020-04-15,49.9375,120841,quant Mid Cap Fund - Growth Option - Direct Plan,quant Mutual Fund
2020-04-16,50.6858,120841,quant Mid Cap Fund - Growth Option - Direct Plan,quant Mutual Fund
2020-04-17,50.8369,120841,quant Mid Cap Fund - Growth Option - Direct Plan,quant Mutual Fund
2020-04-20,50.5395,120841,quant Mid Cap Fund - Growth Option - Direct Plan,quant Mutual Fund
2020-04-21,49.9428,120841,quant Mid Cap Fund - Growth Option - Direct Plan,quant Mutual Fund
2020-04-22,49.9446,120841,quant Mid Cap Fund - Growth Option - Direct Plan,quant Mutual Fund
2020-04-23,50.6232,120841,quant Mid Cap Fund - Growth Option - Direct Plan,quant Mutual Fund
2020-04-24,50.3992,120841,quant Mid Cap Fund - Growth Option - Direct Plan,quant Mutual Fund
2020-04-27,51.6601,120841,quant Mid Cap Fund - Growth Option - Direct Plan,quant Mutual Fund
2020-04-28,51.7687,120841,quant Mid Cap Fund - Growth Option - Direct Plan,quant Mutual Fund
2020-04-29,51.8212,120841,quant Mid Cap Fund - Growth Option - Direct Plan,quant Mutual Fund
2020-04-30,51.9138,120841,quant Mid Cap Fund - Growth Option - Direct Plan,quant Mutual Fund
2020-05-04,51.7864,120841,quant Mid Cap Fund - Growth Option - Direct Plan,quant Mutual Fund
2020-05-05,51.7331,120841,quant Mid Cap Fund - Growth Option - Direct Plan,quant Mutual Fund
2020-05-06,52.105,120841,quant Mid Cap Fund - Growth Option - Direct Plan,quant Mutual Fund
2020-05-07,52.0884,120841,quant Mid Cap Fund - Growth Option - Direct Plan,quant Mutual Fund
2020-05-08,51.8829,120841,quant Mid Cap Fund - Growth Option - Direct Plan,quant Mutual Fund
2020-05-11,51.8446,120841,quant Mid Cap Fund - Growth Option - Direct Plan,quant Mutual Fund
2020-05-12,51.5599,120841,quant Mid Cap Fund - Growth Option - Direct Plan,quant Mutual Fund
2020-05-13,51.6134,120841,quant Mid Cap Fund - Growth Option - Direct Plan,quant Mutual Fund
2020-05-14,51.8594,120841,quant Mid Cap Fund - Growth Option - Direct Plan,quant Mutual Fund
2020-05-15,52.0253,120841,quant Mid Cap Fund - Growth Option - Direct Plan,quant Mutual Fund
2020-05-18,50.8905,120841,quant Mid Cap Fund - Growth Option - Direct Plan,quant Mutual Fund
2020-05-19,51.2438,120841,quant Mid Cap Fund - Growth Option - Direct Plan,quant Mutual Fund
2020-05-20,51.6204,120841,quant Mid Cap Fund - Growth Option - Direct Plan,quant Mutual Fund
2020-05-21,52.2025,120841,quant Mid Cap Fund - Growth Option - Direct Plan,quant Mutual Fund
2020-05-22,52.314,120841,quant Mid Cap Fund - Growth Option - Direct Plan,quant Mutual Fund
2020-05-26,52.2757,120841,quant Mid Cap Fund - Growth Option - Direct Plan,quant Mutual Fund
2020-05-27,52.6368,120841,quant Mid Cap Fund - Growth Option - Direct Plan,quant Mutual Fund
2020-05-28,52.9098,120841,quant Mid Cap Fund - Growth Option - Direct Plan,quant Mutual Fund
2020-05-29,53.2197,120841,quant Mid Cap Fund - Growth Option - Direct Plan,quant Mutual Fund
2020-06-01,53.8411,120841,quant Mid Cap Fund - Growth Option - Direct Plan,quant Mutual Fund
2020-06-02,54.0996,120841,quant Mid Cap Fund - Growth Option - Direct Plan,quant Mutual Fund
2020-06-03,54.1472,120841,quant Mid Cap Fund - Growth Option - Direct Plan,quant Mutual Fund
2020-06-04,54.1289,120841,quant Mid Cap Fund - Growth Option - Direct Plan,quant Mutual Fund
2020-06-05,55.0839,120841,quant Mid Cap Fund - Growth Option - Direct Plan,quant Mutual Fund
2020-06-08,55.1066,120841,quant Mid Cap Fund - Growth Option - Direct Plan,quant Mutual Fund
2020-06-09,54.6084,120841,quant Mid Cap Fund - Growth Option - Direct Plan,quant Mutual Fund
2020-06-10,54.8485,120841,quant Mid Cap Fund - Growth Option - Direct Plan,quant Mutual Fund
2020-06-11,54.4155,120841,quant Mid Cap Fund - Growth Option - Direct Plan,quant Mutual Fund
2020-06-12,54.6559,120841,quant Mid Cap Fund - Growth Option - Direct Plan,quant Mutual Fund
2020-06-15,54.2432,120841,quant Mid Cap Fund - Growth Option - Direct Plan,quant Mutual Fund
2020-06-16,54.8212,120841,quant Mid Cap Fund - Growth Option - Direct Plan,quant Mutual Fund
2020-06-17,55.393,120841,quant Mid Cap Fund - Growth Option - Direct Plan,quant Mutual Fund
2020-06-18,55.5556,120841,quant Mid Cap Fund - Growth Option - Direct Plan,quant Mutual Fund
2020-06-19,55.7688,120841,quant Mid Cap Fund - Growth Option - Direct Plan,quant Mutual Fund
2020-06-22,57.4547,120841,quant Mid Cap Fund - Growth Option - Direct Plan,quant Mutual Fund
2020-06-23,58.2561,120841,quant Mid Cap Fund - Growth Option - Direct Plan,quant Mutual Fund
2020-06-24,57.1358,120841,quant Mid Cap Fund - Growth Option - Direct Plan,quant Mutual Fund
2020-06-25,57.854,120841,quant Mid Cap Fund - Growth Option - Direct Plan,quant Mutual Fund
2020-06-26,57.5425,120841,quant Mid Cap Fund - Growth Option - Direct Plan,quant Mutual Fund
2020-06-29,56.9851,120841,quant Mid Cap Fund - Growth Option - Direct Plan,quant Mutual Fund
2020-06-30,56.3796,120841,quant Mid Cap Fund - Growth Option - Direct Plan,quant Mutual Fund
2020-07-01,56.3051,120841,quant Mid Cap Fund - Growth Option - Direct Plan,quant Mutual Fund
2020-07-02,56.5285,120841,quant Mid Cap Fund - Growth Option - Direct Plan,quant Mutual Fund
2020-07-03,57.1696,120841,quant Mid Cap Fund - Growth Option - Direct Plan,quant Mutual Fund
2020-07-06,58.113,120841,quant Mid Cap Fund - Growth Option - Direct Plan,quant Mutual Fund
2020-07-07,57.935,120841,quant Mid Cap Fund - Growth Option - Direct Plan,quant Mutual Fund
2020-07-08,58.0663,120841,quant Mid Cap Fund - Growth Option - Direct Plan,quant Mutual Fund
2020-07-09,58.298,120841,quant Mid Cap Fund - Growth Option - Direct Plan,quant Mutual Fund
2020-07-10,58.2981,120841,quant Mid Cap Fund - Growth Option - Direct Plan,quant Mutual Fund
2020-07-13,58.6437,120841,quant Mid Cap Fund - Growth Option - Direct Plan,quant Mutual Fund
2020-07-14,57.9919,120841,quant Mid Cap Fund - Growth Option - Direct Plan,quant Mutual Fund
2020-07-15,57.9193,120841,quant Mid Cap Fund - Growth Option - Direct Plan,quant Mutual Fund
2020-07-16,57.9806,120841,quant Mid Cap Fund - Growth Option - Direct Plan,quant Mutual Fund
2020-07-17,58.54,120841,quant Mid Cap Fund - Growth Option - Direct Plan,quant Mutual Fund
2020-07-20,59.059,120841,quant Mid Cap Fund - Growth Option - Direct Plan,quant Mutual Fund
2020-07-21,58.7706,120841,quant Mid Cap Fund - Growth Option - Direct Plan,quant Mutual Fund
2020-07-22,58.8762,120841,quant Mid Cap Fund - Growth Option - Direct Plan,quant Mutual Fund
2020-07-23,59.6438,120841,quant Mid Cap Fund - Growth Option - Direct Plan,quant Mutual Fund
2020-07-24,59.3358,120841,quant Mid Cap Fund - Growth Option - Direct Plan,quant Mutual Fund
2020-07-27,59.0559,120841,quant Mid Cap Fund - Growth Option - Direct Plan,quant Mutual Fund
2020-07-28,59.3323,120841,quant Mid Cap Fund - Growth Option - Direct Plan,quant Mutual Fund
2020-07-29,60.131,120841,quant Mid Cap Fund - Growth Option - Direct Plan,quant Mutual Fund
2020-07-30,59.5941,120841,quant Mid Cap Fund - Growth Option - Direct Plan,quant Mutual Fund
2020-07-31,60.404,120841,quant Mid Cap Fund - Growth Option - Direct Plan,quant Mutual Fund
2020-08-03,61.0398,120841,quant Mid Cap Fund - Growth Option - Direct Plan,quant Mutual Fund
2020-08-04,61.2955,120841,quant Mid Cap Fund - Growth Option - Direct Plan,quant Mutual Fund
2020-08-05,61.3384,120841,quant Mid Cap Fund - Growth Option - Direct Plan,quant Mutual Fund
2020-08-06,62.1361,120841,quant Mid Cap Fund - Growth Option - Direct Plan,quant Mutual Fund
2020-08-07,62.6111,120841,quant Mid Cap Fund - Growth Option - Direct Plan,quant Mutual Fund
2020-08-10,63.6204,120841,quant Mid Cap Fund - Growth Option - Direct Plan,quant Mutual Fund
2020-08-11,62.9986,120841,quant Mid Cap Fund - Growth Option - Direct Plan,quant Mutual Fund
2020-08-12,62.7556,120841,quant Mid Cap Fund - Growth Option - Direct Plan,quant Mutual Fund
2020-08-13,62.7383,120841,quant Mid Cap Fund - Growth Option - Direct Plan,quant Mutual Fund
2020-08-14,62.6453,120841,quant Mid Cap Fund - Growth Option - Direct Plan,quant Mutual Fund
2020-08-17,62.7396,120841,quant Mid Cap Fund - Growth Option - Direct Plan,quant Mutual Fund
2020-08-18,63.2825,120841,quant Mid Cap Fund - Growth Option - Direct Plan,quant Mutual Fund
2020-08-19,63.9355,120841,quant Mid Cap Fund - Growth Option - Direct Plan,quant Mutual Fund
2020-08-20,64.5637,120841,quant Mid Cap Fund - Growth Option - Direct Plan,quant Mutual Fund
2020-08-21,65.1165,120841,quant Mid Cap Fund - Growth Option - Direct Plan,quant Mutual Fund
2020-08-24,65.6934,120841,quant Mid Cap Fund - Growth Option - Direct Plan,quant Mutual Fund
2020-08-25,65.5694,120841,quant Mid Cap Fund - Growth Option - Direct Plan,quant Mutual Fund
2020-08-26,65.7181,120841,quant Mid Cap Fund - Growth Option - Direct Plan,quant Mutual Fund
2020-08-27,65.2944,120841,quant Mid Cap Fund - Growth Option - Direct Plan,quant Mutual Fund
2020-08-28,65.1476,120841,quant Mid Cap Fund - Growth Option - Direct Plan,quant Mutual Fund
2020-08-31,62.4756,120841,quant Mid Cap Fund - Growth Option - Direct Plan,quant Mutual Fund
2020-09-01,63.1221,120841,quant Mid Cap Fund - Growth Option - Direct Plan,quant Mutual Fund
2020-09-02,64.0911,120841,quant Mid Cap Fund - Growth Option - Direct Plan,quant Mutual Fund
2020-09-03,64.2449,120841,quant Mid Cap Fund - Growth Option - Direct Plan,quant Mutual Fund
2020-09-04,63.092,120841,quant Mid Cap Fund - Growth Option - Direct Plan,quant Mutual Fund
2020-09-07,63.1689,120841,quant Mid Cap Fund - Growth Option - Direct Plan,quant Mutual Fund
2020-09-08,62.5035,120841,quant Mid Cap Fund - Growth Option - Direct Plan,quant Mutual Fund
2020-09-09,62.2926,120841,quant Mid Cap Fund - Growth Option - Direct Plan,quant Mutual Fund
2020-09-10,63.4366,120841,quant Mid Cap Fund - Growth Option - Direct Plan,quant Mutual Fund
2020-09-11,63.7702,120841,quant Mid Cap Fund - Growth Option - Direct Plan,quant Mutual Fund
2020-09-14,64.2841,120841,quant Mid Cap Fund - Growth Option - Direct Plan,quant Mutual Fund
2020-09-15,65.1282,120841,quant Mid Cap Fund - Growth Option - Direct Plan,quant Mutual Fund
2020-09-16,66.0678,120841,quant Mid Cap Fund - Growth Option - Direct Plan,quant Mutual Fund
2020-09-17,65.84,120841,quant Mid Cap Fund - Growth Option - Direct Plan,quant Mutual Fund
2020-09-18,66.3189,120841,quant Mid Cap Fund - Growth Option - Direct Plan,quant Mutual Fund
2020-09-21,64.3706,120841,quant Mid Cap Fund - Growth Option - Direct Plan,quant Mutual Fund
2020-09-22,63.7533,120841,quant Mid Cap Fund - Growth Option - Direct Plan,quant Mutual Fund
2020-09-23,64.4889,120841,quant Mid Cap Fund - Growth Option - Direct Plan,quant Mutual Fund
2020-09-24,63.2843,120841,quant Mid Cap Fund - Growth Option - Direct Plan,quant Mutual Fund
2020-09-25,64.4883,120841,quant Mid Cap Fund - Growth Option - Direct Plan,quant Mutual Fund
2020-09-28,65.6529,120841,quant Mid Cap Fund - Growth Option - Direct Plan,quant Mutual Fund
2020-09-29,65.6623,120841,quant Mid Cap Fund - Growth Option - Direct Plan,quant Mutual Fund
2020-09-30,65.6953,120841,quant Mid Cap Fund - Growth Option - Direct Plan,quant Mutual Fund
2020-10-01,65.7441,120841,quant Mid Cap Fund - Growth Option - Direct Plan,quant Mutual Fund
2020-10-05,66.4188,120841,quant Mid Cap Fund - Growth Option - Direct Plan,quant Mutual Fund
2020-10-06,66.9087,120841,quant Mid Cap Fund - Growth Option - Direct Plan,quant Mutual Fund
2020-10-07,66.6421,120841,quant Mid Cap Fund - Growth Option - Direct Plan,quant Mutual Fund
2020-10-08,66.806,120841,quant Mid Cap Fund - Growth Option - Direct Plan,quant Mutual Fund
2020-10-09,66.21,120841,quant Mid Cap Fund - Growth Option - Direct Plan,quant Mutual Fund
2020-10-12,65.9921,120841,quant Mid Cap Fund - Growth Option - Direct Plan,quant Mutual Fund
2020-10-13,65.8073,120841,quant Mid Cap Fund - Growth Option - Direct Plan,quant Mutual Fund
2020-10-14,65.7957,120841,quant Mid Cap Fund - Growth Option - Direct Plan,quant Mutual Fund
2020-10-15,64.5317,120841,quant Mid Cap Fund - Growth Option - Direct Plan,quant Mutual Fund
2020-10-16,65.1479,120841,quant Mid Cap Fund - Growth Option - Direct Plan,quant Mutual Fund
2020-10-19,65.1275,120841,quant Mid Cap Fund - Growth Option - Direct Plan,quant Mutual Fund
2020-10-20,65.2917,120841,quant Mid Cap Fund - Growth Option - Direct Plan,quant Mutual Fund
2020-10-21,65.1698,120841,quant Mid Cap Fund - Growth Option - Direct Plan,quant Mutual Fund
2020-10-22,65.4607,120841,quant Mid Cap Fund - Growth Option - Direct Plan,quant Mutual Fund
2020-10-23,65.8442,120841,quant Mid Cap Fund - Growth Option - Direct Plan,quant Mutual Fund
2020-10-26,65.0052,120841,quant Mid Cap Fund - Growth Option - Direct Plan,quant Mutual Fund
2020-10-27,65.2039,120841,quant Mid Cap Fund - Growth Option - Direct Plan,quant Mutual Fund
2020-10-28,65.1878,120841,quant Mid Cap Fund - Growth Option - Direct Plan,quant Mutual Fund
2020-10-29,65.4769,120841,quant Mid Cap Fund - Growth Option - Direct Plan,quant Mutual Fund
2020-10-30,65.9,120841,quant Mid Cap Fund - Growth Option - Direct Plan,quant Mutual Fund
2020-11-02,66.0187,120841,quant Mid Cap Fund - Growth Option - Direct Plan,quant Mutual Fund
2020-11-03,66.3515,120841,quant Mid Cap Fund - Growth Option - Direct Plan,quant Mutual Fund
2020-11-04,66.9865,120841,quant Mid Cap Fund - Growth Option - Direct Plan,quant Mutual Fund
2020-11-05,68.4809,120841,quant Mid Cap Fund - Growth Option - Direct Plan,quant Mutual Fund
2020-11-06,68.6093,120841,quant Mid Cap Fund - Growth Option - Direct Plan,quant Mutual Fund
2020-11-09,68.7861,120841,quant Mid Cap Fund - Growth Option - Direct Plan,quant Mutual Fund
2020-11-10,68.1961,120841,quant Mid Cap Fund - Growth Option - Direct Plan,quant Mutual Fund
2020-11-11,68.1997,120841,quant Mid Cap Fund - Growth Option - Direct Plan,quant Mutual Fund
2020-11-12,68.6813,120841,quant Mid Cap Fund - Growth Option - Direct Plan,quant Mutual Fund
2020-11-13,68.9702,120841,quant Mid Cap Fund - Growth Option - Direct Plan,quant Mutual Fund
2020-11-17,69.9825,120841,quant Mid Cap Fund - Growth Option - Direct Plan,quant Mutual Fund
2020-11-18,70.3177,120841,quant Mid Cap Fund - Growth Option - Direct Plan,quant Mutual Fund
2020-11-19,70.0525,120841,quant Mid Cap Fund - Growth Option - Direct Plan,quant Mutual Fund
2020-11-20,70.1959,120841,quant Mid Cap Fund - Growth Option - Direct Plan,quant Mutual Fund
2020-11-23,71.0088,120841,quant Mid Cap Fund - Growth Option - Direct Plan,quant Mutual Fund
2020-11-24,71.9309,120841,quant Mid Cap Fund - Growth Option - Direct Plan,quant Mutual Fund
2020-11-25,71.1447,120841,quant Mid Cap Fund - Growth Option - Direct Plan,quant Mutual Fund
2020-11-26,71.7821,120841,quant Mid Cap Fund - Growth Option - Direct Plan,quant Mutual Fund
2020-11-27,72.6231,120841,quant Mid Cap Fund - Growth Option - Direct Plan,quant Mutual Fund
2020-12-01,74.4241,120841,quant Mid Cap Fund - Growth Option - Direct Plan,quant Mutual Fund
2020-12-02,75.2548,120841,quant Mid Cap Fund - Growth Option - Direct Plan,quant Mutual Fund
2020-12-03,75.7648,120841,quant Mid Cap Fund - Growth Option - Direct Plan,quant Mutual Fund
2020-12-04,76.5668,120841,quant Mid Cap Fund - Growth Option - Direct Plan,quant Mutual Fund
2020-12-07,77.8069,120841,quant Mid Cap Fund - Growth Option - Direct Plan,quant Mutual Fund
2020-12-08,77.2836,120841,quant Mid Cap Fund - Growth Option - Direct Plan,quant Mutual Fund
2020-12-09,77.5729,120841,quant Mid Cap Fund - Growth Option - Direct Plan,quant Mutual Fund
2020-12-10,77.427,120841,quant Mid Cap Fund - Growth Option - Direct Plan,quant Mutual Fund
2020-12-11,77.5891,120841,quant Mid Cap Fund - Growth Option - Direct Plan,quant Mutual Fund
2020-12-14,78.0139,120841,quant Mid Cap Fund - Growth Option - Direct Plan,quant Mutual Fund
2020-12-15,78.3565,120841,quant Mid Cap Fund - Growth Option - Direct Plan,quant Mutual Fund
2020-12-16,78.6263,120841,quant Mid Cap Fund - Growth Option - Direct Plan,quant Mutual Fund
2020-12-17,79.1871,120841,quant Mid Cap Fund - Growth Option - Direct Plan,quant Mutual Fund
2020-12-18,80.1387,120841,quant Mid Cap Fund - Growth Option - Direct Plan,quant Mutual Fund
2020-12-21,77.0238,120841,quant Mid Cap Fund - Growth Option - Direct Plan,quant Mutual Fund
2020-12-22,78.4177,120841,quant Mid Cap Fund - Growth Option - Direct Plan,quant Mutual Fund
2020-12-23,79.6855,120841,quant Mid Cap Fund - Growth Option - Direct Plan,quant Mutual Fund
2020-12-24,80.2602,120841,quant Mid Cap Fund - Growth Option - Direct Plan,quant Mutual Fund
2020-12-28,81.1267,120841,quant Mid Cap Fund - Growth Option - Direct Plan,quant Mutual Fund
2020-12-29,81.4013,120841,quant Mid Cap Fund - Growth Option - Direct Plan,quant Mutual Fund
2020-12-30,81.2929,120841,quant Mid Cap Fund - Growth Option - Direct Plan,quant Mutual Fund
2020-12-31,81.4326,120841,quant Mid Cap Fund - Growth Option - Direct Plan,quant Mutual Fund
2021-01-01,82.3932,120841,quant Mid Cap Fund - Growth Option - Direct Plan,quant Mutual Fund
2021-01-04,83.323,120841,quant Mid Cap Fund - Growth Option - Direct Plan,quant Mutual Fund
2021-01-05,84.2546,120841,quant Mid Cap Fund - Growth Option - Direct Plan,quant Mutual Fund
2021-01-06,84.3043,120841,quant Mid Cap Fund - Growth Option - Direct Plan,quant Mutual Fund
2021-01-07,83.8689,120841,quant Mid Cap Fund - Growth Option - Direct Plan,quant Mutual Fund
2021-01-08,85.6288,120841,quant Mid Cap Fund - Growth Option - Direct Plan,quant Mutual Fund
2021-01-11,85.8252,120841,quant Mid Cap Fund - Growth Option - Direct Plan,quant Mutual Fund
2021-01-12,85.5099,120841,quant Mid Cap Fund - Growth Option - Direct Plan,quant Mutual Fund
2021-01-13,85.51,120841,quant Mid Cap Fund - Growth Option - Direct Plan,quant Mutual Fund
2021-01-14,85.9377,120841,quant Mid Cap Fund - Growth Option - Direct Plan,quant Mutual Fund
2021-01-15,84.9691,120841,quant Mid Cap Fund - Growth Option - Direct Plan,quant Mutual Fund
2021-01-18,83.4649,120841,quant Mid Cap Fund - Growth Option - Direct Plan,quant Mutual Fund
2021-01-19,84.8174,120841,quant Mid Cap Fund - Growth Option - Direct Plan,quant Mutual Fund
2021-01-20,84.4445,120841,quant Mid Cap Fund - Growth Option - Direct Plan,quant Mutual Fund
2021-01-21,83.4044,120841,quant Mid Cap Fund - Growth Option - Direct Plan,quant Mutual Fund
2021-01-22,82.2957,120841,quant Mid Cap Fund - Growth Option - Direct Plan,quant Mutual Fund
2021-01-25,81.1978,120841,quant Mid Cap Fund - Growth Option - Direct Plan,quant Mutual Fund
2021-01-27,79.5643,120841,quant Mid Cap Fund - Growth Option - Direct Plan,quant Mutual Fund
2021-01-28,79.5197,120841,quant Mid Cap Fund - Growth Option - Direct Plan,quant Mutual Fund
2021-01-29,79.1266,120841,quant Mid Cap Fund - Growth Option - Direct Plan,quant Mutual Fund
2021-02-01,80.247,120841,quant Mid Cap Fund - Growth Option - Direct Plan,quant Mutual Fund
2021-02-02,80.7035,120841,quant Mid Cap Fund - Growth Option - Direct Plan,quant Mutual Fund
2021-02-03,82.0092,120841,quant Mid Cap Fund - Growth Option - Direct Plan,quant Mutual Fund
2021-02-04,82.3549,120841,quant Mid Cap Fund - Growth Option - Direct Plan,quant Mutual Fund
2021-02-05,82.0774,120841,quant Mid Cap Fund - Growth Option - Direct Plan,quant Mutual Fund
2021-02-08,83.0765,120841,quant Mid Cap Fund - Growth Option - Direct Plan,quant Mutual Fund
2021-02-09,83.4124,120841,quant Mid Cap Fund - Growth Option - Direct Plan,quant Mutual Fund
2021-02-10,83.4387,120841,quant Mid Cap Fund - Growth Option - Direct Plan,quant Mutual Fund
2021-02-11,83.362,120841,quant Mid Cap Fund - Growth Option - Direct Plan,quant Mutual Fund
2021-02-12,83.2503,120841,quant Mid Cap Fund - Growth Option - Direct Plan,quant Mutual Fund
2021-02-15,83.2045,120841,quant Mid Cap Fund - Growth Option - Direct Plan,quant Mutual Fund
2021-02-16,83.0116,120841,quant Mid Cap Fund - Growth Option - Direct Plan,quant Mutual Fund
2021-02-17,83.0735,120841,quant Mid Cap Fund - Growth Option - Direct Plan,quant Mutual Fund
2021-02-18,83.0797,120841,quant Mid Cap Fund - Growth Option - Direct Plan,quant Mutual Fund
2021-02-19,82.2455,120841,quant Mid Cap Fund - Growth Option - Direct Plan,quant Mutual Fund
2021-02-22,81.5641,120841,quant Mid Cap Fund - Growth Option - Direct Plan,quant Mutual Fund
2021-02-23,81.801,120841,quant Mid Cap Fund - Growth Option - Direct Plan,quant Mutual Fund
2021-02-24,82.0946,120841,quant Mid Cap Fund - Growth Option - Direct Plan,quant Mutual Fund
2021-02-25,83.7388,120841,quant Mid Cap Fund - Growth Option - Direct Plan,quant Mutual Fund
2021-02-26,83.5002,120841,quant Mid Cap Fund - Growth Option - Direct Plan,quant Mutual Fund
2021-03-01,85.2498,120841,quant Mid Cap Fund - Growth Option - Direct Plan,quant Mutual Fund
2021-03-02,86.9881,120841,quant Mid Cap Fund - Growth Option - Direct Plan,quant Mutual Fund
2021-03-03,87.3625,120841,quant Mid Cap Fund - Growth Option - Direct Plan,quant Mutual Fund
2021-03-04,88.2736,120841,quant Mid Cap Fund - Growth Option - Direct Plan,quant Mutual Fund
2021-03-05,86.7431,120841,quant Mid Cap Fund - Growth Option - Direct Plan,quant Mutual Fund
2021-03-08,87.5496,120841,quant Mid Cap Fund - Growth Option - Direct Plan,quant Mutual Fund
2021-03-09,87.5484,120841,quant Mid Cap Fund - Growth Option - Direct Plan,quant Mutual Fund
2021-03-10,87.4713,120841,quant Mid Cap Fund - Growth Option - Direct Plan,quant Mutual Fund
2021-03-12,87.2898,120841,quant Mid Cap Fund - Growth Option - Direct Plan,quant Mutual Fund
2021-03-15,87.2741,120841,quant Mid Cap Fund - Growth Option - Direct Plan,quant Mutual Fund
2021-03-16,87.8189,120841,quant Mid Cap Fund - Growth Option - Direct Plan,quant Mutual Fund
2021-03-17,85.7745,120841,quant Mid Cap Fund - Growth Option - Direct Plan,quant Mutual Fund
2021-03-18,85.3837,120841,quant Mid Cap Fund - Growth Option - Direct Plan,quant Mutual Fund
2021-03-19,88.3019,120841,quant Mid Cap Fund - Growth Option - Direct Plan,quant Mutual Fund
2021-03-22,89.3146,120841,quant Mid Cap Fund - Growth Option - Direct Plan,quant Mutual Fund
2021-03-23,89.6235,120841,quant Mid Cap Fund - Growth Option - Direct Plan,quant Mutual Fund
2021-03-24,88.0379,120841,quant Mid Cap Fund - Growth Option - Direct Plan,quant Mutual Fund
2021-03-25,86.5314,120841,quant Mid Cap Fund - Growth Option - Direct Plan,quant Mutual Fund
2021-03-26,87.4733,120841,quant Mid Cap Fund - Growth Option - Direct Plan,quant Mutual Fund
2021-03-30,89.5502,120841,quant Mid Cap Fund - Growth Option - Direct Plan,quant Mutual Fund
2021-03-31,89.0426,120841,quant Mid Cap Fund - Growth Option - Direct Plan,quant Mutual Fund
2021-04-01,90.4644,120841,quant Mid Cap Fund - Growth Option - Direct Plan,quant Mutual Fund
2021-04-05,90.8865,120841,quant Mid Cap Fund - Growth Option - Direct Plan,quant Mutual Fund
2021-04-06,91.8145,120841,quant Mid Cap Fund - Growth Option - Direct Plan,quant Mutual Fund
2021-04-07,92.4212,120841,quant Mid Cap Fund - Growth Option - Direct Plan,quant Mutual Fund
2021-04-08,93.6119,120841,quant Mid Cap Fund - Growth Option - Direct Plan,quant Mutual Fund
2021-04-09,95.195,120841,quant Mid Cap Fund - Growth Option - Direct Plan,quant Mutual Fund
2021-04-12,91.0016,120841,quant Mid Cap Fund - Growth Option - Direct Plan,quant Mutual Fund
2021-04-13,91.6968,120841,quant Mid Cap Fund - Growth Option - Direct Plan,quant Mutual Fund
2021-04-15,91.3154,120841,quant Mid Cap Fund - Growth Option - Direct Plan,quant Mutual Fund
2021-04-16,92.2092,120841,quant Mid Cap Fund - Growth Option - Direct Plan,quant Mutual Fund
2021-04-19,91.1552,120841,quant Mid Cap Fund - Growth Option - Direct Plan,quant Mutual Fund
2021-04-20,91.9398,120841,quant Mid Cap Fund - Growth Option - Direct Plan,quant Mutual Fund
2021-04-22,92.9617,120841,quant Mid Cap Fund - Growth Option - Direct Plan,quant Mutual Fund
2021-04-23,93.2959,120841,quant Mid Cap Fund - Growth Option - Direct Plan,quant Mutual Fund
2021-04-26,93.8119,120841,quant Mid Cap Fund - Growth Option - Direct Plan,quant Mutual Fund
2021-04-27,95.2842,120841,quant Mid Cap Fund - Growth Option - Direct Plan,quant Mutual Fund
2021-04-28,95.7304,120841,quant Mid Cap Fund - Growth Option - Direct Plan,quant Mutual Fund
2021-04-29,94.9422,120841,quant Mid Cap Fund - Growth Option - Direct Plan,quant Mutual Fund
2021-04-30,94.7152,120841,quant Mid Cap Fund - Growth Option - Direct Plan,quant Mutual Fund
2021-05-03,96.3213,120841,quant Mid Cap Fund - Growth Option - Direct Plan,quant Mutual Fund
2021-05-04,96.3119,120841,quant Mid Cap Fund - Growth Option - Direct Plan,quant Mutual Fund
2021-05-05,98.0632,120841,quant Mid Cap Fund - Growth Option - Direct Plan,quant Mutual Fund
2021-05-06,98.8142,120841,quant Mid Cap Fund - Growth Option - Direct Plan,quant Mutual Fund
2021-05-07,99.8228,120841,quant Mid Cap Fund - Growth Option - Direct Plan,quant Mutual Fund
2021-05-10,101.7622,120841,quant Mid Cap Fund - Growth Option - Direct Plan,quant Mutual Fund
2021-05-11,103.9738,120841,quant Mid Cap Fund - Growth Option - Direct Plan,quant Mutual Fund
2021-05-12,104.0749,120841,quant Mid Cap Fund - Growth Option - Direct Plan,quant Mutual Fund
2021-05-14,101.9095,120841,quant Mid Cap Fund - Growth Option - Direct Plan,quant Mutual Fund
2021-05-17,103.0522,120841,quant Mid Cap Fund - Growth Option - Direct Plan,quant Mutual Fund
2021-05-18,103.9544,120841,quant Mid Cap Fund - Growth Option - Direct Plan,quant Mutual Fund
2021-05-19,103.9913,120841,quant Mid Cap Fund - Growth Option - Direct Plan,quant Mutual Fund
2021-05-20,103.873,120841,quant Mid Cap Fund - Growth Option - Direct Plan,quant Mutual Fund
2021-05-21,104.4634,120841,quant Mid Cap Fund - Growth Option - Direct Plan,quant Mutual Fund
2021-05-24,105.2387,120841,quant Mid Cap Fund - Growth Option - Direct Plan,quant Mutual Fund
2021-05-25,104.7153,120841,quant Mid Cap Fund - Growth Option - Direct Plan,quant Mutual Fund
2021-05-26,104.5778,120841,quant Mid Cap Fund - Growth Option - Direct Plan,quant Mutual Fund
2021-05-27,104.8858,120841,quant Mid Cap Fund - Growth Option - Direct Plan,quant Mutual Fund
2021-05-28,105.3639,120841,quant Mid Cap Fund - Growth Option - Direct Plan,quant Mutual Fund
2021-05-31,105.8356,120841,quant Mid Cap Fund - Growth Option - Direct Plan,quant Mutual Fund
2021-06-01,104.9083,120841,quant Mid Cap Fund - Growth Option - Direct Plan,quant Mutual Fund
2021-06-02,105.6999,120841,quant Mid Cap Fund - Growth Option - Direct Plan,quant Mutual Fund
2021-06-03,106.1394,120841,quant Mid Cap Fund - Growth Option - Direct Plan,quant Mutual Fund
2021-06-04,106.6658,120841,quant Mid Cap Fund - Growth Option - Direct Plan,quant Mutual Fund
2021-06-07,107.8234,120841,quant Mid Cap Fund - Growth Option - Direct Plan,quant Mutual Fund
2021-06-08,107.8485,120841,quant Mid Cap Fund - Growth Option - Direct Plan,quant Mutual Fund
2021-06-09,106.6064,120841,quant Mid Cap Fund - Growth Option - Direct Plan,quant Mutual Fund
2021-06-10,107.8207,120841,quant Mid Cap Fund - Growth Option - Direct Plan,quant Mutual Fund
2021-06-11,108.2812,120841,quant Mid Cap Fund - Growth Option - Direct Plan,quant Mutual Fund
2021-06-14,109.3974,120841,quant Mid Cap Fund - Growth Option - Direct Plan,quant Mutual Fund
2021-06-15,109.4685,120841,quant Mid Cap Fund - Growth Option - Direct Plan,quant Mutual Fund
2021-06-16,108.9361,120841,quant Mid Cap Fund - Growth Option - Direct Plan,quant Mutual Fund
2021-06-17,107.7813,120841,quant Mid Cap Fund - Growth Option - Direct Plan,quant Mutual Fund
2021-06-18,107.7961,120841,quant Mid Cap Fund - Growth Option - Direct Plan,quant Mutual Fund
2021-06-21,108.33,120841,quant Mid Cap Fund - Growth Option - Direct Plan,quant Mutual Fund
2021-06-22,109.0671,120841,quant Mid Cap Fund - Growth Option - Direct Plan,quant Mutual Fund
2021-06-23,109.382,120841,quant Mid Cap Fund - Growth Option - Direct Plan,quant Mutual Fund
2021-06-24,109.1505,120841,quant Mid Cap Fund - Growth Option - Direct Plan,quant Mutual Fund
2021-06-25,110.5951,120841,quant Mid Cap Fund - Growth Option - Direct Plan,quant Mutual Fund
2021-06-28,110.4474,120841,quant Mid Cap Fund - Growth Option - Direct Plan,quant Mutual Fund
2021-06-29,109.7662,120841,quant Mid Cap Fund - Growth Option - Direct Plan,quant Mutual Fund
2021-06-30,110.031,120841,quant Mid Cap Fund - Growth Option - Direct Plan,quant Mutual Fund
2021-07-01,110.3494,120841,quant Mid Cap Fund - Growth Option - Direct Plan,quant Mutual Fund
2021-07-02,111.4249,120841,quant Mid Cap Fund - Growth Option - Direct Plan,quant Mutual Fund
2021-07-05,112.5249,120841,quant Mid Cap Fund - Growth Option - Direct Plan,quant Mutual Fund
2021-07-06,112.8844,120841,quant Mid Cap Fund - Growth Option - Direct Plan,quant Mutual Fund
2021-07-07,113.5351,120841,quant Mid Cap Fund - Growth Option - Direct Plan,quant Mutual Fund
2021-07-08,112.4426,120841,quant Mid Cap Fund - Growth Option - Direct Plan,quant Mutual Fund
2021-07-09,112.6712,120841,quant Mid Cap Fund - Growth Option - Direct Plan,quant Mutual Fund
2021-07-12,112.5196,120841,quant Mid Cap Fund - Growth Option - Direct Plan,quant Mutual Fund
2021-07-13,113.1638,120841,quant Mid Cap Fund - Growth Option - Direct Plan,quant Mutual Fund
2021-07-14,113.9917,120841,quant Mid Cap Fund - Growth Option - Direct Plan,quant Mutual Fund
2021-07-15,113.9896,120841,quant Mid Cap Fund - Growth Option - Direct Plan,quant Mutual Fund
2021-07-16,114.8708,120841,quant Mid Cap Fund - Growth Option - Direct Plan,quant Mutual Fund
2021-07-19,114.5825,120841,quant Mid Cap Fund - Growth Option - Direct Plan,quant Mutual Fund
2021-07-20,112.6394,120841,quant Mid Cap Fund - Growth Option - Direct Plan,quant Mutual Fund
2021-07-22,114.4246,120841,quant Mid Cap Fund - Growth Option - Direct Plan,quant Mutual Fund
2021-07-23,113.8497,120841,quant Mid Cap Fund - Growth Option - Direct Plan,quant Mutual Fund
2021-07-26,114.6399,120841,quant Mid Cap Fund - Growth Option - Direct Plan,quant Mutual Fund
2021-07-27,114.7306,120841,quant Mid Cap Fund - Growth Option - Direct Plan,quant Mutual Fund
2021-07-28,114.8053,120841,quant Mid Cap Fund - Growth Option - Direct Plan,quant Mutual Fund
2021-07-29,115.3692,120841,quant Mid Cap Fund - Growth Option - Direct Plan,quant Mutual Fund
2021-07-30,116.2014,120841,quant Mid Cap Fund - Growth Option - Direct Plan,quant Mutual Fund
2021-08-02,117.6043,120841,quant Mid Cap Fund - Growth Option - Direct Plan,quant Mutual Fund
2021-08-03,118.247,120841,quant Mid Cap Fund - Growth Option - Direct Plan,quant Mutual Fund
2021-08-04,116.3895,120841,quant Mid Cap Fund - Growth Option - Direct Plan,quant Mutual Fund
2021-08-05,114.8914,120841,quant Mid Cap Fund - Growth Option - Direct Plan,quant Mutual Fund
2021-08-06,115.0773,120841,quant Mid Cap Fund - Growth Option - Direct Plan,quant Mutual Fund
2021-08-09,113.7666,120841,quant Mid Cap Fund - Growth Option - Direct Plan,quant Mutual Fund
2021-08-10,111.3368,120841,quant Mid Cap Fund - Growth Option - Direct Plan,quant Mutual Fund
2021-08-11,111.6255,120841,quant Mid Cap Fund - Growth Option - Direct Plan,quant Mutual Fund
2021-08-12,113.4808,120841,quant Mid Cap Fund - Growth Option - Direct Plan,quant Mutual Fund
2021-08-13,113.2091,120841,quant Mid Cap Fund - Growth Option - Direct Plan,quant Mutual Fund
2021-08-16,112.9477,120841,quant Mid Cap Fund - Growth Option - Direct Plan,quant Mutual Fund
2021-08-17,112.4596,120841,quant Mid Cap Fund - Growth Option - Direct Plan,quant Mutual Fund
2021-08-18,112.2595,120841,quant Mid Cap Fund - Growth Option - Direct Plan,quant Mutual Fund
2021-08-20,110.1044,120841,quant Mid Cap Fund - Growth Option - Direct Plan,quant Mutual Fund
2021-08-23,108.5636,120841,quant Mid Cap Fund - Growth Option - Direct Plan,quant Mutual Fund
2021-08-24,110.7465,120841,quant Mid Cap Fund - Growth Option - Direct Plan,quant Mutual Fund
2021-08-25,111.2587,120841,quant Mid Cap Fund - Growth Option - Direct Plan,quant Mutual Fund
2021-08-26,111.3224,120841,quant Mid Cap Fund - Growth Option - Direct Plan,quant Mutual Fund
2021-08-27,112.8523,120841,quant Mid Cap Fund - Growth Option - Direct Plan,quant Mutual Fund
2021-08-30,114.5617,120841,quant Mid Cap Fund - Growth Option - Direct Plan,quant Mutual Fund
2021-08-31,115.0803,120841,quant Mid Cap Fund - Growth Option - Direct Plan,quant Mutual Fund
2021-09-01,115.819,120841,quant Mid Cap Fund - Growth Option - Direct Plan,quant Mutual Fund
2021-09-02,116.8384,120841,quant Mid Cap Fund - Growth Option - Direct Plan,quant Mutual Fund
2021-09-03,118.3232,120841,quant Mid Cap Fund - Growth Option - Direct Plan,quant Mutual Fund
2021-09-06,118.4129,120841,quant Mid Cap Fund - Growth Option - Direct Plan,quant Mutual Fund
2021-09-07,117.1723,120841,quant Mid Cap Fund - Growth Option - Direct Plan,quant Mutual Fund
2021-09-08,117.2561,120841,quant Mid Cap Fund - Growth Option - Direct Plan,quant Mutual Fund
2021-09-09,117.5904,120841,quant Mid Cap Fund - Growth Option - Direct Plan,quant Mutual Fund
2021-09-13,118.0007,120841,quant Mid Cap Fund - Growth Option - Direct Plan,quant Mutual Fund
2021-09-14,119.6825,120841,quant Mid Cap Fund - Growth Option - Direct Plan,quant Mutual Fund
2021-09-15,120.1809,120841,quant Mid Cap Fund - Growth Option - Direct Plan,quant Mutual Fund
2021-09-16,120.0889,120841,quant Mid Cap Fund - Growth Option - Direct Plan,quant Mutual Fund
2021-09-17,118.2959,120841,quant Mid Cap Fund - Growth Option - Direct Plan,quant Mutual Fund
2021-09-20,116.2739,120841,quant Mid Cap Fund - Growth Option - Direct Plan,quant Mutual Fund
2021-09-21,116.8253,120841,quant Mid Cap Fund - Growth Option - Direct Plan,quant Mutual Fund
2021-09-22,119.0567,120841,quant Mid Cap Fund - Growth Option - Direct Plan,quant Mutual Fund
2021-09-23,121.3543,120841,quant Mid Cap Fund - Growth Option - Direct Plan,quant Mutual Fund
2021-09-24,120.4051,120841,quant Mid Cap Fund - Growth Option - Direct Plan,quant Mutual Fund
2021-09-27,120.5259,120841,quant Mid Cap Fund - Growth Option - Direct Plan,quant Mutual Fund
2021-09-28,118.9551,120841,quant Mid Cap Fund - Growth Option - Direct Plan,quant Mutual Fund
2021-09-29,119.5144,120841,quant Mid Cap Fund - Growth Option - Direct Plan,quant Mutual Fund
2021-09-30,119.6375,120841,quant Mid Cap Fund - Growth Option - Direct Plan,quant Mutual Fund
2021-10-01,119.6067,120841,quant Mid Cap Fund - Growth Option - Direct Plan,quant Mutual Fund
2021-10-04,121.3677,120841,quant Mid Cap Fund - Growth Option - Direct Plan,quant Mutual Fund
2021-10-05,122.8085,120841,quant Mid Cap Fund - Growth Option - Direct Plan,quant Mutual Fund
2021-10-06,121.0031,120841,quant Mid Cap Fund - Growth Option - Direct Plan,quant Mutual Fund
2021-10-07,123.9085,120841,quant Mid Cap Fund - Growth Option - Direct Plan,quant Mutual Fund
2021-10-08,124.4168,120841,quant Mid Cap Fund - Growth Option - Direct Plan,quant Mutual Fund
2021-10-11,125.0833,120841,quant Mid Cap Fund - Growth Option - Direct Plan,quant Mutual Fund
2021-10-12,125.3865,120841,quant Mid Cap Fund - Growth Option - Direct Plan,quant Mutual Fund
2021-10-13,126.7329,120841,quant Mid Cap Fund - Growth Option - Direct Plan,quant Mutual Fund
2021-10-14,128.1077,120841,quant Mid Cap Fund - Growth Option - Direct Plan,quant Mutual Fund
2021-10-18,128.1334,120841,quant Mid Cap Fund - Growth Option - Direct Plan,quant Mutual Fund
2021-10-19,125.353,120841,quant Mid Cap Fund - Growth Option - Direct Plan,quant Mutual Fund
2021-10-20,123.8136,120841,quant Mid Cap Fund - Growth Option - Direct Plan,quant Mutual Fund
2021-10-21,124.0566,120841,quant Mid Cap Fund - Growth Option - Direct Plan,quant Mutual Fund
2021-10-22,123.5795,120841,quant Mid Cap Fund - Growth Option - Direct Plan,quant Mutual Fund
2021-10-25,122.3886,120841,quant Mid Cap Fund - Growth Option - Direct Plan,quant Mutual Fund
2021-10-26,124.2359,120841,quant Mid Cap Fund - Growth Option - Direct Plan,quant Mutual Fund
2021-10-27,125.1766,120841,quant Mid Cap Fund - Growth Option - Direct Plan,quant Mutual Fund
2021-10-28,120.5865,120841,quant Mid Cap Fund - Growth Option - Direct Plan,quant Mutual Fund
2021-10-29,121.125,120841,quant Mid Cap Fund - Growth Option - Direct Plan,quant Mutual Fund
2021-11-01,122.3731,120841,quant Mid Cap Fund - Growth Option - Direct Plan,quant Mutual Fund
2021-11-02,124.3528,120841,quant Mid Cap Fund - Growth Option - Direct Plan,quant Mutual Fund
2021-11-03,123.9671,120841,quant Mid Cap Fund - Growth Option - Direct Plan,quant Mutual Fund
2021-11-08,126.5553,120841,quant Mid Cap Fund - Growth Option - Direct Plan,quant Mutual Fund
2021-11-09,129.4627,120841,quant Mid Cap Fund - Growth Option - Direct Plan,quant Mutual Fund
2021-11-10,128.5292,120841,quant Mid Cap Fund - Growth Option - Direct Plan,quant Mutual Fund
2021-11-11,126.7011,120841,quant Mid Cap Fund - Growth Option - Direct Plan,quant Mutual Fund
2021-11-12,127.8162,120841,quant Mid Cap Fund - Growth Option - Direct Plan,quant Mutual Fund
2021-11-15,127.9441,120841,quant Mid Cap Fund - Growth Option - Direct Plan,quant Mutual Fund
2021-11-16,128.2358,120841,quant Mid Cap Fund - Growth Option - Direct Plan,quant Mutual Fund
2021-11-17,127.615,120841,quant Mid Cap Fund - Growth Option - Direct Plan,quant Mutual Fund
2021-11-18,127.7737,120841,quant Mid Cap Fund - Growth Option - Direct Plan,quant Mutual Fund
2021-11-22,124.8428,120841,quant Mid Cap Fund - Growth Option - Direct Plan,quant Mutual Fund
2021-11-23,126.6971,120841,quant Mid Cap Fund - Growth Option - Direct Plan,quant Mutual Fund
2021-11-24,126.7601,120841,quant Mid Cap Fund - Growth Option - Direct Plan,quant Mutual Fund
2021-11-25,127.3085,120841,quant Mid Cap Fund - Growth Option - Direct Plan,quant Mutual Fund
2021-11-26,124.5182,120841,quant Mid Cap Fund - Growth Option - Direct Plan,quant Mutual Fund
2021-11-29,123.4947,120841,quant Mid Cap Fund - Growth Option - Direct Plan,quant Mutual Fund
2021-11-30,123.2882,120841,quant Mid Cap Fund - Growth Option - Direct Plan,quant Mutual Fund
2021-12-01,125.2689,120841,quant Mid Cap Fund - Growth Option - Direct Plan,quant Mutual Fund
2021-12-02,126.1115,120841,quant Mid Cap Fund - Growth Option - Direct Plan,quant Mutual Fund
2021-12-03,125.6791,120841,quant Mid Cap Fund - Growth Option - Direct Plan,quant Mutual Fund
2021-12-06,123.5684,120841,quant Mid Cap Fund - Growth Option - Direct Plan,quant Mutual Fund
2021-12-07,125.9046,120841,quant Mid Cap Fund - Growth Option - Direct Plan,quant Mutual Fund
2021-12-08,127.8777,120841,quant Mid Cap Fund - Growth Option - Direct Plan,quant Mutual Fund
2021-12-09,128.936,120841,quant Mid Cap Fund - Growth Option - Direct Plan,quant Mutual Fund
2021-12-10,130.5146,120841,quant Mid Cap Fund - Growth Option - Direct Plan,quant Mutual Fund
2021-12-13,130.5165,120841,quant Mid Cap Fund - Growth Option - Direct Plan,quant Mutual Fund
2021-12-14,129.4064,120841,quant Mid Cap Fund - Growth Option - Direct Plan,quant Mutual Fund
2021-12-15,128.0305,120841,quant Mid Cap Fund - Growth Option - Direct Plan,quant Mutual Fund
2021-12-16,127.2077,120841,quant Mid Cap Fund - Growth Option - Direct Plan,quant Mutual Fund
2021-12-17,123.6749,120841,quant Mid Cap Fund - Growth Option - Direct Plan,quant Mutual Fund
2021-12-20,119.71,120841,quant Mid Cap Fund - Growth Option - Direct Plan,quant Mutual Fund
2021-12-21,121.795,120841,quant Mid Cap Fund - Growth Option - Direct Plan,quant Mutual Fund
2021-12-22,123.2628,120841,quant Mid Cap Fund - Growth Option - Direct Plan,quant Mutual Fund
2021-12-23,124.1931,120841,quant Mid Cap Fund - Growth Option - Direct Plan,quant Mutual Fund
2021-12-24,122.874,120841,quant Mid Cap Fund - Growth Option - Direct Plan,quant Mutual Fund
2021-12-27,123.3188,120841,quant Mid Cap Fund - Growth Option - Direct Plan,quant Mutual Fund
2021-12-28,124.576,120841,quant Mid Cap Fund - Growth Option - Direct Plan,quant Mutual Fund
2021-12-29,124.4717,120841,quant Mid Cap Fund - Growth Option - Direct Plan,quant Mutual Fund
2021-12-30,123.8013,120841,quant Mid Cap Fund - Growth Option - Direct Plan,quant Mutual Fund
2021-12-31,125.2807,120841,quant Mid Cap Fund - Growth Option - Direct Plan,quant Mutual Fund
2022-01-03,126.5068,120841,quant Mid Cap Fund - Growth Option - Direct Plan,quant Mutual Fund
2022-01-04,126.4906,120841,quant Mid Cap Fund - Growth Option - Direct Plan,quant Mutual Fund
2022-01-05,127.2368,120841,quant Mid Cap Fund - Growth Option - Direct Plan,quant Mutual Fund
2022-01-06,127.2091,120841,quant Mid Cap Fund - Growth Option - Direct Plan,quant Mutual Fund
2022-01-07,126.9977,120841,quant Mid Cap Fund - Growth Option - Direct Plan,quant Mutual Fund
2022-01-10,128.6834,120841,quant Mid Cap Fund - Growth Option - Direct Plan,quant Mutual Fund
2022-01-11,128.9376,120841,quant Mid Cap Fund - Growth Option - Direct Plan,quant Mutual Fund
2022-01-12,130.4142,120841,quant Mid Cap Fund - Growth Option - Direct Plan,quant Mutual Fund
2022-01-13,130.9552,120841,quant Mid Cap Fund - Growth Option - Direct Plan,quant Mutual Fund
2022-01-14,131.3247,120841,quant Mid Cap Fund - Growth Option - Direct Plan,quant Mutual Fund
2022-01-17,131.6676,120841,quant Mid Cap Fund - Growth Option - Direct Plan,quant Mutual Fund
2022-01-18,129.7285,120841,quant Mid Cap Fund - Growth Option - Direct Plan,quant Mutual Fund
2022-01-19,129.4117,120841,quant Mid Cap Fund - Growth Option - Direct Plan,quant Mutual Fund
2022-01-20,129.1206,120841,quant Mid Cap Fund - Growth Option - Direct Plan,quant Mutual Fund
2022-01-21,126.9673,120841,quant Mid Cap Fund - Growth Option - Direct Plan,quant Mutual Fund
2022-01-24,122.3992,120841,quant Mid Cap Fund - Growth Option - Direct Plan,quant Mutual Fund
2022-01-25,124.1798,120841,quant Mid Cap Fund - Growth Option - Direct Plan,quant Mutual Fund
2022-01-27,124.5614,120841,quant Mid Cap Fund - Growth Option - Direct Plan,quant Mutual Fund
2022-01-28,126.2127,120841,quant Mid Cap Fund - Growth Option - Direct Plan,quant Mutual Fund
2022-01-31,128.1208,120841,quant Mid Cap Fund - Growth Option - Direct Plan,quant Mutual Fund
2022-02-01,129.7313,120841,quant Mid Cap Fund - Growth Option - Direct Plan,quant Mutual Fund
2022-02-02,132.0523,120841,quant Mid Cap Fund - Growth Option - Direct Plan,quant Mutual Fund
2022-02-03,131.6462,120841,quant Mid Cap Fund - Growth Option - Direct Plan,quant Mutual Fund
2022-02-04,130.6492,120841,quant Mid Cap Fund - Growth Option - Direct Plan,quant Mutual Fund
2022-02-07,129.3986,120841,quant Mid Cap Fund - Growth Option - Direct Plan,quant Mutual Fund
2022-02-08,128.2557,120841,quant Mid Cap Fund - Growth Option - Direct Plan,quant Mutual Fund
2022-02-09,129.718,120841,quant Mid Cap Fund - Growth Option - Direct Plan,quant Mutual Fund
2022-02-10,130.321,120841,quant Mid Cap Fund - Growth Option - Direct Plan,quant Mutual Fund
2022-02-11,128.1104,120841,quant Mid Cap Fund - Growth Option - Direct Plan,quant Mutual Fund
2022-02-14,123.3325,120841,quant Mid Cap Fund - Growth Option - Direct Plan,quant Mutual Fund
2022-02-15,126.5317,120841,quant Mid Cap Fund - Growth Option - Direct Plan,quant Mutual Fund
2022-02-16,126.5886,120841,quant Mid Cap Fund - Growth Option - Direct Plan,quant Mutual Fund
2022-02-17,126.1227,120841,quant Mid Cap Fund - Growth Option - Direct Plan,quant Mutual Fund
2022-02-18,125.0481,120841,quant Mid Cap Fund - Growth Option - Direct Plan,quant Mutual Fund
2022-02-21,124.0226,120841,quant Mid Cap Fund - Growth Option - Direct Plan,quant Mutual Fund
2022-02-22,122.14,120841,quant Mid Cap Fund - Growth Option - Direct Plan,quant Mutual Fund
2022-02-23,122.4841,120841,quant Mid Cap Fund - Growth Option - Direct Plan,quant Mutual Fund
2022-02-24,115.354,120841,quant Mid Cap Fund - Growth Option - Direct Plan,quant Mutual Fund
2022-02-25,120.143,120841,quant Mid Cap Fund - Growth Option - Direct Plan,quant Mutual Fund
2022-02-28,121.3314,120841,quant Mid Cap Fund - Growth Option - Direct Plan,quant Mutual Fund
2022-03-02,120.9498,120841,quant Mid Cap Fund - Growth Option - Direct Plan,quant Mutual Fund
2022-03-03,121.306,120841,quant Mid Cap Fund - Growth Option - Direct Plan,quant Mutual Fund
2022-03-04,118.5841,120841,quant Mid Cap Fund - Growth Option - Direct Plan,quant Mutual Fund
2022-03-07,116.5848,120841,quant Mid Cap Fund - Growth Option - Direct Plan,quant Mutual Fund
2022-03-08,118.3143,120841,quant Mid Cap Fund - Growth Option - Direct Plan,quant Mutual Fund
2022-03-09,121.8261,120841,quant Mid Cap Fund - Growth Option - Direct Plan,quant Mutual Fund
2022-03-10,122.1145,120841,quant Mid Cap Fund - Growth Option - Direct Plan,quant Mutual Fund
2022-03-11,122.6214,120841,quant Mid Cap Fund - Growth Option - Direct Plan,quant Mutual Fund
2022-03-14,122.8303,120841,quant Mid Cap Fund - Growth Option - Direct Plan,quant Mutual Fund
2022-03-15,122.4305,120841,quant Mid Cap Fund - Growth Option - Direct Plan,quant Mutual Fund
2022-03-16,124.5593,120841,quant Mid Cap Fund - Growth Option - Direct Plan,quant Mutual Fund
2022-03-17,125.8022,120841,quant Mid Cap Fund - Growth Option - Direct Plan,quant Mutual Fund
2022-03-21,126.3259,120841,quant Mid Cap Fund - Growth Option - Direct Plan,quant Mutual Fund
2022-03-22,126.368,120841,quant Mid Cap Fund - Growth Option - Direct Plan,quant Mutual Fund
2022-03-23,127.2515,120841,quant Mid Cap Fund - Growth Option - Direct Plan,quant Mutual Fund
2022-03-24,130.0787,120841,quant Mid Cap Fund - Growth Option - Direct Plan,quant Mutual Fund
2022-03-25,130.6546,120841,quant Mid Cap Fund - Growth Option - Direct Plan,quant Mutual Fund
2022-03-28,130.1468,120841,quant Mid Cap Fund - Growth Option - Direct Plan,quant Mutual Fund
2022-03-29,132.7146,120841,quant Mid Cap Fund - Growth Option - Direct Plan,quant Mutual Fund
2022-03-30,134.3213,120841,quant Mid Cap Fund - Growth Option - Direct Plan,quant Mutual Fund
2022-03-31,135.6836,120841,quant Mid Cap Fund - Growth Option - Direct Plan,quant Mutual Fund
2022-04-01,137.1696,120841,quant Mid Cap Fund - Growth Option - Direct Plan,quant Mutual Fund
2022-04-04,138.1757,120841,quant Mid Cap Fund - Growth Option - Direct Plan,quant Mutual Fund
2022-04-05,138.396,120841,quant Mid Cap Fund - Growth Option - Direct Plan,quant Mutual Fund
2022-04-06,139.2868,120841,quant Mid Cap Fund - Growth Option - Direct Plan,quant Mutual Fund
2022-04-07,138.7343,120841,quant Mid Cap Fund - Growth Option - Direct Plan,quant Mutual Fund
2022-04-08,141.3035,120841,quant Mid Cap Fund - Growth Option - Direct Plan,quant Mutual Fund
2022-04-11,141.742,120841,quant Mid Cap Fund - Growth Option - Direct Plan,quant Mutual Fund
2022-04-12,140.066,120841,quant Mid Cap Fund - Growth Option - Direct Plan,quant Mutual Fund
2022-04-13,139.5462,120841,quant Mid Cap Fund - Growth Option - Direct Plan,quant Mutual Fund
2022-04-18,138.4153,120841,quant Mid Cap Fund - Growth Option - Direct Plan,quant Mutual Fund
2022-04-19,136.215,120841,quant Mid Cap Fund - Growth Option - Direct Plan,quant Mutual Fund
2022-04-20,136.0407,120841,quant Mid Cap Fund - Growth Option - Direct Plan,quant Mutual Fund
2022-04-21,138.0841,120841,quant Mid Cap Fund - Growth Option - Direct Plan,quant Mutual Fund
2022-04-22,136.7078,120841,quant Mid Cap Fund - Growth Option - Direct Plan,quant Mutual Fund
2022-04-25,133.3753,120841,quant Mid Cap Fund - Growth Option - Direct Plan,quant Mutual Fund
2022-04-26,135.9278,120841,quant Mid Cap Fund - Growth Option - Direct Plan,quant Mutual Fund
2022-04-27,135.4855,120841,quant Mid Cap Fund - Growth Option - Direct Plan,quant Mutual Fund
2022-04-28,136.1467,120841,quant Mid Cap Fund - Growth Option - Direct Plan,quant Mutual Fund
2022-04-29,135.4238,120841,quant Mid Cap Fund - Growth Option - Direct Plan,quant Mutual Fund
2022-05-02,135.1252,120841,quant Mid Cap Fund - Growth Option - Direct Plan,quant Mutual Fund
2022-05-04,130.5776,120841,quant Mid Cap Fund - Growth Option - Direct Plan,quant Mutual Fund
2022-05-05,130.9687,120841,quant Mid Cap Fund - Growth Option - Direct Plan,quant Mutual Fund
2022-05-06,129.5722,120841,quant Mid Cap Fund - Growth Option - Direct Plan,quant Mutual Fund
2022-05-09,127.1131,120841,quant Mid Cap Fund - Growth Option - Direct Plan,quant Mutual Fund
2022-05-10,124.5986,120841,quant Mid Cap Fund - Growth Option - Direct Plan,quant Mutual Fund
2022-05-11,122.6652,120841,quant Mid Cap Fund - Growth Option - Direct Plan,quant Mutual Fund
2022-05-12,120.1196,120841,quant Mid Cap Fund - Growth Option - Direct Plan,quant Mutual Fund
2022-05-13,120.7455,120841,quant Mid Cap Fund - Growth Option - Direct Plan,quant Mutual Fund
2022-05-16,123.2696,120841,quant Mid Cap Fund - Growth Option - Direct Plan,quant Mutual Fund
2022-05-17,126.9614,120841,quant Mid Cap Fund - Growth Option - Direct Plan,quant Mutual Fund
2022-05-18,127.1144,120841,quant Mid Cap Fund - Growth Option - Direct Plan,quant Mutual Fund
2022-05-19,123.9027,120841,quant Mid Cap Fund - Growth Option - Direct Plan,quant Mutual Fund
2022-05-20,127.5141,120841,quant Mid Cap Fund - Growth Option - Direct Plan,quant Mutual Fund
2022-05-23,126.5524,120841,quant Mid Cap Fund - Growth Option - Direct Plan,quant Mutual Fund
2022-05-24,125.0677,120841,quant Mid Cap Fund - Growth Option - Direct Plan,quant Mutual Fund
2022-05-25,122.4912,120841,quant Mid Cap Fund - Growth Option - Direct Plan,quant Mutual Fund
2022-05-26,123.7339,120841,quant Mid Cap Fund - Growth Option - Direct Plan,quant Mutual Fund
2022-05-27,125.3669,120841,quant Mid Cap Fund - Growth Option - Direct Plan,quant Mutual Fund
2022-05-30,128.3099,120841,quant Mid Cap Fund - Growth Option - Direct Plan,quant Mutual Fund
2022-05-31,127.6661,120841,quant Mid Cap Fund - Growth Option - Direct Plan,quant Mutual Fund
2022-06-01,127.7555,120841,quant Mid Cap Fund - Growth Option - Direct Plan,quant Mutual Fund
2022-06-02,128.9305,120841,quant Mid Cap Fund - Growth Option - Direct Plan,quant Mutual Fund
2022-06-03,127.1436,120841,quant Mid Cap Fund - Growth Option - Direct Plan,quant Mutual Fund
2022-06-06,126.8011,120841,quant Mid Cap Fund - Growth Option - Direct Plan,quant Mutual Fund
2022-06-07,126.1756,120841,quant Mid Cap Fund - Growth Option - Direct Plan,quant Mutual Fund
2022-06-08,125.6039,120841,quant Mid Cap Fund - Growth Option - Direct Plan,quant Mutual Fund
2022-06-09,126.4198,120841,quant Mid Cap Fund - Growth Option - Direct Plan,quant Mutual Fund
2022-06-10,125.7057,120841,quant Mid Cap Fund - Growth Option - Direct Plan,quant Mutual Fund
2022-06-13,121.5062,120841,quant Mid Cap Fund - Growth Option - Direct Plan,quant Mutual Fund
2022-06-14,121.4934,120841,quant Mid Cap Fund - Growth Option - Direct Plan,quant Mutual Fund
2022-06-15,120.9835,120841,quant Mid Cap Fund - Growth Option - Direct Plan,quant Mutual Fund
2022-06-16,117.8647,120841,quant Mid Cap Fund - Growth Option - Direct Plan,quant Mutual Fund
2022-06-17,117.286,120841,quant Mid Cap Fund - Growth Option - Direct Plan,quant Mutual Fund
2022-06-20,115.4594,120841,quant Mid Cap Fund - Growth Option - Direct Plan,quant Mutual Fund
2022-06-21,119.1233,120841,quant Mid Cap Fund - Growth Option - Direct Plan,quant Mutual Fund
2022-06-22,116.656,120841,quant Mid Cap Fund - Growth Option - Direct Plan,quant Mutual Fund
2022-06-23,118.0699,120841,quant Mid Cap Fund - Growth Option - Direct Plan,quant Mutual Fund
2022-06-24,119.9259,120841,quant Mid Cap Fund - Growth Option - Direct Plan,quant Mutual Fund
2022-06-27,120.9324,120841,quant Mid Cap Fund - Growth Option - Direct Plan,quant Mutual Fund
2022-06-28,121.3901,120841,quant Mid Cap Fund - Growth Option - Direct Plan,quant Mutual Fund
2022-06-29,121.3045,120841,quant Mid Cap Fund - Growth Option - Direct Plan,quant Mutual Fund
2022-06-30,119.9835,120841,quant Mid Cap Fund - Growth Option - Direct Plan,quant Mutual Fund
2022-07-01,120.3586,120841,quant Mid Cap Fund - Growth Option - Direct Plan,quant Mutual Fund
2022-07-04,121.6048,120841,quant Mid Cap Fund - Growth Option - Direct Plan,quant Mutual Fund
2022-07-05,121.5446,120841,quant Mid Cap Fund - Growth Option - Direct Plan,quant Mutual Fund
2022-07-06,123.1503,120841,quant Mid Cap Fund - Growth Option - Direct Plan,quant Mutual Fund
2022-07-07,125.0387,120841,quant Mid Cap Fund - Growth Option - Direct Plan,quant Mutual Fund
2022-07-08,125.3723,120841,quant Mid Cap Fund - Growth Option - Direct Plan,quant Mutual Fund
2022-07-11,126.5195,120841,quant Mid Cap Fund - Growth Option - Direct Plan,quant Mutual Fund
2022-07-12,126.1713,120841,quant Mid Cap Fund - Growth Option - Direct Plan,quant Mutual Fund
2022-07-13,125.9255,120841,quant Mid Cap Fund - Growth Option - Direct Plan,quant Mutual Fund
2022-07-14,125.1583,120841,quant Mid Cap Fund - Growth Option - Direct Plan,quant Mutual Fund
2022-07-15,125.9286,120841,quant Mid Cap Fund - Growth Option - Direct Plan,quant Mutual Fund
2022-07-18,127.6418,120841,quant Mid Cap Fund - Growth Option - Direct Plan,quant Mutual Fund
2022-07-19,128.5486,120841,quant Mid Cap Fund - Growth Option - Direct Plan,quant Mutual Fund
2022-07-20,128.3494,120841,quant Mid Cap Fund - Growth Option - Direct Plan,quant Mutual Fund
2022-07-21,130.3175,120841,quant Mid Cap Fund - Growth Option - Direct Plan,quant Mutual Fund
2022-07-22,130.4869,120841,quant Mid Cap Fund - Growth Option - Direct Plan,quant Mutual Fund
2022-07-25,130.5051,120841,quant Mid Cap Fund - Growth Option - Direct Plan,quant Mutual Fund
2022-07-26,129.8095,120841,quant Mid Cap Fund - Growth Option - Direct Plan,quant Mutual Fund
2022-07-27,130.9163,120841,quant Mid Cap Fund - Growth Option - Direct Plan,quant Mutual Fund
2022-07-28,131.0739,120841,quant Mid Cap Fund - Growth Option - Direct Plan,quant Mutual Fund
2022-07-29,132.6375,120841,quant Mid Cap Fund - Growth Option - Direct Plan,quant Mutual Fund
2022-08-01,134.3873,120841,quant Mid Cap Fund - Growth Option - Direct Plan,quant Mutual Fund
2022-08-02,134.5169,120841,quant Mid Cap Fund - Growth Option - Direct Plan,quant Mutual Fund
2022-08-03,133.9674,120841,quant Mid Cap Fund - Growth Option - Direct Plan,quant Mutual Fund
2022-08-04,132.7787,120841,quant Mid Cap Fund - Growth Option - Direct Plan,quant Mutual Fund
2022-08-05,133.3098,120841,quant Mid Cap Fund - Growth Option - Direct Plan,quant Mutual Fund
2022-08-08,134.0048,120841,quant Mid Cap Fund - Growth Option - Direct Plan,quant Mutual Fund
2022-08-10,133.684,120841,quant Mid Cap Fund - Growth Option - Direct Plan,quant Mutual Fund
2022-08-11,134.6731,120841,quant Mid Cap Fund - Growth Option - Direct Plan,quant Mutual Fund
2022-08-12,134.4421,120841,quant Mid Cap Fund - Growth Option - Direct Plan,quant Mutual Fund
2022-08-16,136.1543,120841,quant Mid Cap Fund - Growth Option - Direct Plan,quant Mutual Fund
2022-08-17,136.0795,120841,quant Mid Cap Fund - Growth Option - Direct Plan,quant Mutual Fund
2022-08-18,136.2458,120841,quant Mid Cap Fund - Growth Option - Direct Plan,quant Mutual Fund
2022-08-19,135.94,120841,quant Mid Cap Fund - Growth Option - Direct Plan,quant Mutual Fund
2022-08-22,134.4195,120841,quant Mid Cap Fund - Growth Option - Direct Plan,quant Mutual Fund
2022-08-23,135.7256,120841,quant Mid Cap Fund - Growth Option - Direct Plan,quant Mutual Fund
2022-08-24,137.2337,120841,quant Mid Cap Fund - Growth Option - Direct Plan,quant Mutual Fund
2022-08-25,136.5525,120841,quant Mid Cap Fund - Growth Option - Direct Plan,quant Mutual Fund
2022-08-26,138.0588,120841,quant Mid Cap Fund - Growth Option - Direct Plan,quant Mutual Fund
2022-08-29,137.4254,120841,quant Mid Cap Fund - Growth Option - Direct Plan,quant Mutual Fund
2022-08-30,139.8072,120841,quant Mid Cap Fund - Growth Option - Direct Plan,quant Mutual Fund
2022-09-01,140.3487,120841,quant Mid Cap Fund - Growth Option - Direct Plan,quant Mutual Fund
2022-09-02,141.5479,120841,quant Mid Cap Fund - Growth Option - Direct Plan,quant Mutual Fund
2022-09-05,142.5414,120841,quant Mid Cap Fund - Growth Option - Direct Plan,quant Mutual Fund
2022-09-06,142.6098,120841,quant Mid Cap Fund - Growth Option - Direct Plan,quant Mutual Fund
2022-09-07,143.2948,120841,quant Mid Cap Fund - Growth Option - Direct Plan,quant Mutual Fund
2022-09-08,144.5818,120841,quant Mid Cap Fund - Growth Option - Direct Plan,quant Mutual Fund
2022-09-09,145.2952,120841,quant Mid Cap Fund - Growth Option - Direct Plan,quant Mutual Fund
2022-09-12,146.6505,120841,quant Mid Cap Fund - Growth Option - Direct Plan,quant Mutual Fund
2022-09-13,147.0281,120841,quant Mid Cap Fund - Growth Option - Direct Plan,quant Mutual Fund
2022-09-14,147.7233,120841,quant Mid Cap Fund - Growth Option - Direct Plan,quant Mutual Fund
2022-09-15,148.0874,120841,quant Mid Cap Fund - Growth Option - Direct Plan,quant Mutual Fund
2022-09-16,144.6279,120841,quant Mid Cap Fund - Growth Option - Direct Plan,quant Mutual Fund
2022-09-19,146.4419,120841,quant Mid Cap Fund - Growth Option - Direct Plan,quant Mutual Fund
2022-09-20,148.0999,120841,quant Mid Cap Fund - Growth Option - Direct Plan,quant Mutual Fund
2022-09-21,147.089,120841,quant Mid Cap Fund - Growth Option - Direct Plan,quant Mutual Fund
2022-09-22,147.0275,120841,quant Mid Cap Fund - Growth Option - Direct Plan,quant Mutual Fund
2022-09-23,143.7564,120841,quant Mid Cap Fund - Growth Option - Direct Plan,quant Mutual Fund
2022-09-26,138.9011,120841,quant Mid Cap Fund - Growth Option - Direct Plan,quant Mutual Fund
2022-09-27,139.239,120841,quant Mid Cap Fund - Growth Option - Direct Plan,quant Mutual Fund
2022-09-28,137.5252,120841,quant Mid Cap Fund - Growth Option - Direct Plan,quant Mutual Fund
2022-09-29,138.4288,120841,quant Mid Cap Fund - Growth Option - Direct Plan,quant Mutual Fund
2022-09-30,140.7102,120841,quant Mid Cap Fund - Growth Option - Direct Plan,quant Mutual Fund
2022-10-03,137.917,120841,quant Mid Cap Fund - Growth Option - Direct Plan,quant Mutual Fund
2022-10-04,141.5815,120841,quant Mid Cap Fund - Growth Option - Direct Plan,quant Mutual Fund
2022-10-06,142.8724,120841,quant Mid Cap Fund - Growth Option - Direct Plan,quant Mutual Fund
2022-10-07,142.9606,120841,quant Mid Cap Fund - Growth Option - Direct Plan,quant Mutual Fund
2022-10-10,142.0986,120841,quant Mid Cap Fund - Growth Option - Direct Plan,quant Mutual Fund
2022-10-11,139.2999,120841,quant Mid Cap Fund - Growth Option - Direct Plan,quant Mutual Fund
2022-10-12,140.5843,120841,quant Mid Cap Fund - Growth Option - Direct Plan,quant Mutual Fund
2022-10-13,139.159,120841,quant Mid Cap Fund - Growth Option - Direct Plan,quant Mutual Fund
2022-10-14,139.0192,120841,quant Mid Cap Fund - Growth Option - Direct Plan,quant Mutual Fund
2022-10-17,140.1157,120841,quant Mid Cap Fund - Growth Option - Direct Plan,quant Mutual Fund
2022-10-18,142.0911,120841,quant Mid Cap Fund - Growth Option - Direct Plan,quant Mutual Fund
2022-10-19,142.1461,120841,quant Mid Cap Fund - Growth Option - Direct Plan,quant Mutual Fund
2022-10-20,142.4291,120841,quant Mid Cap Fund - Growth Option - Direct Plan,quant Mutual Fund
2022-10-21,141.3402,120841,quant Mid Cap Fund - Growth Option - Direct Plan,quant Mutual Fund
2022-10-25,142.4703,120841,quant Mid Cap Fund - Growth Option - Direct Plan,quant Mutual Fund
2022-10-27,143.6154,120841,quant Mid Cap Fund - Growth Option - Direct Plan,quant Mutual Fund
2022-10-28,143.3029,120841,quant Mid Cap Fund - Growth Option - Direct Plan,quant Mutual Fund
2022-10-31,144.5066,120841,quant Mid Cap Fund - Growth Option - Direct Plan,quant Mutual Fund
2022-11-01,144.4554,120841,quant Mid Cap Fund - Growth Option - Direct Plan,quant Mutual Fund
2022-11-02,144.3572,120841,quant Mid Cap Fund - Growth Option - Direct Plan,quant Mutual Fund
2022-11-03,145.4311,120841,quant Mid Cap Fund - Growth Option - Direct Plan,quant Mutual Fund
2022-11-04,145.65,120841,quant Mid Cap Fund - Growth Option - Direct Plan,quant Mutual Fund
2022-11-07,146.1047,120841,quant Mid Cap Fund - Growth Option - Direct Plan,quant Mutual Fund
2022-11-09,147.5742,120841,quant Mid Cap Fund - Growth Option - Direct Plan,quant Mutual Fund
2022-11-10,146.8062,120841,quant Mid Cap Fund - Growth Option - Direct Plan,quant Mutual Fund
2022-11-11,146.303,120841,quant Mid Cap Fund - Growth Option - Direct Plan,quant Mutual Fund
2022-11-14,145.9642,120841,quant Mid Cap Fund - Growth Option - Direct Plan,quant Mutual Fund
2022-11-15,145.8004,120841,quant Mid Cap Fund - Growth Option - Direct Plan,quant Mutual Fund
2022-11-16,144.3685,120841,quant Mid Cap Fund - Growth Option - Direct Plan,quant Mutual Fund
2022-11-17,144.0831,120841,quant Mid Cap Fund - Growth Option - Direct Plan,quant Mutual Fund
2022-11-18,144.3165,120841,quant Mid Cap Fund - Growth Option - Direct Plan,quant Mutual Fund
2022-11-21,145.1487,120841,quant Mid Cap Fund - Growth Option - Direct Plan,quant Mutual Fund
2022-11-22,146.2966,120841,quant Mid Cap Fund - Growth Option - Direct Plan,quant Mutual Fund
2022-11-23,147.0259,120841,quant Mid Cap Fund - Growth Option - Direct Plan,quant Mutual Fund
2022-11-24,147.5941,120841,quant Mid Cap Fund - Growth Option - Direct Plan,quant Mutual Fund
2022-11-25,149.2333,120841,quant Mid Cap Fund - Growth Option - Direct Plan,quant Mutual Fund
2022-11-28,149.9924,120841,quant Mid Cap Fund - Growth Option - Direct Plan,quant Mutual Fund
2022-11-29,149.7115,120841,quant Mid Cap Fund - Growth Option - Direct Plan,quant Mutual Fund
2022-11-30,149.665,120841,quant Mid Cap Fund - Growth Option - Direct Plan,quant Mutual Fund
2022-12-01,151.3128,120841,quant Mid Cap Fund - Growth Option - Direct Plan,quant Mutual Fund
2022-12-02,152.3886,120841,quant Mid Cap Fund - Growth Option - Direct Plan,quant Mutual Fund
2022-12-05,153.079,120841,quant Mid Cap Fund - Growth Option - Direct Plan,quant Mutual Fund
2022-12-06,152.9156,120841,quant Mid Cap Fund - Growth Option - Direct Plan,quant Mutual Fund
2022-12-07,152.6613,120841,quant Mid Cap Fund - Growth Option - Direct Plan,quant Mutual Fund
2022-12-08,154.7371,120841,quant Mid Cap Fund - Growth Option - Direct Plan,quant Mutual Fund
2022-12-09,152.6343,120841,quant Mid Cap Fund - Growth Option - Direct Plan,quant Mutual Fund
2022-12-12,153.6017,120841,quant Mid Cap Fund - Growth Option - Direct Plan,quant Mutual Fund
2022-12-13,155.1466,120841,quant Mid Cap Fund - Growth Option - Direct Plan,quant Mutual Fund
2022-12-14,155.6215,120841,quant Mid Cap Fund - Growth Option - Direct Plan,quant Mutual Fund
2022-12-15,153.8581,120841,quant Mid Cap Fund - Growth Option - Direct Plan,quant Mutual Fund
2022-12-16,151.1821,120841,quant Mid Cap Fund - Growth Option - Direct Plan,quant Mutual Fund
2022-12-19,152.521,120841,quant Mid Cap Fund - Growth Option - Direct Plan,quant Mutual Fund
2022-12-20,152.0756,120841,quant Mid Cap Fund - Growth Option - Direct Plan,quant Mutual Fund
2022-12-21,148.566,120841,quant Mid Cap Fund - Growth Option - Direct Plan,quant Mutual Fund
2022-12-22,146.8345,120841,quant Mid Cap Fund - Growth Option - Direct Plan,quant Mutual Fund
2022-12-23,140.3861,120841,quant Mid Cap Fund - Growth Option - Direct Plan,quant Mutual Fund
2022-12-26,145.8291,120841,quant Mid Cap Fund - Growth Option - Direct Plan,quant Mutual Fund
2022-12-27,148.0385,120841,quant Mid Cap Fund - Growth Option - Direct Plan,quant Mutual Fund
2022-12-28,148.2089,120841,quant Mid Cap Fund - Growth Option - Direct Plan,quant Mutual Fund
2022-12-29,148.6537,120841,quant Mid Cap Fund - Growth Option - Direct Plan,quant Mutual Fund
2022-12-30,150.2585,120841,quant Mid Cap Fund - Growth Option - Direct Plan,quant Mutual Fund
2023-01-02,152.1024,120841,quant Mid Cap Fund - Growth Option - Direct Plan,quant Mutual Fund
2023-01-03,152.9569,120841,quant Mid Cap Fund - Growth Option - Direct Plan,quant Mutual Fund
2023-01-04,150.964,120841,quant Mid Cap Fund - Growth Option - Direct Plan,quant Mutual Fund
2023-01-05,151.8208,120841,quant Mid Cap Fund - Growth Option - Direct Plan,quant Mutual Fund
2023-01-06,150.5603,120841,quant Mid Cap Fund - Growth Option - Direct Plan,quant Mutual Fund
2023-01-09,152.2843,120841,quant Mid Cap Fund - Growth Option - Direct Plan,quant Mutual Fund
2023-01-10,150.9817,120841,quant Mid Cap Fund - Growth Option - Direct Plan,quant Mutual Fund
2023-01-11,151.3555,120841,quant Mid Cap Fund - Growth Option - Direct Plan,quant Mutual Fund
2023-01-12,150.5384,120841,quant Mid Cap Fund - Growth Option - Direct Plan,quant Mutual Fund
2023-01-13,151.2559,120841,quant Mid Cap Fund - Growth Option - Direct Plan,quant Mutual Fund
2023-01-16,151.418,120841,quant Mid Cap Fund - Growth Option - Direct Plan,quant Mutual Fund
2023-01-17,150.919,120841,quant Mid Cap Fund - Growth Option - Direct Plan,quant Mutual Fund
2023-01-18,150.7411,120841,quant Mid Cap Fund - Growth Option - Direct Plan,quant Mutual Fund
2023-01-19,150.8009,120841,quant Mid Cap Fund - Growth Option - Direct Plan,quant Mutual Fund
2023-01-20,150.0517,120841,quant Mid Cap Fund - Growth Option - Direct Plan,quant Mutual Fund
2023-01-23,150.2557,120841,quant Mid Cap Fund - Growth Option - Direct Plan,quant Mutual Fund
2023-01-24,149.1414,120841,quant Mid Cap Fund - Growth Option - Direct Plan,quant Mutual Fund
2023-01-25,146.0043,120841,quant Mid Cap Fund - Growth Option - Direct Plan,quant Mutual Fund
2023-01-27,141.3707,120841,quant Mid Cap Fund - Growth Option - Direct Plan,quant Mutual Fund
2023-01-30,141.1836,120841,quant Mid Cap Fund - Growth Option - Direct Plan,quant Mutual Fund
2023-01-31,144.6578,120841,quant Mid Cap Fund - Growth Option - Direct Plan,quant Mutual Fund
2023-02-01,141.189,120841,quant Mid Cap Fund - Growth Option - Direct Plan,quant Mutual Fund
2023-02-02,141.4343,120841,quant Mid Cap Fund - Growth Option - Direct Plan,quant Mutual Fund
2023-02-03,141.8329,120841,quant Mid Cap Fund - Growth Option - Direct Plan,quant Mutual Fund
2023-02-06,142.1399,120841,quant Mid Cap Fund - Growth Option - Direct Plan,quant Mutual Fund
2023-02-07,141.3997,120841,quant Mid Cap Fund - Growth Option - Direct Plan,quant Mutual Fund
2023-02-08,142.2113,120841,quant Mid Cap Fund - Growth Option - Direct Plan,quant Mutual Fund
2023-02-09,142.1272,120841,quant Mid Cap Fund - Growth Option - Direct Plan,quant Mutual Fund
2023-02-10,142.8888,120841,quant Mid Cap Fund - Growth Option - Direct Plan,quant Mutual Fund
2023-02-13,141.6187,120841,quant Mid Cap Fund - Growth Option - Direct Plan,quant Mutual Fund
2023-02-14,141.9587,120841,quant Mid Cap Fund - Growth Option - Direct Plan,quant Mutual Fund
2023-02-15,143.1622,120841,quant Mid Cap Fund - Growth Option - Direct Plan,quant Mutual Fund
2023-02-16,144.3178,120841,quant Mid Cap Fund - Growth Option - Direct Plan,quant Mutual Fund
2023-02-17,143.2164,120841,quant Mid Cap Fund - Growth Option - Direct Plan,quant Mutual Fund
2023-02-20,143.177,120841,quant Mid Cap Fund - Growth Option - Direct Plan,quant Mutual Fund
2023-02-21,142.6417,120841,quant Mid Cap Fund - Growth Option - Direct Plan,quant Mutual Fund
2023-02-22,141.1745,120841,quant Mid Cap Fund - Growth Option - Direct Plan,quant Mutual Fund
2023-02-23,141.2408,120841,quant Mid Cap Fund - Growth Option - Direct Plan,quant Mutual Fund
2023-02-24,139.7942,120841,quant Mid Cap Fund - Growth Option - Direct Plan,quant Mutual Fund
2023-02-27,139.1144,120841,quant Mid Cap Fund - Growth Option - Direct Plan,quant Mutual Fund
2023-02-28,139.4266,120841,quant Mid Cap Fund - Growth Option - Direct Plan,quant Mutual Fund
2023-03-01,141.0957,120841,quant Mid Cap Fund - Growth Option - Direct Plan,quant Mutual Fund
2023-03-02,141.2125,120841,quant Mid Cap Fund - Growth Option - Direct Plan,quant Mutual Fund
2023-03-03,143.2378,120841,quant Mid Cap Fund - Growth Option - Direct Plan,quant Mutual Fund
2023-03-06,143.9738,120841,quant Mid Cap Fund - Growth Option - Direct Plan,quant Mutual Fund
2023-03-08,144.8362,120841,quant Mid Cap Fund - Growth Option - Direct Plan,quant Mutual Fund
2023-03-09,144.0023,120841,quant Mid Cap Fund - Growth Option - Direct Plan,quant Mutual Fund
2023-03-10,142.5247,120841,quant Mid Cap Fund - Growth Option - Direct Plan,quant Mutual Fund
2023-03-13,139.6585,120841,quant Mid Cap Fund - Growth Option - Direct Plan,quant Mutual Fund
2023-03-14,137.9846,120841,quant Mid Cap Fund - Growth Option - Direct Plan,quant Mutual Fund
2023-03-15,137.8601,120841,quant Mid Cap Fund - Growth Option - Direct Plan,quant Mutual Fund
2023-03-16,137.7193,120841,quant Mid Cap Fund - Growth Option - Direct Plan,quant Mutual Fund
2023-03-17,137.9719,120841,quant Mid Cap Fund - Growth Option - Direct Plan,quant Mutual Fund
2023-03-20,136.2904,120841,quant Mid Cap Fund - Growth Option - Direct Plan,quant Mutual Fund
2023-03-21,137.424,120841,quant Mid Cap Fund - Growth Option - Direct Plan,quant Mutual Fund
2023-03-22,137.8024,120841,quant Mid Cap Fund - Growth Option - Direct Plan,quant Mutual Fund
2023-03-23,136.7699,120841,quant Mid Cap Fund - Growth Option - Direct Plan,quant Mutual Fund
2023-03-24,135.3902,120841,quant Mid Cap Fund - Growth Option - Direct Plan,quant Mutual Fund
2023-03-27,135.0155,120841,quant Mid Cap Fund - Growth Option - Direct Plan,quant Mutual Fund
2023-03-28,134.8072,120841,quant Mid Cap Fund - Growth Option - Direct Plan,quant Mutual Fund
2023-03-29,137.2099,120841,quant Mid Cap Fund - Growth Option - Direct Plan,quant Mutual Fund
2023-03-31,139.1977,120841,quant Mid Cap Fund - Growth Option - Direct Plan,quant Mutual Fund
2023-04-03,140.0803,120841,quant Mid Cap Fund - Growth Option - Direct Plan,quant Mutual Fund
2023-04-05,140.1858,120841,quant Mid Cap Fund - Growth Option - Direct Plan,quant Mutual Fund
2023-04-06,140.8973,120841,quant Mid Cap Fund - Growth Option - Direct Plan,quant Mutual Fund
2023-04-10,141.253,120841,quant Mid Cap Fund - Growth Option - Direct Plan,quant Mutual Fund
2023-04-11,141.9336,120841,quant Mid Cap Fund - Growth Option - Direct Plan,quant Mutual Fund
2023-04-12,142.1034,120841,quant Mid Cap Fund - Growth Option - Direct Plan,quant Mutual Fund
2023-04-13,142.5051,120841,quant Mid Cap Fund - Growth Option - Direct Plan,quant Mutual Fund
2023-04-17,142.8324,120841,quant Mid Cap Fund - Growth Option - Direct Plan,quant Mutual Fund
2023-04-18,142.8466,120841,quant Mid Cap Fund - Growth Option - Direct Plan,quant Mutual Fund
2023-04-19,142.7704,120841,quant Mid Cap Fund - Growth Option - Direct Plan,quant Mutual Fund
2023-04-20,142.8697,120841,quant Mid Cap Fund - Growth Option - Direct Plan,quant Mutual Fund
2023-04-21,142.112,120841,quant Mid Cap Fund - Growth Option - Direct Plan,quant Mutual Fund
2023-04-24,143.0605,120841,quant Mid Cap Fund - Growth Option - Direct Plan,quant Mutual Fund
2023-04-25,143.2685,120841,quant Mid Cap Fund - Growth Option - Direct Plan,quant Mutual Fund
2023-04-26,143.8899,120841,quant Mid Cap Fund - Growth Option - Direct Plan,quant Mutual Fund
2023-04-27,143.9685,120841,quant Mid Cap Fund - Growth Option - Direct Plan,quant Mutual Fund
2023-04-28,146.3658,120841,quant Mid Cap Fund - Growth Option - Direct Plan,quant Mutual Fund
2023-05-02,147.4707,120841,quant Mid Cap Fund - Growth Option - Direct Plan,quant Mutual Fund
2023-05-03,146.9304,120841,quant Mid Cap Fund - Growth Option - Direct Plan,quant Mutual Fund
2023-05-04,148.1713,120841,quant Mid Cap Fund - Growth Option - Direct Plan,quant Mutual Fund
2023-05-05,146.2396,120841,quant Mid Cap Fund - Growth Option - Direct Plan,quant Mutual Fund
2023-05-08,147.3298,120841,quant Mid Cap Fund - Growth Option - Direct Plan,quant Mutual Fund
2023-05-09,146.9646,120841,quant Mid Cap Fund - Growth Option - Direct Plan,quant Mutual Fund
2023-05-10,146.4076,120841,quant Mid Cap Fund - Growth Option - Direct Plan,quant Mutual Fund
2023-05-11,146.0869,120841,quant Mid Cap Fund - Growth Option - Direct Plan,quant Mutual Fund
2023-05-12,145.3671,120841,quant Mid Cap Fund - Growth Option - Direct Plan,quant Mutual Fund
2023-05-15,146.1892,120841,quant Mid Cap Fund - Growth Option - Direct Plan,quant Mutual Fund
2023-05-16,146.0016,120841,quant Mid Cap Fund - Growth Option - Direct Plan,quant Mutual Fund
2023-05-17,145.5436,120841,quant Mid Cap Fund - Growth Option - Direct Plan,quant Mutual Fund
2023-05-18,144.5564,120841,quant Mid Cap Fund - Growth Option - Direct Plan,quant Mutual Fund
2023-05-19,144.5852,120841,quant Mid Cap Fund - Growth Option - Direct Plan,quant Mutual Fund
2023-05-22,145.2982,120841,quant Mid Cap Fund - Growth Option - Direct Plan,quant Mutual Fund
2023-05-23,145.2943,120841,quant Mid Cap Fund - Growth Option - Direct Plan,quant Mutual Fund
2023-05-24,145.2001,120841,quant Mid Cap Fund - Growth Option - Direct Plan,quant Mutual Fund
2023-05-25,145.579,120841,quant Mid Cap Fund - Growth Option - Direct Plan,quant Mutual Fund
2023-05-26,146.9907,120841,quant Mid Cap Fund - Growth Option - Direct Plan,quant Mutual Fund
2023-05-29,147.2131,120841,quant Mid Cap Fund - Growth Option - Direct Plan,quant Mutual Fund
2023-05-30,148.2581,120841,quant Mid Cap Fund - Growth Option - Direct Plan,quant Mutual Fund
2023-05-31,148.2521,120841,quant Mid Cap Fund - Growth Option - Direct Plan,quant Mutual Fund
2023-06-01,148.8214,120841,quant Mid Cap Fund - Growth Option - Direct Plan,quant Mutual Fund
2023-06-02,149.2749,120841,quant Mid Cap Fund - Growth Option - Direct Plan,quant Mutual Fund
2023-06-05,149.8771,120841,quant Mid Cap Fund - Growth Option - Direct Plan,quant Mutual Fund
2023-06-06,149.9541,120841,quant Mid Cap Fund - Growth Option - Direct Plan,quant Mutual Fund
2023-06-07,151.5583,120841,quant Mid Cap Fund - Growth Option - Direct Plan,quant Mutual Fund
2023-06-08,150.4792,120841,quant Mid Cap Fund - Growth Option - Direct Plan,quant Mutual Fund
2023-06-09,150.4985,120841,quant Mid Cap Fund - Growth Option - Direct Plan,quant Mutual Fund
2023-06-12,151.3219,120841,quant Mid Cap Fund - Growth Option - Direct Plan,quant Mutual Fund
2023-06-13,153.7676,120841,quant Mid Cap Fund - Growth Option - Direct Plan,quant Mutual Fund
2023-06-14,154.3517,120841,quant Mid Cap Fund - Growth Option - Direct Plan,quant Mutual Fund
2023-06-15,153.6912,120841,quant Mid Cap Fund - Growth Option - Direct Plan,quant Mutual Fund
2023-06-16,154.8056,120841,quant Mid Cap Fund - Growth Option - Direct Plan,quant Mutual Fund
2023-06-19,154.5752,120841,quant Mid Cap Fund - Growth Option - Direct Plan,quant Mutual Fund
2023-06-20,154.9588,120841,quant Mid Cap Fund - Growth Option - Direct Plan,quant Mutual Fund
2023-06-21,156.3535,120841,quant Mid Cap Fund - Growth Option - Direct Plan,quant Mutual Fund
2023-06-22,154.5586,120841,quant Mid Cap Fund - Growth Option - Direct Plan,quant Mutual Fund
2023-06-23,153.1875,120841,quant Mid Cap Fund - Growth Option - Direct Plan,quant Mutual Fund
2023-06-26,153.8963,120841,quant Mid Cap Fund - Growth Option - Direct Plan,quant Mutual Fund
2023-06-27,154.6907,120841,quant Mid Cap Fund - Growth Option - Direct Plan,quant Mutual Fund
2023-06-28,155.6911,120841,quant Mid Cap Fund - Growth Option - Direct Plan,quant Mutual Fund
2023-06-30,156.8776,120841,quant Mid Cap Fund - Growth Option - Direct Plan,quant Mutual Fund
2023-07-03,158.3986,120841,quant Mid Cap Fund - Growth Option - Direct Plan,quant Mutual Fund
2023-07-04,158.4254,120841,quant Mid Cap Fund - Growth Option - Direct Plan,quant Mutual Fund
2023-07-05,159.31,120841,quant Mid Cap Fund - Growth Option - Direct Plan,quant Mutual Fund
2023-07-06,160.4979,120841,quant Mid Cap Fund - Growth Option - Direct Plan,quant Mutual Fund
2023-07-07,160.1835,120841,quant Mid Cap Fund - Growth Option - Direct Plan,quant Mutual Fund
2023-07-10,160.0343,120841,quant Mid Cap Fund - Growth Option - Direct Plan,quant Mutual Fund
2023-07-11,161.057,120841,quant Mid Cap Fund - Growth Option - Direct Plan,quant Mutual Fund
2023-07-12,161.5415,120841,quant Mid Cap Fund - Growth Option - Direct Plan,quant Mutual Fund
2023-07-13,159.8087,120841,quant Mid Cap Fund - Growth Option - Direct Plan,quant Mutual Fund
2023-07-14,161.9301,120841,quant Mid Cap Fund - Growth Option - Direct Plan,quant Mutual Fund
2023-07-17,163.2076,120841,quant Mid Cap Fund - Growth Option - Direct Plan,quant Mutual Fund
2023-07-18,162.7716,120841,quant Mid Cap Fund - Growth Option - Direct Plan,quant Mutual Fund
2023-07-19,164.0955,120841,quant Mid Cap Fund - Growth Option - Direct Plan,quant Mutual Fund
2023-07-20,164.8306,120841,quant Mid Cap Fund - Growth Option - Direct Plan,quant Mutual Fund
2023-07-21,164.2707,120841,quant Mid Cap Fund - Growth Option - Direct Plan,quant Mutual Fund
2023-07-24,164.4436,120841,quant Mid Cap Fund - Growth Option - Direct Plan,quant Mutual Fund
2023-07-25,165.269,120841,quant Mid Cap Fund - Growth Option - Direct Plan,quant Mutual Fund
2023-07-26,168.3166,120841,quant Mid Cap Fund - Growth Option - Direct Plan,quant Mutual Fund
2023-07-27,169.3005,120841,quant Mid Cap Fund - Growth Option - Direct Plan,quant Mutual Fund
2023-07-28,170.6053,120841,quant Mid Cap Fund - Growth Option - Direct Plan,quant Mutual Fund
2023-07-31,171.122,120841,quant Mid Cap Fund - Growth Option - Direct Plan,quant Mutual Fund
2023-08-01,170.487,120841,quant Mid Cap Fund - Growth Option - Direct Plan,quant Mutual Fund
2023-08-02,167.2217,120841,quant Mid Cap Fund - Growth Option - Direct Plan,quant Mutual Fund
2023-08-03,167.6171,120841,quant Mid Cap Fund - Growth Option - Direct Plan,quant Mutual Fund
2023-08-04,168.0284,120841,quant Mid Cap Fund - Growth Option - Direct Plan,quant Mutual Fund
2023-08-07,168.9046,120841,quant Mid Cap Fund - Growth Option - Direct Plan,quant Mutual Fund
2023-08-08,169.607,120841,quant Mid Cap Fund - Growth Option - Direct Plan,quant Mutual Fund
2023-08-09,170.3286,120841,quant Mid Cap Fund - Growth Option - Direct Plan,quant Mutual Fund
2023-08-10,170.7599,120841,quant Mid Cap Fund - Growth Option - Direct Plan,quant Mutual Fund
2023-08-11,170.0636,120841,quant Mid Cap Fund - Growth Option - Direct Plan,quant Mutual Fund
2023-08-14,169.3751,120841,quant Mid Cap Fund - Growth Option - Direct Plan,quant Mutual Fund
2023-08-16,169.9728,120841,quant Mid Cap Fund - Growth Option - Direct Plan,quant Mutual Fund
2023-08-17,170.2875,120841,quant Mid Cap Fund - Growth Option - Direct Plan,quant Mutual Fund
2023-08-18,170.2542,120841,quant Mid Cap Fund - Growth Option - Direct Plan,quant Mutual Fund
2023-08-21,171.144,120841,quant Mid Cap Fund - Growth Option - Direct Plan,quant Mutual Fund
2023-08-22,172.4517,120841,quant Mid Cap Fund - Growth Option - Direct Plan,quant Mutual Fund
2023-08-23,172.3817,120841,quant Mid Cap Fund - Growth Option - Direct Plan,quant Mutual Fund
2023-08-24,171.3185,120841,quant Mid Cap Fund - Growth Option - Direct Plan,quant Mutual Fund
2023-08-25,170.4103,120841,quant Mid Cap Fund - Growth Option - Direct Plan,quant Mutual Fund
2023-08-28,171.586,120841,quant Mid Cap Fund - Growth Option - Direct Plan,quant Mutual Fund
2023-08-29,171.7431,120841,quant Mid Cap Fund - Growth Option - Direct Plan,quant Mutual Fund
2023-08-30,172.8789,120841,quant Mid Cap Fund - Growth Option - Direct Plan,quant Mutual Fund
2023-08-31,172.7257,120841,quant Mid Cap Fund - Growth Option - Direct Plan,quant Mutual Fund
2023-09-01,175.3529,120841,quant Mid Cap Fund - Growth Option - Direct Plan,quant Mutual Fund
2023-09-04,177.596,120841,quant Mid Cap Fund - Growth Option - Direct Plan,quant Mutual Fund
2023-09-05,179.1531,120841,quant Mid Cap Fund - Growth Option - Direct Plan,quant Mutual Fund
2023-09-06,178.4506,120841,quant Mid Cap Fund - Growth Option - Direct Plan,quant Mutual Fund
2023-09-07,179.0615,120841,quant Mid Cap Fund - Growth Option - Direct Plan,quant Mutual Fund
2023-09-08,180.5312,120841,quant Mid Cap Fund - Growth Option - Direct Plan,quant Mutual Fund
2023-09-11,182.7023,120841,quant Mid Cap Fund - Growth Option - Direct Plan,quant Mutual Fund
2023-09-12,178.5377,120841,quant Mid Cap Fund - Growth Option - Direct Plan,quant Mutual Fund
2023-09-13,180.7573,120841,quant Mid Cap Fund - Growth Option - Direct Plan,quant Mutual Fund
2023-09-14,181.7795,120841,quant Mid Cap Fund - Growth Option - Direct Plan,quant Mutual Fund
2023-09-15,181.8206,120841,quant Mid Cap Fund - Growth Option - Direct Plan,quant Mutual Fund
2023-09-18,181.3955,120841,quant Mid Cap Fund - Growth Option - Direct Plan,quant Mutual Fund
2023-09-20,179.8008,120841,quant Mid Cap Fund - Growth Option - Direct Plan,quant Mutual Fund
2023-09-21,178.7128,120841,quant Mid Cap Fund - Growth Option - Direct Plan,quant Mutual Fund
2023-09-22,178.4228,120841,quant Mid Cap Fund - Growth Option - Direct Plan,quant Mutual Fund
2023-09-25,180.2127,120841,quant Mid Cap Fund - Growth Option - Direct Plan,quant Mutual Fund
2023-09-26,180.7082,120841,quant Mid Cap Fund - Growth Option - Direct Plan,quant Mutual Fund
2023-09-27,182.1994,120841,quant Mid Cap Fund - Growth Option - Direct Plan,quant Mutual Fund
2023-09-29,182.3211,120841,quant Mid Cap Fund - Growth Option - Direct Plan,quant Mutual Fund
2023-10-03,182.3246,120841,quant Mid Cap Fund - Growth Option - Direct Plan,quant Mutual Fund
2023-10-04,179.6064,120841,quant Mid Cap Fund - Growth Option - Direct Plan,quant Mutual Fund
2023-10-05,179.3514,120841,quant Mid Cap Fund - Growth Option - Direct Plan,quant Mutual Fund
2023-10-06,180.1273,120841,quant Mid Cap Fund - Growth Option - Direct Plan,quant Mutual Fund
2023-10-09,177.6778,120841,quant Mid Cap Fund - Growth Option - Direct Plan,quant Mutual Fund
2023-10-10,180.4485,120841,quant Mid Cap Fund - Growth Option - Direct Plan,quant Mutual Fund
2023-10-11,181.7082,120841,quant Mid Cap Fund - Growth Option - Direct Plan,quant Mutual Fund
2023-10-12,184.6935,120841,quant Mid Cap Fund - Growth Option - Direct Plan,quant Mutual Fund
2023-10-13,183.7232,120841,quant Mid Cap Fund - Growth Option - Direct Plan,quant Mutual Fund
2023-10-16,184.1322,120841,quant Mid Cap Fund - Growth Option - Direct Plan,quant Mutual Fund
2023-10-17,184.7153,120841,quant Mid Cap Fund - Growth Option - Direct Plan,quant Mutual Fund
2023-10-18,182.6142,120841,quant Mid Cap Fund - Growth Option - Direct Plan,quant Mutual Fund
2023-10-19,182.8728,120841,quant Mid Cap Fund - Growth Option - Direct Plan,quant Mutual Fund
2023-10-20,180.2728,120841,quant Mid Cap Fund - Growth Option - Direct Plan,quant Mutual Fund
2023-10-23,175.6322,120841,quant Mid Cap Fund - Growth Option - Direct Plan,quant Mutual Fund
2023-10-25,174.6533,120841,quant Mid Cap Fund - Growth Option - Direct Plan,quant Mutual Fund
2023-10-26,173.6302,120841,quant Mid Cap Fund - Growth Option - Direct Plan,quant Mutual Fund
2023-10-27,175.7887,120841,quant Mid Cap Fund - Growth Option - Direct Plan,quant Mutual Fund
2023-10-30,176.3726,120841,quant Mid Cap Fund - Growth Option - Direct Plan,quant Mutual Fund
2023-10-31,176.4723,120841,quant Mid Cap Fund - Growth Option - Direct Plan,quant Mutual Fund
2023-11-01,176.6655,120841,quant Mid Cap Fund - Growth Option - Direct Plan,quant Mutual Fund
2023-11-02,179.9886,120841,quant Mid Cap Fund - Growth Option - Direct Plan,quant Mutual Fund
2023-11-03,180.4761,120841,quant Mid Cap Fund - Growth Option - Direct Plan,quant Mutual Fund
2023-11-06,182.0635,120841,quant Mid Cap Fund - Growth Option - Direct Plan,quant Mutual Fund
2023-11-07,182.9201,120841,quant Mid Cap Fund - Growth Option - Direct Plan,quant Mutual Fund
2023-11-08,184.4927,120841,quant Mid Cap Fund - Growth Option - Direct Plan,quant Mutual Fund
2023-11-09,184.0495,120841,quant Mid Cap Fund - Growth Option - Direct Plan,quant Mutual Fund
2023-11-10,184.5793,120841,quant Mid Cap Fund - Growth Option - Direct Plan,quant Mutual Fund
2023-11-13,185.9812,120841,quant Mid Cap Fund - Growth Option - Direct Plan,quant Mutual Fund
2023-11-15,186.2844,120841,quant Mid Cap Fund - Growth Option - Direct Plan,quant Mutual Fund
2023-11-16,188.056,120841,quant Mid Cap Fund - Growth Option - Direct Plan,quant Mutual Fund
2023-11-17,187.8988,120841,quant Mid Cap Fund - Growth Option - Direct Plan,quant Mutual Fund
2023-11-20,187.4619,120841,quant Mid Cap Fund - Growth Option - Direct Plan,quant Mutual Fund
2023-11-21,187.9369,120841,quant Mid Cap Fund - Growth Option - Direct Plan,quant Mutual Fund
2023-11-22,187.7058,120841,quant Mid Cap Fund - Growth Option - Direct Plan,quant Mutual Fund
2023-11-23,187.2964,120841,quant Mid Cap Fund - Growth Option - Direct Plan,quant Mutual Fund
2023-11-24,188.3907,120841,quant Mid Cap Fund - Growth Option - Direct Plan,quant Mutual Fund
2023-11-28,190.1236,120841,quant Mid Cap Fund - Growth Option - Direct Plan,quant Mutual Fund
2023-11-29,191.4374,120841,quant Mid Cap Fund - Growth Option - Direct Plan,quant Mutual Fund
2023-11-30,193.1175,120841,quant Mid Cap Fund - Growth Option - Direct Plan,quant Mutual Fund
2023-12-01,195.4307,120841,quant Mid Cap Fund - Growth Option - Direct Plan,quant Mutual Fund
2023-12-04,197.1594,120841,quant Mid Cap Fund - Growth Option - Direct Plan,quant Mutual Fund
2023-12-05,198.5721,120841,quant Mid Cap Fund - Growth Option - Direct Plan,quant Mutual Fund
2023-12-06,198.8836,120841,quant Mid Cap Fund - Growth Option - Direct Plan,quant Mutual Fund
2023-12-07,200.4017,120841,quant Mid Cap Fund - Growth Option - Direct Plan,quant Mutual Fund
2023-12-08,197.9955,120841,quant Mid Cap Fund - Growth Option - Direct Plan,quant Mutual Fund
2023-12-11,199.035,120841,quant Mid Cap Fund - Growth Option - Direct Plan,quant Mutual Fund
2023-12-12,197.3596,120841,quant Mid Cap Fund - Growth Option - Direct Plan,quant Mutual Fund
2023-12-13,198.1083,120841,quant Mid Cap Fund - Growth Option - Direct Plan,quant Mutual Fund
2023-12-14,200.3266,120841,quant Mid Cap Fund - Growth Option - Direct Plan,quant Mutual Fund
2023-12-15,201.5599,120841,quant Mid Cap Fund - Growth Option - Direct Plan,quant Mutual Fund
2023-12-18,202.5117,120841,quant Mid Cap Fund - Growth Option - Direct Plan,quant Mutual Fund
2023-12-19,202.1036,120841,quant Mid Cap Fund - Growth Option - Direct Plan,quant Mutual Fund
2023-12-20,195.5966,120841,quant Mid Cap Fund - Growth Option - Direct Plan,quant Mutual Fund
2023-12-21,200.3601,120841,quant Mid Cap Fund - Growth Option - Direct Plan,quant Mutual Fund
2023-12-22,200.7116,120841,quant Mid Cap Fund - Growth Option - Direct Plan,quant Mutual Fund
2023-12-26,201.2701,120841,quant Mid Cap Fund - Growth Option - Direct Plan,quant Mutual Fund
2023-12-27,201.6236,120841,quant Mid Cap Fund - Growth Option - Direct Plan,quant Mutual Fund
2023-12-28,204.9905,120841,quant Mid Cap Fund - Growth Option - Direct Plan,quant Mutual Fund
2023-12-29,204.9528,120841,quant Mid Cap Fund - Growth Option - Direct Plan,quant Mutual Fund
2024-01-01,205.9027,120841,quant Mid Cap Fund - Growth Option - Direct Plan,quant Mutual Fund
2024-01-02,206.992,120841,quant Mid Cap Fund - Growth Option - Direct Plan,quant Mutual Fund
2024-01-03,207.2425,120841,quant Mid Cap Fund - Growth Option - Direct Plan,quant Mutual Fund
2024-01-04,210.044,120841,quant Mid Cap Fund - Growth Option - Direct Plan,quant Mutual Fund
2024-01-05,210.1649,120841,quant Mid Cap Fund - Growth Option - Direct Plan,quant Mutual Fund
2024-01-08,207.5449,120841,quant Mid Cap Fund - Growth Option - Direct Plan,quant Mutual Fund
2024-01-09,208.2746,120841,quant Mid Cap Fund - Growth Option - Direct Plan,quant Mutual Fund
2024-01-10,208.8334,120841,quant Mid Cap Fund - Growth Option - Direct Plan,quant Mutual Fund
2024-01-11,210.0325,120841,quant Mid Cap Fund - Growth Option - Direct Plan,quant Mutual Fund
2024-01-12,211.1379,120841,quant Mid Cap Fund - Growth Option - Direct Plan,quant Mutual Fund
2024-01-15,213.8548,120841,quant Mid Cap Fund - Growth Option - Direct Plan,quant Mutual Fund
2024-01-16,212.2606,120841,quant Mid Cap Fund - Growth Option - Direct Plan,quant Mutual Fund
2024-01-17,209.5256,120841,quant Mid Cap Fund - Growth Option - Direct Plan,quant Mutual Fund
2024-01-18,212.8968,120841,quant Mid Cap Fund - Growth Option - Direct Plan,quant Mutual Fund
2024-01-19,217.1791,120841,quant Mid Cap Fund - Growth Option - Direct Plan,quant Mutual Fund
2024-01-23,210.7529,120841,quant Mid Cap Fund - Growth Option - Direct Plan,quant Mutual Fund
2024-01-24,214.264,120841,quant Mid Cap Fund - Growth Option - Direct Plan,quant Mutual Fund
2024-01-25,216.4988,120841,quant Mid Cap Fund - Growth Option - Direct Plan,quant Mutual Fund
2024-01-29,221.2243,120841,quant Mid Cap Fund - Growth Option - Direct Plan,quant Mutual Fund
2024-01-30,220.0328,120841,quant Mid Cap Fund - Growth Option - Direct Plan,quant Mutual Fund
2024-01-31,222.4922,120841,quant Mid Cap Fund - Growth Option - Direct Plan,quant Mutual Fund
2024-02-01,221.5425,120841,quant Mid Cap Fund - Growth Option - Direct Plan,quant Mutual Fund
2024-02-02,224.8078,120841,quant Mid Cap Fund - Growth Option - Direct Plan,quant Mutual Fund
2024-02-05,227.471,120841,quant Mid Cap Fund - Growth Option - Direct Plan,quant Mutual Fund
2024-02-06,229.7084,120841,quant Mid Cap Fund - Growth Option - Direct Plan,quant Mutual Fund
2024-02-07,230.5055,120841,quant Mid Cap Fund - Growth Option - Direct Plan,quant Mutual Fund
2024-02-08,230.7531,120841,quant Mid Cap Fund - Growth Option - Direct Plan,quant Mutual Fund
2024-02-09,229.718,120841,quant Mid Cap Fund - Growth Option - Direct Plan,quant Mutual Fund
2024-02-12,223.6698,120841,quant Mid Cap Fund - Growth Option - Direct Plan,quant Mutual Fund
2024-02-13,224.633,120841,quant Mid Cap Fund - Growth Option - Direct Plan,quant Mutual Fund
2024-02-14,226.8667,120841,quant Mid Cap Fund - Growth Option - Direct Plan,quant Mutual Fund
2024-02-15,230.8369,120841,quant Mid Cap Fund - Growth Option - Direct Plan,quant Mutual Fund
2024-02-16,231.4292,120841,quant Mid Cap Fund - Growth Option - Direct Plan,quant Mutual Fund
2024-02-19,233.2058,120841,quant Mid Cap Fund - Growth Option - Direct Plan,quant Mutual Fund
2024-02-20,232.8586,120841,quant Mid Cap Fund - Growth Option - Direct Plan,quant Mutual Fund
2024-02-21,229.8352,120841,quant Mid Cap Fund - Growth Option - Direct Plan,quant Mutual Fund
2024-02-22,232.5025,120841,quant Mid Cap Fund - Growth Option - Direct Plan,quant Mutual Fund
2024-02-23,233.061,120841,quant Mid Cap Fund - Growth Option - Direct Plan,quant Mutual Fund
2024-02-26,231.8795,120841,quant Mid Cap Fund - Growth Option - Direct Plan,quant Mutual Fund
2024-02-27,230.4211,120841,quant Mid Cap Fund - Growth Option - Direct Plan,quant Mutual Fund
2024-02-28,227.1551,120841,quant Mid Cap Fund - Growth Option - Direct Plan,quant Mutual Fund
2024-02-29,228.3154,120841,quant Mid Cap Fund - Growth Option - Direct Plan,quant Mutual Fund
2024-03-01,231.8163,120841,quant Mid Cap Fund - Growth Option - Direct Plan,quant Mutual Fund
2024-03-04,237.4278,120841,quant Mid Cap Fund - Growth Option - Direct Plan,quant Mutual Fund
2024-03-05,237.785,120841,quant Mid Cap Fund - Growth Option - Direct Plan,quant Mutual Fund
2024-03-06,235.9664,120841,quant Mid Cap Fund - Growth Option - Direct Plan,quant Mutual Fund
2024-03-07,236.2258,120841,quant Mid Cap Fund - Growth Option - Direct Plan,quant Mutual Fund
2024-03-11,235.0175,120841,quant Mid Cap Fund - Growth Option - Direct Plan,quant Mutual Fund
2024-03-12,233.8408,120841,quant Mid Cap Fund - Growth Option - Direct Plan,quant Mutual Fund
2024-03-13,222.2214,120841,quant Mid Cap Fund - Growth Option - Direct Plan,quant Mutual Fund
2024-03-14,226.1193,120841,quant Mid Cap Fund - Growth Option - Direct Plan,quant Mutual Fund
2024-03-15,223.9447,120841,quant Mid Cap Fund - Growth Option - Direct Plan,quant Mutual Fund
2024-03-18,227.5049,120841,quant Mid Cap Fund - Growth Option - Direct Plan,quant Mutual Fund
2024-03-19,223.281,120841,quant Mid Cap Fund - Growth Option - Direct Plan,quant Mutual Fund
2024-03-20,224.0817,120841,quant Mid Cap Fund - Growth Option - Direct Plan,quant Mutual Fund
2024-03-21,228.5007,120841,quant Mid Cap Fund - Growth Option - Direct Plan,quant Mutual Fund
2024-03-22,228.6795,120841,quant Mid Cap Fund - Growth Option - Direct Plan,quant Mutual Fund
2024-03-26,230.4922,120841,quant Mid Cap Fund - Growth Option - Direct Plan,quant Mutual Fund
2024-03-27,231.2945,120841,quant Mid Cap Fund - Growth Option - Direct Plan,quant Mutual Fund
2024-03-28,233.2261,120841,quant Mid Cap Fund - Growth Option - Direct Plan,quant Mutual Fund
2024-03-31,233.2192,120841,quant Mid Cap Fund - Growth Option - Direct Plan,quant Mutual Fund
2024-04-01,237.4406,120841,quant Mid Cap Fund - Growth Option - Direct Plan,quant Mutual Fund
2024-04-02,240.2601,120841,quant Mid Cap Fund - Growth Option - Direct Plan,quant Mutual Fund
2024-04-03,243.228,120841,quant Mid Cap Fund - Growth Option - Direct Plan,quant Mutual Fund
2024-04-04,242.4742,120841,quant Mid Cap Fund - Growth Option - Direct Plan,quant Mutual Fund
2024-04-05,242.7884,120841,quant Mid Cap Fund - Growth Option - Direct Plan,quant Mutual Fund
2024-04-08,242.6806,120841,quant Mid Cap Fund - Growth Option - Direct Plan,quant Mutual Fund
2024-04-09,242.3212,120841,quant Mid Cap Fund - Growth Option - Direct Plan,quant Mutual Fund
2024-04-10,244.7396,120841,quant Mid Cap Fund - Growth Option - Direct Plan,quant Mutual Fund
2024-04-12,242.7975,120841,quant Mid Cap Fund - Growth Option - Direct Plan,quant Mutual Fund
2024-04-15,239.8675,120841,quant Mid Cap Fund - Growth Option - Direct Plan,quant Mutual Fund
2024-04-16,240.657,120841,quant Mid Cap Fund - Growth Option - Direct Plan,quant Mutual Fund
2024-04-18,241.6394,120841,quant Mid Cap Fund - Growth Option - Direct Plan,quant Mutual Fund
2024-04-19,240.6565,120841,quant Mid Cap Fund - Growth Option - Direct Plan,quant Mutual Fund
2024-04-22,242.4256,120841,quant Mid Cap Fund - Growth Option - Direct Plan,quant Mutual Fund
2024-04-23,244.5888,120841,quant Mid Cap Fund - Growth Option - Direct Plan,quant Mutual Fund
2024-04-24,247.1766,120841,quant Mid Cap Fund - Growth Option - Direct Plan,quant Mutual Fund
2024-04-25,249.7039,120841,quant Mid Cap Fund - Growth Option - Direct Plan,quant Mutual Fund
2024-04-26,254.0366,120841,quant Mid Cap Fund - Growth Option - Direct Plan,quant Mutual Fund
2024-04-29,252.8921,120841,quant Mid Cap Fund - Growth Option - Direct Plan,quant Mutual Fund
2024-04-30,252.92,120841,quant Mid Cap Fund - Growth Option - Direct Plan,quant Mutual Fund
2024-05-02,255.2092,120841,quant Mid Cap Fund - Growth Option - Direct Plan,quant Mutual Fund
2024-05-03,254.9479,120841,quant Mid Cap Fund - Growth Option - Direct Plan,quant Mutual Fund
2024-05-06,252.0095,120841,quant Mid Cap Fund - Growth Option - Direct Plan,quant Mutual Fund
2024-05-07,246.4945,120841,quant Mid Cap Fund - Growth Option - Direct Plan,quant Mutual Fund
2024-05-08,248.6217,120841,quant Mid Cap Fund - Growth Option - Direct Plan,quant Mutual Fund
2024-05-09,243.9372,120841,quant Mid Cap Fund - Growth Option - Direct Plan,quant Mutual Fund
2024-05-10,246.5479,120841,quant Mid Cap Fund - Growth Option - Direct Plan,quant Mutual Fund
2024-05-13,247.7744,120841,quant Mid Cap Fund - Growth Option - Direct Plan,quant Mutual Fund
2024-05-14,252.3782,120841,quant Mid Cap Fund - Growth Option - Direct Plan,quant Mutual Fund
2024-05-15,253.3955,120841,quant Mid Cap Fund - Growth Option - Direct Plan,quant Mutual Fund
2024-05-16,254.8362,120841,quant Mid Cap Fund - Growth Option - Direct Plan,quant Mutual Fund
2024-05-17,258.8589,120841,quant Mid Cap Fund - Growth Option - Direct Plan,quant Mutual Fund
2024-05-21,263.7411,120841,quant Mid Cap Fund - Growth Option - Direct Plan,quant Mutual Fund
2024-05-22,262.3579,120841,quant Mid Cap Fund - Growth Option - Direct Plan,quant Mutual Fund
2024-05-23,264.2809,120841,quant Mid Cap Fund - Growth Option - Direct Plan,quant Mutual Fund
2024-05-24,264.4223,120841,quant Mid Cap Fund - Growth Option - Direct Plan,quant Mutual Fund
2024-05-27,261.4705,120841,quant Mid Cap Fund - Growth Option - Direct Plan,quant Mutual Fund
2024-05-28,259.1987,120841,quant Mid Cap Fund - Growth Option - Direct Plan,quant Mutual Fund
2024-05-29,259.0983,120841,quant Mid Cap Fund - Growth Option - Direct Plan,quant Mutual Fund
2024-05-30,258.6151,120841,quant Mid Cap Fund - Growth Option - Direct Plan,quant Mutual Fund
2024-05-31,260.132,120841,quant Mid Cap Fund - Growth Option - Direct Plan,quant Mutual Fund
2024-06-03,269.8003,120841,quant Mid Cap Fund - Growth Option - Direct Plan,quant Mutual Fund
2024-06-04,246.1066,120841,quant Mid Cap Fund - Growth Option - Direct Plan,quant Mutual Fund
2024-06-05,256.1055,120841,quant Mid Cap Fund - Growth Option - Direct Plan,quant Mutual Fund
2024-06-06,260.5948,120841,quant Mid Cap Fund - Growth Option - Direct Plan,quant Mutual Fund
2024-06-07,264.4803,120841,quant Mid Cap Fund - Growth Option - Direct Plan,quant Mutual Fund
2024-06-10,264.3561,120841,quant Mid Cap Fund - Growth Option - Direct Plan,quant Mutual Fund
2024-06-11,266.9125,120841,quant Mid Cap Fund - Growth Option - Direct Plan,quant Mutual Fund
2024-06-12,270.1379,120841,quant Mid Cap Fund - Growth Option - Direct Plan,quant Mutual Fund
2024-06-13,271.1238,120841,quant Mid Cap Fund - Growth Option - Direct Plan,quant Mutual Fund
2024-06-14,272.7989,120841,quant Mid Cap Fund - Growth Option - Direct Plan,quant Mutual Fund
2024-06-18,273.3525,120841,quant Mid Cap Fund - Growth Option - Direct Plan,quant Mutual Fund
2024-06-19,271.0897,120841,quant Mid Cap Fund - Growth Option - Direct Plan,quant Mutual Fund
2024-06-20,273.0696,120841,quant Mid Cap Fund - Growth Option - Direct Plan,quant Mutual Fund
2024-06-21,272.385,120841,quant Mid Cap Fund - Growth Option - Direct Plan,quant Mutual Fund
2024-06-24,269.8448,120841,quant Mid Cap Fund - Growth Option - Direct Plan,quant Mutual Fund
2024-06-25,270.0778,120841,quant Mid Cap Fund - Growth Option - Direct Plan,quant Mutual Fund
2024-06-26,269.6398,120841,quant Mid Cap Fund - Growth Option - Direct Plan,quant Mutual Fund
2024-06-27,269.7836,120841,quant Mid Cap Fund - Growth Option - Direct Plan,quant Mutual Fund
2024-06-28,270.8515,120841,quant Mid Cap Fund - Growth Option - Direct Plan,quant Mutual Fund
2024-07-01,272.8824,120841,quant Mid Cap Fund - Growth Option - Direct Plan,quant Mutual Fund
2024-07-02,273.4437,120841,quant Mid Cap Fund - Growth Option - Direct Plan,quant Mutual Fund
2024-07-03,275.9579,120841,quant Mid Cap Fund - Growth Option - Direct Plan,quant Mutual Fund
2024-07-04,276.7635,120841,quant Mid Cap Fund - Growth Option - Direct Plan,quant Mutual Fund
2024-07-05,278.4743,120841,quant Mid Cap Fund - Growth Option - Direct Plan,quant Mutual Fund
2024-07-08,277.6996,120841,quant Mid Cap Fund - Growth Option - Direct Plan,quant Mutual Fund
2024-07-09,279.5706,120841,quant Mid Cap Fund - Growth Option - Direct Plan,quant Mutual Fund
2024-07-10,277.7518,120841,quant Mid Cap Fund - Growth Option - Direct Plan,quant Mutual Fund
2024-07-11,278.2463,120841,quant Mid Cap Fund - Growth Option - Direct Plan,quant Mutual Fund
2024-07-12,278.2819,120841,quant Mid Cap Fund - Growth Option - Direct Plan,quant Mutual Fund
2024-07-15,281.1083,120841,quant Mid Cap Fund - Growth Option - Direct Plan,quant Mutual Fund
2024-07-16,281.0543,120841,quant Mid Cap Fund - Growth Option - Direct Plan,quant Mutual Fund
2024-07-18,278.1595,120841,quant Mid Cap Fund - Growth Option - Direct Plan,quant Mutual Fund
2024-07-19,272.5587,120841,quant Mid Cap Fund - Growth Option - Direct Plan,quant Mutual Fund
2024-07-22,273.1838,120841,quant Mid Cap Fund - Growth Option - Direct Plan,quant Mutual Fund
2024-07-23,271.8225,120841,quant Mid Cap Fund - Growth Option - Direct Plan,quant Mutual Fund
2024-07-24,272.8352,120841,quant Mid Cap Fund - Growth Option - Direct Plan,quant Mutual Fund
2024-07-25,271.9495,120841,quant Mid Cap Fund - Growth Option - Direct Plan,quant Mutual Fund
2024-07-26,275.7654,120841,quant Mid Cap Fund - Growth Option - Direct Plan,quant Mutual Fund
2024-07-29,276.5895,120841,quant Mid Cap Fund - Growth Option - Direct Plan,quant Mutual Fund
2024-07-30,276.394,120841,quant Mid Cap Fund - Growth Option - Direct Plan,quant Mutual Fund
2024-07-31,278.0632,120841,quant Mid Cap Fund - Growth Option - Direct Plan,quant Mutual Fund
2024-08-01,277.2299,120841,quant Mid Cap Fund - Growth Option - Direct Plan,quant Mutual Fund
2024-08-02,274.6382,120841,quant Mid Cap Fund - Growth Option - Direct Plan,quant Mutual Fund
2024-08-05,265.4979,120841,quant Mid Cap Fund - Growth Option - Direct Plan,quant Mutual Fund
2024-08-06,263.3229,120841,quant Mid Cap Fund - Growth Option - Direct Plan,quant Mutual Fund
2024-08-07,269.1662,120841,quant Mid Cap Fund - Growth Option - Direct Plan,quant Mutual Fund
2024-08-08,269.6324,120841,quant Mid Cap Fund - Growth Option - Direct Plan,quant Mutual Fund
2024-08-09,267.936,120841,quant Mid Cap Fund - Growth Option - Direct Plan,quant Mutual Fund
2024-08-12,267.8991,120841,quant Mid Cap Fund - Growth Option - Direct Plan,quant Mutual Fund
2024-08-13,266.6449,120841,quant Mid Cap Fund - Growth Option - Direct Plan,quant Mutual Fund
2024-08-14,264.9184,120841,quant Mid Cap Fund - Growth Option - Direct Plan,quant Mutual Fund
2024-08-16,268.1138,120841,quant Mid Cap Fund - Growth Option - Direct Plan,quant Mutual Fund
2024-08-19,270.7532,120841,quant Mid Cap Fund - Growth Option - Direct Plan,quant Mutual Fund
2024-08-20,272.1785,120841,quant Mid Cap Fund - Growth Option - Direct Plan,quant Mutual Fund
2024-08-21,273.4851,120841,quant Mid Cap Fund - Growth Option - Direct Plan,quant Mutual Fund
2024-08-22,274.1903,120841,quant Mid Cap Fund - Growth Option - Direct Plan,quant Mutual Fund
2024-08-23,273.0467,120841,quant Mid Cap Fund - Growth Option - Direct Plan,quant Mutual Fund
2024-08-26,275.7407,120841,quant Mid Cap Fund - Growth Option - Direct Plan,quant Mutual Fund
2024-08-27,274.5194,120841,quant Mid Cap Fund - Growth Option - Direct Plan,quant Mutual Fund
2024-08-28,273.5284,120841,quant Mid Cap Fund - Growth Option - Direct Plan,quant Mutual Fund
2024-08-29,272.5436,120841,quant Mid Cap Fund - Growth Option - Direct Plan,quant Mutual Fund
2024-08-30,271.8752,120841,quant Mid Cap Fund - Growth Option - Direct Plan,quant Mutual Fund
2024-09-02,271.6547,120841,quant Mid Cap Fund - Growth Option - Direct Plan,quant Mutual Fund
2024-09-03,271.965,120841,quant Mid Cap Fund - Growth Option - Direct Plan,quant Mutual Fund
2024-09-04,271.3858,120841,quant Mid Cap Fund - Growth Option - Direct Plan,quant Mutual Fund
2024-09-05,270.8388,120841,quant Mid Cap Fund - Growth Option - Direct Plan,quant Mutual Fund
2024-09-06,269.5129,120841,quant Mid Cap Fund - Growth Option - Direct Plan,quant Mutual Fund
2024-09-09,268.7608,120841,quant Mid Cap Fund - Growth Option - Direct Plan,quant Mutual Fund
2024-09-10,270.5326,120841,quant Mid Cap Fund - Growth Option - Direct Plan,quant Mutual Fund
2024-09-11,268.7056,120841,quant Mid Cap Fund - Growth Option - Direct Plan,quant Mutual Fund
2024-09-12,271.53,120841,quant Mid Cap Fund - Growth Option - Direct Plan,quant Mutual Fund
2024-09-13,274.1736,120841,quant Mid Cap Fund - Growth Option - Direct Plan,quant Mutual Fund
2024-09-16,273.4417,120841,quant Mid Cap Fund - Growth Option - Direct Plan,quant Mutual Fund
2024-09-17,272.8506,120841,quant Mid Cap Fund - Growth Option - Direct Plan,quant Mutual Fund
2024-09-18,270.8616,120841,quant Mid Cap Fund - Growth Option - Direct Plan,quant Mutual Fund
2024-09-19,268.5655,120841,quant Mid Cap Fund - Growth Option - Direct Plan,quant Mutual Fund
2024-09-20,270.5107,120841,quant Mid Cap Fund - Growth Option - Direct Plan,quant Mutual Fund
2024-09-23,272.0416,120841,quant Mid Cap Fund - Growth Option - Direct Plan,quant Mutual Fund
2024-09-24,273.07,120841,quant Mid Cap Fund - Growth Option - Direct Plan,quant Mutual Fund
2024-09-25,273.8049,120841,quant Mid Cap Fund - Growth Option - Direct Plan,quant Mutual Fund
2024-09-26,275.1799,120841,quant Mid Cap Fund - Growth Option - Direct Plan,quant Mutual Fund
2024-09-27,276.8504,120841,quant Mid Cap Fund - Growth Option - Direct Plan,quant Mutual Fund
2024-09-30,274.5914,120841,quant Mid Cap Fund - Growth Option - Direct Plan,quant Mutual Fund
2024-10-01,274.7178,120841,quant Mid Cap Fund - Growth Option - Direct Plan,quant Mutual Fund
2024-10-03,270.3234,120841,quant Mid Cap Fund - Growth Option - Direct Plan,quant Mutual Fund
2024-10-04,268.0292,120841,quant Mid Cap Fund - Growth Option - Direct Plan,quant Mutual Fund
2024-10-07,262.0336,120841,quant Mid Cap Fund - Growth Option - Direct Plan,quant Mutual Fund
2024-10-08,266.6238,120841,quant Mid Cap Fund - Growth Option - Direct Plan,quant Mutual Fund
2024-10-09,267.5266,120841,quant Mid Cap Fund - Growth Option - Direct Plan,quant Mutual Fund
2024-10-10,265.5001,120841,quant Mid Cap Fund - Growth Option - Direct Plan,quant Mutual Fund
2024-10-11,266.9949,120841,quant Mid Cap Fund - Growth Option - Direct Plan,quant Mutual Fund
2024-10-14,266.9509,120841,quant Mid Cap Fund - Growth Option - Direct Plan,quant Mutual Fund
2024-10-15,265.9668,120841,quant Mid Cap Fund - Growth Option - Direct Plan,quant Mutual Fund
2024-10-16,265.5359,120841,quant Mid Cap Fund - Growth Option - Direct Plan,quant Mutual Fund
2024-10-17,262.7987,120841,quant Mid Cap Fund - Growth Option - Direct Plan,quant Mutual Fund
2024-10-18,263.2812,120841,quant Mid Cap Fund - Growth Option - Direct Plan,quant Mutual Fund
2024-10-21,260.1379,120841,quant Mid Cap Fund - Growth Option - Direct Plan,quant Mutual Fund
2024-10-22,254.9976,120841,quant Mid Cap Fund - Growth Option - Direct Plan,quant Mutual Fund
2024-10-23,254.7688,120841,quant Mid Cap Fund - Growth Option - Direct Plan,quant Mutual Fund
2024-10-24,254.332,120841,quant Mid Cap Fund - Growth Option - Direct Plan,quant Mutual Fund
2024-10-25,249.7438,120841,quant Mid Cap Fund - Growth Option - Direct Plan,quant Mutual Fund
2024-10-28,250.392,120841,quant Mid Cap Fund - Growth Option - Direct Plan,quant Mutual Fund
2024-10-29,251.7044,120841,quant Mid Cap Fund - Growth Option - Direct Plan,quant Mutual Fund
2024-10-30,255.0505,120841,quant Mid Cap Fund - Growth Option - Direct Plan,quant Mutual Fund
2024-10-31,253.5332,120841,quant Mid Cap Fund - Growth Option - Direct Plan,quant Mutual Fund
2024-11-04,251.6918,120841,quant Mid Cap Fund - Growth Option - Direct Plan,quant Mutual Fund
2024-11-05,252.3112,120841,quant Mid Cap Fund - Growth Option - Direct Plan,quant Mutual Fund
2024-11-06,256.9198,120841,quant Mid Cap Fund - Growth Option - Direct Plan,quant Mutual Fund
2024-11-07,253.7427,120841,quant Mid Cap Fund - Growth Option - Direct Plan,quant Mutual Fund
2024-11-08,250.1345,120841,quant Mid Cap Fund - Growth Option - Direct Plan,quant Mutual Fund
2024-11-11,248.0054,120841,quant Mid Cap Fund - Growth Option - Direct Plan,quant Mutual Fund
2024-11-12,244.9038,120841,quant Mid Cap Fund - Growth Option - Direct Plan,quant Mutual Fund
2024-11-13,240.373,120841,quant Mid Cap Fund - Growth Option - Direct Plan,quant Mutual Fund
2024-11-14,240.3952,120841,quant Mid Cap Fund - Growth Option - Direct Plan,quant Mutual Fund
2024-11-18,239.481,120841,quant Mid Cap Fund - Growth Option - Direct Plan,quant Mutual Fund
2024-11-19,240.0088,120841,quant Mid Cap Fund - Growth Option - Direct Plan,quant Mutual Fund
2024-11-21,236.6909,120841,quant Mid Cap Fund - Growth Option - Direct Plan,quant Mutual Fund
2024-11-22,240.6317,120841,quant Mid Cap Fund - Growth Option - Direct Plan,quant Mutual Fund
2024-11-25,244.5513,120841,quant Mid Cap Fund - Growth Option - Direct Plan,quant Mutual Fund
2024-11-26,245.178,120841,quant Mid Cap Fund - Growth Option - Direct Plan,quant Mutual Fund
2024-11-27,246.6074,120841,quant Mid Cap Fund - Growth Option - Direct Plan,quant Mutual Fund
2024-11-28,247.0727,120841,quant Mid Cap Fund - Growth Option - Direct Plan,quant Mutual Fund
2024-11-29,249.1551,120841,quant Mid Cap Fund - Growth Option - Direct Plan,quant Mutual Fund
2024-12-02,250.6584,120841,quant Mid Cap Fund - Growth Option - Direct Plan,quant Mutual Fund
2024-12-03,252.2592,120841,quant Mid Cap Fund - Growth Option - Direct Plan,quant Mutual Fund
2024-12-04,252.6181,120841,quant Mid Cap Fund - Growth Option - Direct Plan,quant Mutual Fund
2024-12-05,253.0051,120841,quant Mid Cap Fund - Growth Option - Direct Plan,quant Mutual Fund
2024-12-06,253.4045,120841,quant Mid Cap Fund - Growth Option - Direct Plan,quant Mutual Fund
2024-12-09,253.7464,120841,quant Mid Cap Fund - Growth Option - Direct Plan,quant Mutual Fund
2024-12-10,253.2317,120841,quant Mid Cap Fund - Growth Option - Direct Plan,quant Mutual Fund
2024-12-11,254.5099,120841,quant Mid Cap Fund - Growth Option - Direct Plan,quant Mutual Fund
2024-12-12,252.263,120841,quant Mid Cap Fund - Growth Option - Direct Plan,quant Mutual Fund
2024-12-13,252.2245,120841,quant Mid Cap Fund - Growth Option - Direct Plan,quant Mutual Fund
2024-12-16,253.2194,120841,quant Mid Cap Fund - Growth Option - Direct Plan,quant Mutual Fund
2024-12-17,250.2968,120841,quant Mid Cap Fund - Growth Option - Direct Plan,quant Mutual Fund
2024-12-18,249.1512,120841,quant Mid Cap Fund - Growth Option - Direct Plan,quant Mutual Fund
2024-12-19,247.0122,120841,quant Mid Cap Fund - Growth Option - Direct Plan,quant Mutual Fund
2024-12-20,242.1542,120841,quant Mid Cap Fund - Growth Option - Direct Plan,quant Mutual Fund
2024-12-23,244.1149,120841,quant Mid Cap Fund - Growth Option - Direct Plan,quant Mutual Fund
2024-12-24,244.3331,120841,quant Mid Cap Fund - Growth Option - Direct Plan,quant Mutual Fund
2024-12-26,244.0038,120841,quant Mid Cap Fund - Growth Option - Direct Plan,quant Mutual Fund
2024-12-27,244.066,120841,quant Mid Cap Fund - Growth Option - Direct Plan,quant Mutual Fund
2024-12-30,243.4722,120841,quant Mid Cap Fund - Growth Option - Direct Plan,quant Mutual Fund
2024-12-31,246.4922,120841,quant Mid Cap Fund - Growth Option - Direct Plan,quant Mutual Fund
2025-01-01,248.1978,120841,quant Mid Cap Fund - Growth Option - Direct Plan,quant Mutual Fund
2025-01-02,251.2933,120841,quant Mid Cap Fund - Growth Option - Direct Plan,quant Mutual Fund
2025-01-03,251.7558,120841,quant Mid Cap Fund - Growth Option - Direct Plan,quant Mutual Fund
2025-01-06,245.1046,120841,quant Mid Cap Fund - Growth Option - Direct Plan,quant Mutual Fund
2025-01-07,246.128,120841,quant Mid Cap Fund - Growth Option - Direct Plan,quant Mutual Fund
2025-01-08,245.6596,120841,quant Mid Cap Fund - Growth Option - Direct Plan,quant Mutual Fund
2025-01-09,243.7067,120841,quant Mid Cap Fund - Growth Option - Direct Plan,quant Mutual Fund
2025-01-10,240.3735,120841,quant Mid Cap Fund - Growth Option - Direct Plan,quant Mutual Fund
2025-01-13,232.2336,120841,quant Mid Cap Fund - Growth Option - Direct Plan,quant Mutual Fund
2025-01-14,237.2368,120841,quant Mid Cap Fund - Growth Option - Direct Plan,quant Mutual Fund
2025-01-15,236.8193,120841,quant Mid Cap Fund - Growth Option - Direct Plan,quant Mutual Fund
2025-01-16,239.087,120841,quant Mid Cap Fund - Growth Option - Direct Plan,quant Mutual Fund
2025-01-17,241.8513,120841,quant Mid Cap Fund - Growth Option - Direct Plan,quant Mutual Fund
2025-01-20,243.3888,120841,quant Mid Cap Fund - Growth Option - Direct Plan,quant Mutual Fund
2025-01-21,240.1773,120841,quant Mid Cap Fund - Growth Option - Direct Plan,quant Mutual Fund
2025-01-22,238.0652,120841,quant Mid Cap Fund - Growth Option - Direct Plan,quant Mutual Fund
2025-01-23,240.142,120841,quant Mid Cap Fund - Growth Option - Direct Plan,quant Mutual Fund
2025-01-24,236.8418,120841,quant Mid Cap Fund - Growth Option - Direct Plan,quant Mutual Fund
2025-01-27,230.121,120841,quant Mid Cap Fund - Growth Option - Direct Plan,quant Mutual Fund
2025-01-28,228.974,120841,quant Mid Cap Fund - Growth Option - Direct Plan,quant Mutual Fund
2025-01-29,232.2161,120841,quant Mid Cap Fund - Growth Option - Direct Plan,quant Mutual Fund
2025-01-30,234.0211,120841,quant Mid Cap Fund - Growth Option - Direct Plan,quant Mutual Fund
2025-01-31,238.7459,120841,quant Mid Cap Fund - Growth Option - Direct Plan,quant Mutual Fund
2025-02-03,229.5876,120841,quant Mid Cap Fund - Growth Option - Direct Plan,quant Mutual Fund
2025-02-04,233.8514,120841,quant Mid Cap Fund - Growth Option - Direct Plan,quant Mutual Fund
2025-02-05,234.77,120841,quant Mid Cap Fund - Growth Option - Direct Plan,quant Mutual Fund
2025-02-06,233.5121,120841,quant Mid Cap Fund - Growth Option - Direct Plan,quant Mutual Fund
2025-02-07,232.7949,120841,quant Mid Cap Fund - Growth Option - Direct Plan,quant Mutual Fund
2025-02-10,228.5437,120841,quant Mid Cap Fund - Growth Option - Direct Plan,quant Mutual Fund
2025-02-11,223.6698,120841,quant Mid Cap Fund - Growth Option - Direct Plan,quant Mutual Fund
2025-02-12,223.747,120841,quant Mid Cap Fund - Growth Option - Direct Plan,quant Mutual Fund
2025-02-13,224.7555,120841,quant Mid Cap Fund - Growth Option - Direct Plan,quant Mutual Fund
2025-02-14,220.1629,120841,quant Mid Cap Fund - Growth Option - Direct Plan,quant Mutual Fund
2025-02-17,221.5414,120841,quant Mid Cap Fund - Growth Option - Direct Plan,quant Mutual Fund
2025-02-18,219.7878,120841,quant Mid Cap Fund - Growth Option - Direct Plan,quant Mutual Fund
2025-02-19,221.7637,120841,quant Mid Cap Fund - Growth Option - Direct Plan,quant Mutual Fund
2025-02-20,223.4854,120841,quant Mid Cap Fund - Growth Option - Direct Plan,quant Mutual Fund
2025-02-21,222.1916,120841,quant Mid Cap Fund - Growth Option - Direct Plan,quant Mutual Fund
2025-02-24,219.5091,120841,quant Mid Cap Fund - Growth Option - Direct Plan,quant Mutual Fund
2025-02-25,217.6951,120841,quant Mid Cap Fund - Growth Option - Direct Plan,quant Mutual Fund
2025-02-27,215.2527,120841,quant Mid Cap Fund - Growth Option - Direct Plan,quant Mutual Fund
2025-02-28,209.9337,120841,quant Mid Cap Fund - Growth Option - Direct Plan,quant Mutual Fund
2025-03-03,208.6743,120841,quant Mid Cap Fund - Growth Option - Direct Plan,quant Mutual Fund
2025-03-04,208.1479,120841,quant Mid Cap Fund - Growth Option - Direct Plan,quant Mutual Fund
2025-03-05,214.3513,120841,quant Mid Cap Fund - Growth Option - Direct Plan,quant Mutual Fund
2025-03-06,217.3614,120841,quant Mid Cap Fund - Growth Option - Direct Plan,quant Mutual Fund
2025-03-07,217.7349,120841,quant Mid Cap Fund - Growth Option - Direct Plan,quant Mutual Fund
2025-03-10,215.3282,120841,quant Mid Cap Fund - Growth Option - Direct Plan,quant Mutual Fund
2025-03-11,215.8426,120841,quant Mid Cap Fund - Growth Option - Direct Plan,quant Mutual Fund
2025-03-12,216.5917,120841,quant Mid Cap Fund - Growth Option - Direct Plan,quant Mutual Fund
2025-03-13,215.2816,120841,quant Mid Cap Fund - Growth Option - Direct Plan,quant Mutual Fund
2025-03-17,216.0426,120841,quant Mid Cap Fund - Growth Option - Direct Plan,quant Mutual Fund
2025-03-18,219.8179,120841,quant Mid Cap Fund - Growth Option - Direct Plan,quant Mutual Fund
2025-03-19,224.1758,120841,quant Mid Cap Fund - Growth Option - Direct Plan,quant Mutual Fund
2025-03-20,226.422,120841,quant Mid Cap Fund - Growth Option - Direct Plan,quant Mutual Fund
2025-03-21,228.9535,120841,quant Mid Cap Fund - Growth Option - Direct Plan,quant Mutual Fund
2025-03-24,231.563,120841,quant Mid Cap Fund - Growth Option - Direct Plan,quant Mutual Fund
2025-03-25,228.5638,120841,quant Mid Cap Fund - Growth Option - Direct Plan,quant Mutual Fund
2025-03-26,226.7785,120841,quant Mid Cap Fund - Growth Option - Direct Plan,quant Mutual Fund
2025-03-27,228.4303,120841,quant Mid Cap Fund - Growth Option - Direct Plan,quant Mutual Fund
2025-03-28,227.7198,120841,quant Mid Cap Fund - Growth Option - Direct Plan,quant Mutual Fund
2025-03-31,227.7234,120841,quant Mid Cap Fund - Growth Option - Direct Plan,quant Mutual Fund
2025-04-01,226.6597,120841,quant Mid Cap Fund - Growth Option - Direct Plan,quant Mutual Fund
2025-04-02,229.4658,120841,quant Mid Cap Fund - Growth Option - Direct Plan,quant Mutual Fund
2025-04-03,230.6728,120841,quant Mid Cap Fund - Growth Option - Direct Plan,quant Mutual Fund
2025-04-04,223.1421,120841,quant Mid Cap Fund - Growth Option - Direct Plan,quant Mutual Fund
2025-04-07,216.2363,120841,quant Mid Cap Fund - Growth Option - Direct Plan,quant Mutual Fund
2025-04-08,221.4525,120841,quant Mid Cap Fund - Growth Option - Direct Plan,quant Mutual Fund
2025-04-09,220.3787,120841,quant Mid Cap Fund - Growth Option - Direct Plan,quant Mutual Fund
2025-04-11,223.7678,120841,quant Mid Cap Fund - Growth Option - Direct Plan,quant Mutual Fund
2025-04-15,229.1942,120841,quant Mid Cap Fund - Growth Option - Direct Plan,quant Mutual Fund
2025-04-16,231.0771,120841,quant Mid Cap Fund - Growth Option - Direct Plan,quant Mutual Fund
2025-04-17,233.07,120841,quant Mid Cap Fund - Growth Option - Direct Plan,quant Mutual Fund
2025-04-21,236.1813,120841,quant Mid Cap Fund - Growth Option - Direct Plan,quant Mutual Fund
2025-04-22,237.2151,120841,quant Mid Cap Fund - Growth Option - Direct Plan,quant Mutual Fund
2025-04-23,239.1752,120841,quant Mid Cap Fund - Growth Option - Direct Plan,quant Mutual Fund
2025-04-24,239.2636,120841,quant Mid Cap Fund - Growth Option - Direct Plan,quant Mutual Fund
2025-04-25,234.1117,120841,quant Mid Cap Fund - Growth Option - Direct Plan,quant Mutual Fund
2025-04-28,237.8403,120841,quant Mid Cap Fund - Growth Option - Direct Plan,quant Mutual Fund
2025-04-29,237.5659,120841,quant Mid Cap Fund - Growth Option - Direct Plan,quant Mutual Fund
2025-04-30,236.4184,120841,quant Mid Cap Fund - Growth Option - Direct Plan,quant Mutual Fund
2025-05-02,234.7715,120841,quant Mid Cap Fund - Growth Option - Direct Plan,quant Mutual Fund
2025-05-05,238.1259,120841,quant Mid Cap Fund - Growth Option - Direct Plan,quant Mutual Fund
2025-05-06,233.2886,120841,quant Mid Cap Fund - Growth Option - Direct Plan,quant Mutual Fund
2025-05-07,235.412,120841,quant Mid Cap Fund - Growth Option - Direct Plan,quant Mutual Fund
2025-05-08,231.2396,120841,quant Mid Cap Fund - Growth Option - Direct Plan,quant Mutual Fund
2025-05-09,231.1589,120841,quant Mid Cap Fund - Growth Option - Direct Plan,quant Mutual Fund
2025-05-12,239.4642,120841,quant Mid Cap Fund - Growth Option - Direct Plan,quant Mutual Fund
2025-05-13,239.3958,120841,quant Mid Cap Fund - Growth Option - Direct Plan,quant Mutual Fund
2025-05-14,242.8323,120841,quant Mid Cap Fund - Growth Option - Direct Plan,quant Mutual Fund
2025-05-15,244.8228,120841,quant Mid Cap Fund - Growth Option - Direct Plan,quant Mutual Fund
2025-05-16,245.9744,120841,quant Mid Cap Fund - Growth Option - Direct Plan,quant Mutual Fund
2025-05-19,244.8396,120841,quant Mid Cap Fund - Growth Option - Direct Plan,quant Mutual Fund
2025-05-20,241.4405,120841,quant Mid Cap Fund - Growth Option - Direct Plan,quant Mutual Fund
2025-05-21,243.7466,120841,quant Mid Cap Fund - Growth Option - Direct Plan,quant Mutual Fund
2025-05-22,242.5125,120841,quant Mid Cap Fund - Growth Option - Direct Plan,quant Mutual Fund
2025-05-23,243.1778,120841,quant Mid Cap Fund - Growth Option - Direct Plan,quant Mutual Fund
2025-05-26,244.6617,120841,quant Mid Cap Fund - Growth Option - Direct Plan,quant Mutual Fund
2025-05-27,244.8471,120841,quant Mid Cap Fund - Growth Option - Direct Plan,quant Mutual Fund
2025-05-28,244.1898,120841,quant Mid Cap Fund - Growth Option - Direct Plan,quant Mutual Fund
2025-05-29,245.5956,120841,quant Mid Cap Fund - Growth Option - Direct Plan,quant Mutual Fund
2025-05-30,243.2881,120841,quant Mid Cap Fund - Growth Option - Direct Plan,quant Mutual Fund
2025-06-02,242.9849,120841,quant Mid Cap Fund - Growth Option - Direct Plan,quant Mutual Fund
2025-06-03,242.9149,120841,quant Mid Cap Fund - Growth Option - Direct Plan,quant Mutual Fund
2025-06-04,244.5563,120841,quant Mid Cap Fund - Growth Option - Direct Plan,quant Mutual Fund
2025-06-05,246.359,120841,quant Mid Cap Fund - Growth Option - Direct Plan,quant Mutual Fund
2025-06-06,246.8539,120841,quant Mid Cap Fund - Growth Option - Direct Plan,quant Mutual Fund
2025-06-09,249.3853,120841,quant Mid Cap Fund - Growth Option - Direct Plan,quant Mutual Fund
2025-06-10,248.9619,120841,quant Mid Cap Fund - Growth Option - Direct Plan,quant Mutual Fund
2025-06-11,248.6657,120841,quant Mid Cap Fund - Growth Option - Direct Plan,quant Mutual Fund
2025-06-12,245.0736,120841,quant Mid Cap Fund - Growth Option - Direct Plan,quant Mutual Fund
2025-06-13,243.6935,120841,quant Mid Cap Fund - Growth Option - Direct Plan,quant Mutual Fund
2025-06-16,245.615,120841,quant Mid Cap Fund - Growth Option - Direct Plan,quant Mutual Fund
2025-06-17,243.2315,120841,quant Mid Cap Fund - Growth Option - Direct Plan,quant Mutual Fund
2025-06-18,241.9956,120841,quant Mid Cap Fund - Growth Option - Direct Plan,quant Mutual Fund
2025-06-19,238.563,120841,quant Mid Cap Fund - Growth Option - Direct Plan,quant Mutual Fund
2025-06-20,241.4383,120841,quant Mid Cap Fund - Growth Option - Direct Plan,quant Mutual Fund
2025-06-23,242.2674,120841,quant Mid Cap Fund - Growth Option - Direct Plan,quant Mutual Fund
2025-06-24,242.5875,120841,quant Mid Cap Fund - Growth Option - Direct Plan,quant Mutual Fund
2025-06-25,243.8775,120841,quant Mid Cap Fund - Growth Option - Direct Plan,quant Mutual Fund
2025-06-26,246.3223,120841,quant Mid Cap Fund - Growth Option - Direct Plan,quant Mutual Fund
2025-06-27,247.1461,120841,quant Mid Cap Fund - Growth Option - Direct Plan,quant Mutual Fund
2025-06-30,247.8273,120841,quant Mid Cap Fund - Growth Option - Direct Plan,quant Mutual Fund
2025-07-01,248.2882,120841,quant Mid Cap Fund - Growth Option - Direct Plan,quant Mutual Fund
2025-07-02,249.1057,120841,quant Mid Cap Fund - Growth Option - Direct Plan,quant Mutual Fund
2025-07-03,248.6183,120841,quant Mid Cap Fund - Growth Option - Direct Plan,quant Mutual Fund
2025-07-04,250.2343,120841,quant Mid Cap Fund - Growth Option - Direct Plan,quant Mutual Fund
2025-07-07,249.6877,120841,quant Mid Cap Fund - Growth Option - Direct Plan,quant Mutual Fund
2025-07-08,249.0142,120841,quant Mid Cap Fund - Growth Option - Direct Plan,quant Mutual Fund
2025-07-09,248.2505,120841,quant Mid Cap Fund - Growth Option - Direct Plan,quant Mutual Fund
2025-07-10,247.9259,120841,quant Mid Cap Fund - Growth Option - Direct Plan,quant Mutual Fund
2025-07-11,245.4267,120841,quant Mid Cap Fund - Growth Option - Direct Plan,quant Mutual Fund
2025-07-14,246.3603,120841,quant Mid Cap Fund - Growth Option - Direct Plan,quant Mutual Fund
2025-07-15,247.6496,120841,quant Mid Cap Fund - Growth Option - Direct Plan,quant Mutual Fund
2025-07-16,247.8651,120841,quant Mid Cap Fund - Growth Option - Direct Plan,quant Mutual Fund
2025-07-17,247.6199,120841,quant Mid Cap Fund - Growth Option - Direct Plan,quant Mutual Fund
2025-07-18,246.0588,120841,quant Mid Cap Fund - Growth Option - Direct Plan,quant Mutual Fund
2025-07-21,246.4861,120841,quant Mid Cap Fund - Growth Option - Direct Plan,quant Mutual Fund
2025-07-22,244.27,120841,quant Mid Cap Fund - Growth Option - Direct Plan,quant Mutual Fund
2025-07-23,245.9123,120841,quant Mid Cap Fund - Growth Option - Direct Plan,quant Mutual Fund
2025-07-24,244.7259,120841,quant Mid Cap Fund - Growth Option - Direct Plan,quant Mutual Fund
2025-07-25,242.2285,120841,quant Mid Cap Fund - Growth Option - Direct Plan,quant Mutual Fund
2025-07-28,240.377,120841,quant Mid Cap Fund - Growth Option - Direct Plan,quant Mutual Fund
2025-07-29,243.0613,120841,quant Mid Cap Fund - Growth Option - Direct Plan,quant Mutual Fund
2025-07-30,243.4561,120841,quant Mid Cap Fund - Growth Option - Direct Plan,quant Mutual Fund
2025-07-31,240.1581,120841,quant Mid Cap Fund - Growth Option - Direct Plan,quant Mutual Fund
2025-08-01,235.534,120841,quant Mid Cap Fund - Growth Option - Direct Plan,quant Mutual Fund
2025-08-04,237.9836,120841,quant Mid Cap Fund - Growth Option - Direct Plan,quant Mutual Fund
2025-08-05,236.2507,120841,quant Mid Cap Fund - Growth Option - Direct Plan,quant Mutual Fund
2025-08-06,235.1393,120841,quant Mid Cap Fund - Growth Option - Direct Plan,quant Mutual Fund
2025-08-07,235.6791,120841,quant Mid Cap Fund - Growth Option - Direct Plan,quant Mutual Fund
2025-08-08,232.4897,120841,quant Mid Cap Fund - Growth Option - Direct Plan,quant Mutual Fund
2025-08-11,234.2709,120841,quant Mid Cap Fund - Growth Option - Direct Plan,quant Mutual Fund
2025-08-12,233.816,120841,quant Mid Cap Fund - Growth Option - Direct Plan,quant Mutual Fund
2025-08-13,235.0528,120841,quant Mid Cap Fund - Growth Option - Direct Plan,quant Mutual Fund
2025-08-14,235.4145,120841,quant Mid Cap Fund - Growth Option - Direct Plan,quant Mutual Fund
2025-08-18,235.8966,120841,quant Mid Cap Fund - Growth Option - Direct Plan,quant Mutual Fund
2025-08-19,238.1606,120841,quant Mid Cap Fund - Growth Option - Direct Plan,quant Mutual Fund
2025-08-20,237.6875,120841,quant Mid Cap Fund - Growth Option - Direct Plan,quant Mutual Fund
2025-08-21,235.9925,120841,quant Mid Cap Fund - Growth Option - Direct Plan,quant Mutual Fund
2025-08-22,234.6473,120841,quant Mid Cap Fund - Growth Option - Direct Plan,quant Mutual Fund
2025-08-25,234.8266,120841,quant Mid Cap Fund - Growth Option - Direct Plan,quant Mutual Fund
2025-08-26,231.5244,120841,quant Mid Cap Fund - Growth Option - Direct Plan,quant Mutual Fund
2025-08-28,228.6161,120841,quant Mid Cap Fund - Growth Option - Direct Plan,quant Mutual Fund
2025-08-29,228.1841,120841,quant Mid Cap Fund - Growth Option - Direct Plan,quant Mutual Fund
2025-09-01,230.56,120841,quant Mid Cap Fund - Growth Option - Direct Plan,quant Mutual Fund
2025-09-02,230.2564,120841,quant Mid Cap Fund - Growth Option - Direct Plan,quant Mutual Fund
2025-09-03,231.8308,120841,quant Mid Cap Fund - Growth Option - Direct Plan,quant Mutual Fund
2025-09-04,230.3147,120841,quant Mid Cap Fund - Growth Option - Direct Plan,quant Mutual Fund
2025-09-05,230.0261,120841,quant Mid Cap Fund - Growth Option - Direct Plan,quant Mutual Fund
2025-09-08,230.3334,120841,quant Mid Cap Fund - Growth Option - Direct Plan,quant Mutual Fund
2025-09-09,231.7601,120841,quant Mid Cap Fund - Growth Option - Direct Plan,quant Mutual Fund
2025-09-10,232.9172,120841,quant Mid Cap Fund - Growth Option - Direct Plan,quant Mutual Fund
2025-09-11,234.5814,120841,quant Mid Cap Fund - Growth Option - Direct Plan,quant Mutual Fund
2025-09-12,235.5009,120841,quant Mid Cap Fund - Growth Option - Direct Plan,quant Mutual Fund
2025-09-15,236.803,120841,quant Mid Cap Fund - Growth Option - Direct Plan,quant Mutual Fund
2025-09-16,238.5553,120841,quant Mid Cap Fund - Growth Option - Direct Plan,quant Mutual Fund
2025-09-17,238.4804,120841,quant Mid Cap Fund - Growth Option - Direct Plan,quant Mutual Fund
2025-09-18,239.2009,120841,quant Mid Cap Fund - Growth Option - Direct Plan,quant Mutual Fund
2025-09-19,238.7551,120841,quant Mid Cap Fund - Growth Option - Direct Plan,quant Mutual Fund
2025-09-22,236.6308,120841,quant Mid Cap Fund - Growth Option - Direct Plan,quant Mutual Fund
2025-09-23,236.4453,120841,quant Mid Cap Fund - Growth Option - Direct Plan,quant Mutual Fund
2025-09-24,235.1127,120841,quant Mid Cap Fund - Growth Option - Direct Plan,quant Mutual Fund
2025-09-25,233.8771,120841,quant Mid Cap Fund - Growth Option - Direct Plan,quant Mutual Fund
2025-09-26,229.743,120841,quant Mid Cap Fund - Growth Option - Direct Plan,quant Mutual Fund
2025-09-30,229.5282,120841,quant Mid Cap Fund - Growth Option - Direct Plan,quant Mutual Fund
2025-10-01,231.3691,120841,quant Mid Cap Fund - Growth Option - Direct Plan,quant Mutual Fund
2025-10-03,233.3789,120841,quant Mid Cap Fund - Growth Option - Direct Plan,quant Mutual Fund
2025-10-06,233.8185,120841,quant Mid Cap Fund - Growth Option - Direct Plan,quant Mutual Fund
2025-10-07,233.9591,120841,quant Mid Cap Fund - Growth Option - Direct Plan,quant Mutual Fund
2025-10-08,232.7811,120841,quant Mid Cap Fund - Growth Option - Direct Plan,quant Mutual Fund
2025-10-09,235.938,120841,quant Mid Cap Fund - Growth Option - Direct Plan,quant Mutual Fund
2025-10-10,238.7569,120841,quant Mid Cap Fund - Growth Option - Direct Plan,quant Mutual Fund
2025-10-13,237.2262,120841,quant Mid Cap Fund - Growth Option - Direct Plan,quant Mutual Fund
2025-10-14,236.6668,120841,quant Mid Cap Fund - Growth Option - Direct Plan,quant Mutual Fund
2025-10-15,238.4586,120841,quant Mid Cap Fund - Growth Option - Direct Plan,quant Mutual Fund
2025-10-16,239.7386,120841,quant Mid Cap Fund - Growth Option - Direct Plan,quant Mutual Fund
2025-10-17,237.9585,120841,quant Mid Cap Fund - Growth Option - Direct Plan,quant Mutual Fund
2025-10-20,238.5658,120841,quant Mid Cap Fund - Growth Option - Direct Plan,quant Mutual Fund
2025-10-23,238.1741,120841,quant Mid Cap Fund - Growth Option - Direct Plan,quant Mutual Fund
2025-10-24,238.5586,120841,quant Mid Cap Fund - Growth Option - Direct Plan,quant Mutual Fund
2025-10-27,241.1116,120841,quant Mid Cap Fund - Growth Option - Direct Plan,quant Mutual Fund
2025-10-28,240.5906,120841,quant Mid Cap Fund - Growth Option - Direct Plan,quant Mutual Fund
2025-10-29,242.1269,120841,quant Mid Cap Fund - Growth Option - Direct Plan,quant Mutual Fund
2025-10-30,241.5912,120841,quant Mid Cap Fund - Growth Option - Direct Plan,quant Mutual Fund
2025-10-31,241.241,120841,quant Mid Cap Fund - Growth Option - Direct Plan,quant Mutual Fund
2025-11-03,242.436,120841,quant Mid Cap Fund - Growth Option - Direct Plan,quant Mutual Fund
2025-11-04,241.3991,120841,quant Mid Cap Fund - Growth Option - Direct Plan,quant Mutual Fund
2025-11-06,238.3367,120841,quant Mid Cap Fund - Growth Option - Direct Plan,quant Mutual Fund
2025-11-07,238.5395,120841,quant Mid Cap Fund - Growth Option - Direct Plan,quant Mutual Fund
2025-11-10,239.0148,120841,quant Mid Cap Fund - Growth Option - Direct Plan,quant Mutual Fund
2025-11-11,239.2695,120841,quant Mid Cap Fund - Growth Option - Direct Plan,quant Mutual Fund
2025-11-12,240.8333,120841,quant Mid Cap Fund - Growth Option - Direct Plan,quant Mutual Fund
2025-11-13,240.6851,120841,quant Mid Cap Fund - Growth Option - Direct Plan,quant Mutual Fund
2025-11-14,240.1422,120841,quant Mid Cap Fund - Growth Option - Direct Plan,quant Mutual Fund
2025-11-17,242.3625,120841,quant Mid Cap Fund - Growth Option - Direct Plan,quant Mutual Fund
2025-11-18,241.3464,120841,quant Mid Cap Fund - Growth Option - Direct Plan,quant Mutual Fund
2025-11-19,241.8587,120841,quant Mid Cap Fund - Growth Option - Direct Plan,quant Mutual Fund
2025-11-20,242.1044,120841,quant Mid Cap Fund - Growth Option - Direct Plan,quant Mutual Fund
2025-11-21,240.214,120841,quant Mid Cap Fund - Growth Option - Direct Plan,quant Mutual Fund
2025-11-24,238.0858,120841,quant Mid Cap Fund - Growth Option - Direct Plan,quant Mutual Fund
2025-11-25,237.4439,120841,quant Mid Cap Fund - Growth Option - Direct Plan,quant Mutual Fund
2025-11-26,240.6092,120841,quant Mid Cap Fund - Growth Option - Direct Plan,quant Mutual Fund
2025-11-27,240.9565,120841,quant Mid Cap Fund - Growth Option - Direct Plan,quant Mutual Fund
2025-11-28,240.0428,120841,quant Mid Cap Fund - Growth Option - Direct Plan,quant Mutual Fund
2025-12-01,240.1195,120841,quant Mid Cap Fund - Growth Option - Direct Plan,quant Mutual Fund
2025-12-02,239.2874,120841,quant Mid Cap Fund - Growth Option - Direct Plan,quant Mutual Fund
2025-12-03,238.6028,120841,quant Mid Cap Fund - Growth Option - Direct Plan,quant Mutual Fund
2025-12-04,238.0141,120841,quant Mid Cap Fund - Growth Option - Direct Plan,quant Mutual Fund
2025-12-05,238.011,120841,quant Mid Cap Fund - Growth Option - Direct Plan,quant Mutual Fund
2025-12-08,234.3084,120841,quant Mid Cap Fund - Growth Option - Direct Plan,quant Mutual Fund
2025-12-09,234.7247,120841,quant Mid Cap Fund - Growth Option - Direct Plan,quant Mutual Fund
2025-12-10,234.2746,120841,quant Mid Cap Fund - Growth Option - Direct Plan,quant Mutual Fund
2025-12-11,236.1615,120841,quant Mid Cap Fund - Growth Option - Direct Plan,quant Mutual Fund
2025-12-12,238.1125,120841,quant Mid Cap Fund - Growth Option - Direct Plan,quant Mutual Fund
2025-12-15,238.3773,120841,quant Mid Cap Fund - Growth Option - Direct Plan,quant Mutual Fund
2025-12-16,235.7084,120841,quant Mid Cap Fund - Growth Option - Direct Plan,quant Mutual Fund
2025-12-17,234.3133,120841,quant Mid Cap Fund - Growth Option - Direct Plan,quant Mutual Fund
2025-12-18,234.7045,120841,quant Mid Cap Fund - Growth Option - Direct Plan,quant Mutual Fund
2025-12-19,236.9631,120841,quant Mid Cap Fund - Growth Option - Direct Plan,quant Mutual Fund
2025-12-22,238.0447,120841,quant Mid Cap Fund - Growth Option - Direct Plan,quant Mutual Fund
2025-12-23,238.7629,120841,quant Mid Cap Fund - Growth Option - Direct Plan,quant Mutual Fund
2025-12-24,237.653,120841,quant Mid Cap Fund - Growth Option - Direct Plan,quant Mutual Fund
2025-12-26,236.9848,120841,quant Mid Cap Fund - Growth Option - Direct Plan,quant Mutual Fund
2025-12-29,235.9854,120841,quant Mid Cap Fund - Growth Option - Direct Plan,quant Mutual Fund
2025-12-30,234.3754,120841,quant Mid Cap Fund - Growth Option - Direct Plan,quant Mutual Fund
2025-12-31,235.5063,120841,quant Mid Cap Fund - Growth Option - Direct Plan,quant Mutual Fund
2026-01-01,235.259,120841,quant Mid Cap Fund - Growth Option - Direct Plan,quant Mutual Fund
2026-01-02,236.4132,120841,quant Mid Cap Fund - Growth Option - Direct Plan,quant Mutual Fund
2026-01-05,234.5069,120841,quant Mid Cap Fund - Growth Option - Direct Plan,quant Mutual Fund
2026-01-06,233.0409,120841,quant Mid Cap Fund - Growth Option - Direct Plan,quant Mutual Fund
2026-01-07,233.3132,120841,quant Mid Cap Fund - Growth Option - Direct Plan,quant Mutual Fund
2026-01-08,229.2263,120841,quant Mid Cap Fund - Growth Option - Direct Plan,quant Mutual Fund
2026-01-09,227.0265,120841,quant Mid Cap Fund - Growth Option - Direct Plan,quant Mutual Fund
2026-01-12,226.2587,120841,quant Mid Cap Fund - Growth Option - Direct Plan,quant Mutual Fund
2026-01-13,225.4815,120841,quant Mid Cap Fund - Growth Option - Direct Plan,quant Mutual Fund
2026-01-14,225.3953,120841,quant Mid Cap Fund - Growth Option - Direct Plan,quant Mutual Fund
2026-01-16,224.9528,120841,quant Mid Cap Fund - Growth Option - Direct Plan,quant Mutual Fund
2026-01-19,224.6687,120841,quant Mid Cap Fund - Growth Option - Direct Plan,quant Mutual Fund
2026-01-20,220.3003,120841,quant Mid Cap Fund - Growth Option - Direct Plan,quant Mutual Fund
2026-01-21,216.4631,120841,quant Mid Cap Fund - Growth Option - Direct Plan,quant Mutual Fund
2026-01-22,218.2378,120841,quant Mid Cap Fund - Growth Option - Direct Plan,quant Mutual Fund
2026-01-23,214.913,120841,quant Mid Cap Fund - Growth Option - Direct Plan,quant Mutual Fund
2026-01-27,214.5324,120841,quant Mid Cap Fund - Growth Option - Direct Plan,quant Mutual Fund
2026-01-28,216.5481,120841,quant Mid Cap Fund - Growth Option - Direct Plan,quant Mutual Fund
2026-01-29,215.8206,120841,quant Mid Cap Fund - Growth Option - Direct Plan,quant Mutual Fund
2026-01-30,217.3627,120841,quant Mid Cap Fund - Growth Option - Direct Plan,quant Mutual Fund
2026-02-02,215.3687,120841,quant Mid Cap Fund - Growth Option - Direct Plan,quant Mutual Fund
2026-02-03,220.1536,120841,quant Mid Cap Fund - Growth Option - Direct Plan,quant Mutual Fund
2026-02-04,220.8543,120841,quant Mid Cap Fund - Growth Option - Direct Plan,quant Mutual Fund
2026-02-05,220.8275,120841,quant Mid Cap Fund - Growth Option - Direct Plan,quant Mutual Fund
2026-02-06,221.7398,120841,quant Mid Cap Fund - Growth Option - Direct Plan,quant Mutual Fund
2026-02-09,224.5198,120841,quant Mid Cap Fund - Growth Option - Direct Plan,quant Mutual Fund
2026-02-10,225.1996,120841,quant Mid Cap Fund - Growth Option - Direct Plan,quant Mutual Fund
2026-02-11,225.6929,120841,quant Mid Cap Fund - Growth Option - Direct Plan,quant Mutual Fund
2026-02-12,225.4245,120841,quant Mid Cap Fund - Growth Option - Direct Plan,quant Mutual Fund
2026-02-13,222.5748,120841,quant Mid Cap Fund - Growth Option - Direct Plan,quant Mutual Fund
2026-02-16,222.4954,120841,quant Mid Cap Fund - Growth Option - Direct Plan,quant Mutual Fund
2026-02-17,222.9773,120841,quant Mid Cap Fund - Growth Option - Direct Plan,quant Mutual Fund
2026-02-18,223.2608,120841,quant Mid Cap Fund - Growth Option - Direct Plan,quant Mutual Fund
2026-02-19,220.4132,120841,quant Mid Cap Fund - Growth Option - Direct Plan,quant Mutual Fund
2026-02-20,221.3408,120841,quant Mid Cap Fund - Growth Option - Direct Plan,quant Mutual Fund
2026-02-23,221.7051,120841,quant Mid Cap Fund - Growth Option - Direct Plan,quant Mutual Fund
2026-02-24,220.5605,120841,quant Mid Cap Fund - Growth Option - Direct Plan,quant Mutual Fund
2026-02-25,222.6482,120841,quant Mid Cap Fund - Growth Option - Direct Plan,quant Mutual Fund
2026-02-26,223.828,120841,quant Mid Cap Fund - Growth Option - Direct Plan,quant Mutual Fund
2026-02-27,221.2108,120841,quant Mid Cap Fund - Growth Option - Direct Plan,quant Mutual Fund
2026-03-02,217.4449,120841,quant Mid Cap Fund - Growth Option - Direct Plan,quant Mutual Fund
2026-03-04,213.8632,120841,quant Mid Cap Fund - Growth Option - Direct Plan,quant Mutual Fund
2026-03-05,216.0433,120841,quant Mid Cap Fund - Growth Option - Direct Plan,quant Mutual Fund
2026-03-06,215.1244,120841,quant Mid Cap Fund - Growth Option - Direct Plan,quant Mutual Fund
2026-03-09,213.7211,120841,quant Mid Cap Fund - Growth Option - Direct Plan,quant Mutual Fund
2026-03-10,217.2151,120841,quant Mid Cap Fund - Growth Option - Direct Plan,quant Mutual Fund
2026-03-11,217.2638,120841,quant Mid Cap Fund - Growth Option - Direct Plan,quant Mutual Fund
2026-03-12,216.8313,120841,quant Mid Cap Fund - Growth Option - Direct Plan,quant Mutual Fund
2026-03-13,212.7884,120841,quant Mid Cap Fund - Growth Option - Direct Plan,quant Mutual Fund
2026-03-16,213.4091,120841,quant Mid Cap Fund - Growth Option - Direct Plan,quant Mutual Fund
2026-03-17,215.8723,120841,quant Mid Cap Fund - Growth Option - Direct Plan,quant Mutual Fund
2026-03-18,219.4077,120841,quant Mid Cap Fund - Growth Option - Direct Plan,quant Mutual Fund
2026-03-19,214.0899,120841,quant Mid Cap Fund - Growth Option - Direct Plan,quant Mutual Fund
2026-03-20,215.8819,120841,quant Mid Cap Fund - Growth Option - Direct Plan,quant Mutual Fund
2026-03-23,210.115,120841,quant Mid Cap Fund - Growth Option - Direct Plan,quant Mutual Fund
2026-03-24,214.9164,120841,quant Mid Cap Fund - Growth Option - Direct Plan,quant Mutual Fund
2026-03-25,218.6866,120841,quant Mid Cap Fund - Growth Option - Direct Plan,quant Mutual Fund
2026-03-27,215.979,120841,quant Mid Cap Fund - Growth Option - Direct Plan,quant Mutual Fund
2026-03-30,212.3561,120841,quant Mid Cap Fund - Growth Option - Direct Plan,quant Mutual Fund
2026-03-31,212.3571,120841,quant Mid Cap Fund - Growth Option - Direct Plan,quant Mutual Fund
2026-04-01,216.7627,120841,quant Mid Cap Fund - Growth Option - Direct Plan,quant Mutual Fund
2026-04-02,216.2795,120841,quant Mid Cap Fund - Growth Option - Direct Plan,quant Mutual Fund
2026-04-06,217.6413,120841,quant Mid Cap Fund - Growth Option - Direct Plan,quant Mutual Fund
2026-04-07,217.9604,120841,quant Mid Cap Fund - Growth Option - Direct Plan,quant Mutual Fund
2026-04-08,224.5909,120841,quant Mid Cap Fund - Growth Option - Direct Plan,quant Mutual Fund
2026-04-09,224.6235,120841,quant Mid Cap Fund - Growth Option - Direct Plan,quant Mutual Fund
2026-04-10,228.6993,120841,quant Mid Cap Fund - Growth Option - Direct Plan,quant Mutual Fund
2026-04-13,226.9809,120841,quant Mid Cap Fund - Growth Option - Direct Plan,quant Mutual Fund
2026-04-15,231.5434,120841,quant Mid Cap Fund - Growth Option - Direct Plan,quant Mutual Fund
2026-04-16,233.318,120841,quant Mid Cap Fund - Growth Option - Direct Plan,quant Mutual Fund
2026-04-17,236.2133,120841,quant Mid Cap Fund - Growth Option - Direct Plan,quant Mutual Fund
2026-04-20,235.1961,120841,quant Mid Cap Fund - Growth Option - Direct Plan,quant Mutual Fund
2026-04-21,236.4598,120841,quant Mid Cap Fund - Growth Option - Direct Plan,quant Mutual Fund
2026-04-22,238.5702,120841,quant Mid Cap Fund - Growth Option - Direct Plan,quant Mutual Fund
2026-04-23,239.7583,120841,quant Mid Cap Fund - Growth Option - Direct Plan,quant Mutual Fund
2026-04-24,238.1456,120841,quant Mid Cap Fund - Growth Option - Direct Plan,quant Mutual Fund
2026-04-27,241.2517,120841,quant Mid Cap Fund - Growth Option - Direct Plan,quant Mutual Fund
2026-04-28,242.6241,120841,quant Mid Cap Fund - Growth Option - Direct Plan,quant Mutual Fund
2026-04-29,242.345,120841,quant Mid Cap Fund - Growth Option - Direct Plan,quant Mutual Fund
2026-04-30,240.5353,120841,quant Mid Cap Fund - Growth Option - Direct Plan,quant Mutual Fund
2026-05-04,242.7655,120841,quant Mid Cap Fund - Growth Option - Direct Plan,quant Mutual Fund
2026-05-05,242.9594,120841,quant Mid Cap Fund - Growth Option - Direct Plan,quant Mutual Fund
2026-05-06,245.3878,120841,quant Mid Cap Fund - Growth Option - Direct Plan,quant Mutual Fund
2026-05-07,245.6055,120841,quant Mid Cap Fund - Growth Option - Direct Plan,quant Mutual Fund
2026-05-08,244.6201,120841,quant Mid Cap Fund - Growth Option - Direct Plan,quant Mutual Fund
2026-05-11,242.7219,120841,quant Mid Cap Fund - Growth Option - Direct Plan,quant Mutual Fund
2026-05-12,238.1528,120841,quant Mid Cap Fund - Growth Option - Direct Plan,quant Mutual Fund
2026-05-13,240.0746,120841,quant Mid Cap Fund - Growth Option - Direct Plan,quant Mutual Fund
2026-05-14,243.5314,120841,quant Mid Cap Fund - Growth Option - Direct Plan,quant Mutual Fund
2026-05-15,242.0952,120841,quant Mid Cap Fund - Growth Option - Direct Plan,quant Mutual Fund
2026-05-18,241.2615,120841,quant Mid Cap Fund - Growth Option - Direct Plan,quant Mutual Fund
2026-05-19,241.6771,120841,quant Mid Cap Fund - Growth Option - Direct Plan,quant Mutual Fund
2026-05-20,244.7199,120841,quant Mid Cap Fund - Growth Option - Direct Plan,quant Mutual Fund
2026-05-21,248.8853,120841,quant Mid Cap Fund - Growth Option - Direct Plan,quant Mutual Fund
2026-05-22,247.8039,120841,quant Mid Cap Fund - Growth Option - Direct Plan,quant Mutual Fund
2026-05-25,249.2266,120841,quant Mid Cap Fund - Growth Option - Direct Plan,quant Mutual Fund
2026-05-26,251.2702,120841,quant Mid Cap Fund - Growth Option - Direct Plan,quant Mutual Fund
2026-05-27,251.2273,120841,quant Mid Cap Fund - Growth Option - Direct Plan,quant Mutual Fund
2026-05-29,248.6673,120841,quant Mid Cap Fund - Growth Option - Direct Plan,quant Mutual Fund
2026-06-01,246.9814,120841,quant Mid Cap Fund - Growth Option - Direct Plan,quant Mutual Fund
2026-06-02,246.8566,120841,quant Mid Cap Fund - Growth Option - Direct Plan,quant Mutual Fund
2026-06-03,245.6593,120841,quant Mid Cap Fund - Growth Option - Direct Plan,quant Mutual Fund
2026-06-04,246.0784,120841,quant Mid Cap Fund - Growth Option - Direct Plan,quant Mutual Fund
2026-06-05,246.0878,120841,quant Mid Cap Fund - Growth Option - Direct Plan,quant Mutual Fund
2026-06-08,242.1594,120841,quant Mid Cap Fund - Growth Option - Direct Plan,quant Mutual Fund
2026-06-09,244.2347,120841,quant Mid Cap Fund - Growth Option - Direct Plan,quant Mutual Fund
2026-06-10,241.9186,120841,quant Mid Cap Fund - Growth Option - Direct Plan,quant Mutual Fund
2026-06-11,240.5886,120841,quant Mid Cap Fund - Growth Option - Direct Plan,quant Mutual Fund
2026-06-12,244.7205,120841,quant Mid Cap Fund - Growth Option - Direct Plan,quant Mutual Fund
2026-06-15,244.629,120841,quant Mid Cap Fund - Growth Option - Direct Plan,quant Mutual Fund
2026-06-16,245.2402,120841,quant Mid Cap Fund - Growth Option - Direct Plan,quant Mutual Fund
2026-06-17,246.3925,120841,quant Mid Cap Fund - Growth Option - Direct Plan,quant Mutual Fund
2026-06-18,249.1553,120841,quant Mid Cap Fund - Growth Option - Direct Plan,quant Mutual Fund
2026-06-19,251.5713,120841,quant Mid Cap Fund - Growth Option - Direct Plan,quant Mutual Fund
2026-06-22,252.0694,120841,quant Mid Cap Fund - Growth Option - Direct Plan,quant Mutual Fund
2026-06-23,249.9814,120841,quant Mid Cap Fund - Growth Option - Direct Plan,quant Mutual Fund
